fid,districtID,districtID_old,nameID,district_en,provinceID,province_bahasa,province_en,islandID,island_bahasa,island_en,district_bahasa,gdp_2010,gdp_2011,gdp_2012,gdp_2013,gdp_2014,gdp_2015,gdp_2016,gdp_2017,gdp_2018,gdp_2019,gdp_2020,gdp_2021,gdp_2022,gdp_2023,gdp_2024,gdp_2025
1,1101,1101,simeulue,Simeulue,11,Aceh,Aceh,1,Sumatera,Sumatera,Simeulue,1078.22,1122.21,1180.15,1235.54,1289.1,1344.66,1405.84,1467.98,1530.15,1600.52,1602.41,1657.03,1726.61,1806.62,1886.61,1958.5
2,1102,1102,acehsingkil,Aceh Singkil,11,Aceh,Aceh,1,Sumatera,Sumatera,Aceh Singkil,1211.05,1263.09,1315.93,1374.98,1426.08,1479.14,1540.65,1600.98,1664.74,1731.17,1713.66,1780.42,1844.65,1909.66,1975.75,2043.19
3,1103,1103,acehselatan,South Aceh,11,Aceh,Aceh,1,Sumatera,Sumatera,Aceh Selatan,2830.61,2953.61,3115.6,3281.36,3429.43,3574.59,3740.29,3887.22,4063.41,4243.4,4241.41,4345.78,4480.84,4639.2,4788.29,4931.74
4,1104,1104,acehtenggara,Southeast Aceh,11,Aceh,Aceh,1,Sumatera,Sumatera,Aceh Tenggara,2337.74,2464.46,2578.09,2704.18,2807.99,2921.13,3044.88,3197.95,3302.24,3442.06,3436.34,3490.16,3584.21,3693.26,3825.99,3939.45
5,1105,1105,acehtimur,East Aceh,11,Aceh,Aceh,1,Sumatera,Sumatera,Aceh Timur,7290.04,7479.29,7677.93,7761.22,7721.42,7259.93,7175.79,7487.53,7802.17,8146.98,8272.64,8433.53,8748.42,8931.14,9344.83,9466.19
6,1106,1106,acehtengah,Central Aceh,11,Aceh,Aceh,1,Sumatera,Sumatera,Aceh Tengah,3970.99,4166.9,4347.74,4584.21,4770.08,4972.05,5200.04,5410.44,5638.96,5836.85,5767.95,5958.12,6252.07,6602.15,6931.25,7139.99
7,1107,1107,acehbarat,West Aceh,11,Aceh,Aceh,1,Sumatera,Sumatera,Aceh Barat,4462.05,4569.07,4594.54,4773.67,4933.84,5160.04,5310.7,6013.22,6622.96,6953.36,7084.15,7498.18,7744,8060.2,8682.52,9068.13
8,1108,1108,acehbesar,Aceh Besar,11,Aceh,Aceh,1,Sumatera,Sumatera,Aceh Besar,7081.87,7265.11,7549.1,7863.47,8184.46,8513.24,8858.44,9213.4,9561.64,9977.74,10016.81,10261.59,10658.63,11124.02,11675.2,12020.56
9,1109,1109,pidie,Pidie,11,Aceh,Aceh,1,Sumatera,Sumatera,Pidie,5329.05,5550.23,5801.22,6046.95,6290.58,6594.09,6849.96,7152.96,7450.41,7780.36,7770.64,7975.1,8292.69,8619.88,8977.21,9245.75
10,1110,1110,bireuen,Bireuen,11,Aceh,Aceh,1,Sumatera,Sumatera,Bireuen,7126.51,7397.63,7689.71,7999.5,8171.31,8481.9,8824.94,9197.93,9586.14,10065.43,9962.58,10369.98,10821.13,11295.41,11806.51,12191.19
11,1111,1111,acehutara,North Aceh,11,Aceh,Aceh,1,Sumatera,Sumatera,Aceh Utara,17200.43,17867.55,18151.77,17836.61,17195.55,15184.78,15195.57,15544.94,16286.46,16852.7,17017.45,16926.1,17720.06,17810.96,18464.79,18650.83
12,1112,1112,acehbaratdaya,Southwest Aceh,11,Aceh,Aceh,1,Sumatera,Sumatera,Aceh Barat Daya,2236.93,2303.13,2347.15,2401.9,2428.32,2509.31,2623.75,2740.78,2867.19,3003.27,2983.76,3069.8,3188.66,3313.73,3454.39,3596.03
13,1113,1113,gayolues,Gayo Lues,11,Aceh,Aceh,1,Sumatera,Sumatera,Gayo Lues,1389.54,1452.76,1531.66,1590.76,1652.37,1717.27,1788.14,1872.23,1896.15,1920.01,1936.87,1981.88,2051.53,2133.2,2202.73,2248.44
14,1114,1114,acehtamiang,Aceh Tamiang,11,Aceh,Aceh,1,Sumatera,Sumatera,Aceh Tamiang,4406.76,4474.08,4651.2,4885.62,5002.82,5134.53,5279.64,5491.01,5724.23,5984.42,6009.37,6062.52,6260.93,6402.01,6684.88,6748.29
15,1115,1115,naganraya,Nagan Raya,11,Aceh,Aceh,1,Sumatera,Sumatera,Nagan Raya,4573.88,4693.59,4867.31,5032.7,5204.81,5422.07,5641.78,5864.58,6116.41,6530.5,6749.95,7037.42,7260.23,7756.04,8095.62,8422.99
16,1116,1116,acehjaya,Aceh Jaya,11,Aceh,Aceh,1,Sumatera,Sumatera,Aceh Jaya,1422.99,1482.24,1541.27,1590.57,1649.33,1710.45,1777,1848.15,1922.74,1994.91,1982.45,2033.84,2108.6,2196.08,2280.16,2352.07
17,1117,1117,benermeriah,Bener Meriah,11,Aceh,Aceh,1,Sumatera,Sumatera,Bener Meriah,2420.61,2528.78,2661.12,2804.61,2929.39,3070.58,3206.52,3337.61,3476.51,3626.65,3629.87,3754.09,3882.43,4085.23,4218.99,4319.32
18,1118,1118,pidiejaya,Pidie Jaya,11,Aceh,Aceh,1,Sumatera,Sumatera,Pidie Jaya,1765.9,1838.92,1918.49,2005.78,2078.51,2179.21,2259.85,2390.84,2501.51,2603.59,2583.13,2635.52,2729.56,2845.17,2974.56,3051.61
19,1171,1171,kotabandaaceh,Banda Aceh City,11,Aceh,Aceh,1,Sumatera,Sumatera,Kota Banda Aceh,10062.08,10518.85,11079.68,11597.23,12118.53,12724.95,13480.11,13937.1,14556.92,15157.98,14644.29,15449.9,16257.33,17079.85,18117.78,18975.8
20,1172,1172,kotasabang,Sabang City,11,Aceh,Aceh,1,Sumatera,Sumatera,Kota Sabang,745.86,774.47,806.88,841.01,875.12,912.99,957.29,1015.38,1075.03,1137.56,1122.89,1152.87,1182.51,1217.54,1268.22,1314.89
21,1173,1173,kotalangsa,Langsa City,11,Aceh,Aceh,1,Sumatera,Sumatera,Kota Langsa,2609.19,2722.52,2851.12,2981.53,3107.82,3244.67,3390.39,3540.72,3694.09,3856.22,3813.19,3962.71,4151.97,4326.98,4518.85,4643.51
22,1174,1174,kotalhokseumawe,Lhokseumawe City,11,Aceh,Aceh,1,Sumatera,Sumatera,Kota Lhokseumawe,9091.25,8873.69,8980.38,8878.22,8222.33,6550.15,6450.41,6591.66,6840.71,7112.68,6984.71,7252.9,7543.74,7861.01,8211.43,8489.95
23,1175,1175,kotasubulussalam,Subulussalam City,11,Aceh,Aceh,1,Sumatera,Sumatera,Kota Subulussalam,901.69,940.71,984.71,1033.53,1086.36,1134.38,1187.58,1246.12,1301.18,1358.69,1385.41,1439,1498.3,1559.06,1623.25,1685.68
24,1201,1201,nias,Nias,12,Sumatera Utara,North Sumatera,1,Sumatera,Sumatera,Nias,1562.12,1671.21,1776.05,1888.76,1997.75,2108.04,2214.15,2325.01,2440.16,2563.03,2609.14,2666.86,2748.38,2853.24,2964.34,3072.05
25,1202,1202,mandailingnatal,Mandailing Natal,12,Sumatera Utara,North Sumatera,1,Sumatera,Sumatera,Mandailing Natal,5508.5,5844.31,6210.82,6606.44,7034.93,7471.72,7933.13,8416.5,8904.14,9376.46,9288.65,9585.9,10001.97,10494.85,11001.61,11483.68
26,1203,1203,tapanuliselatan,South Tapanuli,12,Sumatera Utara,North Sumatera,1,Sumatera,Sumatera,Tapanuli Selatan,5302.51,5637.99,6150.5,7222.61,7543.28,7910.01,8314.69,8748.18,9201.96,9683.66,9721.77,10036.71,10516.04,11053.87,11620.33,12129.95
27,1204,1204,tapanulitengah,Central Tapanuli,12,Sumatera Utara,North Sumatera,1,Sumatera,Sumatera,Tapanuli Tengah,4474.32,4702.52,4943.04,5199.02,5460.85,5738.32,6032.21,6348.44,6678.25,7024.15,6970.58,7149.28,7447.83,7762.58,8084.42,8347.56
28,1205,1205,tapanuliutara,North Tapanuli,12,Sumatera Utara,North Sumatera,1,Sumatera,Sumatera,Tapanuli Utara,3831.82,4002.4,4198.63,4419.78,4642.33,4869.48,5070.19,5280.69,5510.19,5764.94,5851.4,6058.35,6315.72,6615.95,6931.24,7248.51
29,1206,1206,tobasamosir,Toba Samosir,12,Sumatera Utara,North Sumatera,1,Sumatera,Sumatera,Toba Samosir,3633.73,3792.7,3985.21,4178.5,4355.42,4551.51,4767.98,5001.43,5249.25,5503.76,5488.92,5649.1,5888.38,6178.95,6478.13,6743.59
30,1207,1207,labuhanbatu,Labuhan Batu,12,Sumatera Utara,North Sumatera,1,Sumatera,Sumatera,Labuhan Batu,14526.19,15355.41,16289.98,17263.41,18165.1,19080.99,20046.02,21048.17,22112.34,23232.71,23252.75,24147.56,25305.99,26579.28,27924.86,29092.77
31,1208,1208,asahan,Asahan,12,Sumatera Utara,North Sumatera,1,Sumatera,Sumatera,Asahan,16076.73,16939.7,17872.41,18892.62,20003.08,21116.72,22302.7,23525.35,24844.87,26245.24,26299.57,27279.59,28550.81,29941.33,31341.3,32783.93
32,1209,1209,simalungun,Simalungun,12,Sumatera Utara,North Sumatera,1,Sumatera,Sumatera,Simalungun,17011.37,18024.8,19117.54,20122.01,21194.28,22304.11,23508.97,24715.67,25996.21,27348.7,27625.7,28648.78,29990.35,31510.63,33052.35,34616.99
33,1210,1210,dairi,Dairi,12,Sumatera Utara,North Sumatera,1,Sumatera,Sumatera,Dairi,4238.25,4447.09,4671,4906.86,5153.83,5413.75,5688.45,5968.81,6267.82,6569.81,6508.05,6641.67,6921.48,7270.26,7631.31,7976.35
34,1211,1211,karo,Karo,12,Sumatera Utara,North Sumatera,1,Sumatera,Sumatera,Karo,9231.18,9761.55,10258.34,10765.99,11314.39,11880.93,12494.87,13145.85,13744.17,14376.28,14261.47,14582.33,15197.52,15966.67,16641.17,17345.36
35,1212,1212,deliserdang,Deli Serdang,12,Sumatera Utara,North Sumatera,1,Sumatera,Sumatera,Deli Serdang,43040.01,45257.73,47513.87,51896.06,55790.75,58713.67,61839.67,64991.87,68341,71878.69,70596.83,72173.62,75568.66,79603.68,83868.36,87683.33
36,1213,1213,langkat,Langkat,12,Sumatera Utara,North Sumatera,1,Sumatera,Sumatera,Langkat,18386,19594.74,20858.68,22029.48,23157.12,24321.61,25533.81,26822.6,28170.08,29597.77,29343.26,30247.39,31665.48,33225.11,34880.49,36311.27
37,1214,1214,niasselatan,South Nias,12,Sumatera Utara,North Sumatera,1,Sumatera,Sumatera,Nias Selatan,2802.77,2923.11,3074.46,3217.4,3356.39,3505.19,3659.77,3826.62,4018.74,4221.04,4246.83,4332.63,4466.09,4629.3,4806.33,4952.27
38,1215,1215,humbanghasundutan,Humbang Hasundutan,12,Sumatera Utara,North Sumatera,1,Sumatera,Sumatera,Humbang Hasundutan,2652.19,2762.13,2918.18,3085.2,3256.19,3406.8,3577.05,3756.66,3946.12,4141.1,4135.6,4219.14,4396.56,4589.13,4808.86,4991.83
39,1216,1216,pakpakbharat,Pakpak Bharat,12,Sumatera Utara,North Sumatera,1,Sumatera,Sumatera,Pakpak Bharat,506.99,537.57,569.86,603.55,639.39,677.43,717.89,760.55,805.01,852.3,850.79,872.4,909.62,956.01,1003.95,1058.92
40,1217,1217,samosir,Samosir,12,Sumatera Utara,North Sumatera,1,Sumatera,Sumatera,Samosir,1887.72,1985.57,2105.65,2234.09,2367.1,2503.78,2635.77,2776.85,2931.7,3098.74,3080.43,3162.1,3303.86,3470.05,3644.15,3794.86
41,1218,1218,serdangbedagai,Serdang Bedagai,12,Sumatera Utara,North Sumatera,1,Sumatera,Sumatera,Serdang Bedagai,12049.46,12780.06,13558.85,14345.76,15080.38,15841.95,16656.17,17516.43,18421.38,19393.39,19308.46,19863.24,20749.07,21792.07,22883.58,24043.8
42,1219,1219,batubara,Batu Bara,12,Sumatera Utara,North Sumatera,1,Sumatera,Sumatera,Batu Bara,16121.04,16946.46,17916.36,18674.62,19458.33,20264.82,21165.04,22034.26,22998.6,23998.59,23923.64,24486.06,25482.21,26522.68,27614.17,28549.99
43,1220,1220,padanglawasutara,North Padang Lawas,12,Sumatera Utara,North Sumatera,1,Sumatera,Sumatera,Padang Lawas Utara,4865.14,5199.65,5531.49,5871.51,6228.35,6598.6,6991.66,7378.98,7791.05,8228.45,8322.51,8593.64,8947.63,9387.45,9855.95,10276.52
44,1221,1221,padanglawas,Padang Lawas,12,Sumatera Utara,North Sumatera,1,Sumatera,Sumatera,Padang Lawas,4730.4,5020.06,5332.02,5659.62,5997.31,6341.53,6725.98,7110.25,7534.3,7959.31,8053.5,8362.13,8747.96,9197.63,9659.72,10064.06
45,1222,1222,labuhanbatuselatan,South Labuhanbatu,12,Sumatera Utara,North Sumatera,1,Sumatera,Sumatera,Labuhan Batu Selatan,11554.52,12249.54,13024.49,13812.09,14546.12,15294.51,16088.42,16907.59,17797.95,18750.16,18899.31,19620.41,20549.86,21565.33,22619.57,23682.47
46,1223,1223,labuhanbatuutara,North Labuhanbatu,12,Sumatera Utara,North Sumatera,1,Sumatera,Sumatera,Labuhan Batu Utara,10567.66,11262.26,11978.44,12729.04,13414.53,14109.37,14843.99,15602.05,16413.33,17259.19,17306.59,17969.26,18799.03,19693.28,20527.76,21378.55
47,1224,1224,niasutara,North Nias,12,Sumatera Utara,North Sumatera,1,Sumatera,Sumatera,Nias Utara,1451.67,1549.73,1645.93,1750.25,1853.28,1954.12,2043.91,2134.49,2228.75,2332.44,2369.36,2417.2,2490.49,2584.78,2678.92,2769.93
48,1225,1225,niasbarat,West Nias,12,Sumatera Utara,North Sumatera,1,Sumatera,Sumatera,Nias Barat,777.77,823.94,877.93,923.29,973.76,1024.93,1074.48,1126.19,1179.91,1236.73,1257.28,1285.7,1324.42,1373.71,1427.11,1458.9
49,1271,1271,kotasibolga,Sibolga City,12,Sumatera Utara,North Sumatera,1,Sumatera,Sumatera,Kota Sibolga,2201.1,2324.88,2458.5,2605.01,2757.27,2913.17,3063.07,3224.58,3393.91,3570.33,3521.72,3595.7,3745.07,3902.42,4055.3,4178
50,1272,1272,kotatanjungbalai,Tanjung Balai City,12,Sumatera Utara,North Sumatera,1,Sumatera,Sumatera,Kota Tanjung Balai,3480.52,3689.9,3919.55,4152.39,4392.58,4637.21,4904.54,5174.85,5473.63,5790.37,5763.21,5898.81,6131.04,6428.77,6744.35,7065.41
51,1273,1273,kotapematangsiantar,Pematang Siantar City,12,Sumatera Utara,North Sumatera,1,Sumatera,Sumatera,Kota Pematang Siantar,5929.88,6333.31,6753.56,7141.86,7594.43,7992.37,8380.77,8750.15,9170.19,9611.74,9430.04,9547.7,9878.87,10295.84,10769.97,11210.47
52,1274,1274,kotatebingtinggi,Tebing Tinggi City,12,Sumatera Utara,North Sumatera,1,Sumatera,Sumatera,Kota Tebing Tinggi,2456.99,2608.86,2758.87,2924.75,3084.17,3235.3,3400.75,3575.51,3760.5,3954.03,3926.39,4024.78,4186.31,4352.75,4499.55,4637.74
53,1275,1275,kotamedan,Medan City,12,Sumatera Utara,North Sumatera,1,Sumatera,Sumatera,Kota Medan,90615.46,97675.58,105162,110795.42,117525.06,124269.93,132062.86,139739.34,148007.14,156780.58,153669.95,157689.37,165120.01,173445.69,182242.59,191540.51
54,1276,1276,kotabinjai,Binjai City,12,Sumatera Utara,North Sumatera,1,Sumatera,Sumatera,Kota Binjai,4960.42,5236.28,5553.63,5890.97,6234.29,6571.2,6935.55,7309.57,7708.59,8133.54,7984.46,8162.78,8503.58,8907.14,9322.08,9741.6
55,1277,1277,kotapadangsidimpuan,Padangsidempuan City,12,Sumatera Utara,North Sumatera,1,Sumatera,Sumatera,Kota Padangsidimpuan,2634.12,2788.16,2952.72,3124.02,3287.39,3454.24,3636.87,3830.32,4038.93,4261.32,4230.41,4346.78,4554.02,4785.66,5025.22,5267.67
56,1278,1278,kotagunungsitoli,Gunungsitoli City,12,Sumatera Utara,North Sumatera,1,Sumatera,Sumatera,Kota Gunungsitoli,2016.68,2143.6,2276.15,2417.72,2564.37,2712.86,2876.34,3049.12,3232.97,3428.45,3441.65,3519.13,3628.53,3762.59,3906.89,4040.87
57,1301,1301,kepulauanmentawai,Mentawai Islands,13,Sumatera Barat,West Sumatera,1,Sumatera,Sumatera,Kepulauan Mentawai,1905.95,2006.55,2114.32,2236.27,2360.75,2483.57,2608.13,2741.55,2875.66,3011.72,2956.01,3040.97,3191.3,3320.15,3451.93,3553.01
58,1302,1302,pesisirselatan,South Pesisir,13,Sumatera Barat,West Sumatera,1,Sumatera,Sumatera,Pesisir Selatan,5894.43,6234.82,6597.45,6986.97,7392.54,7816.21,8232.59,8678.05,9139.97,9576.66,9470.78,9788.46,10181.47,10608.29,11015.21,11413.66
59,1303,1303,solok,Solok,13,Sumatera Barat,West Sumatera,1,Sumatera,Sumatera,Solok,6173.86,6445.68,6859.96,7245.94,7665.5,8082.58,8511.65,8964.87,9430.22,9905.6,9792.92,10114.58,10547.97,11008.01,11437.87,11783.72
60,1304,1304,sijunjung,Sijunjung,13,Sumatera Barat,West Sumatera,1,Sumatera,Sumatera,Sijunjung,4133.56,4386.27,4656.08,4941.94,5239.42,5537.78,5829.04,6135.76,6446.99,6757.04,6683.02,6892.61,7163.43,7468.6,7758.79,8023.17
61,1305,1305,tanahdatar,Tanah Datar,13,Sumatera Barat,West Sumatera,1,Sumatera,Sumatera,Tanah Datar,6034.24,6386.57,6744.76,7139.45,7552.75,7955.07,8355.07,8782.1,9224.52,9684.47,9575.9,9889.46,10300.93,10757.91,11172.45,11469.68
62,1306,1306,padangpariaman,Padang Pariaman,13,Sumatera Barat,West Sumatera,1,Sumatera,Sumatera,Padang Pariaman,8269.85,8754.04,9273.83,9848.85,10444.26,11085.45,11697.04,12350.19,13021.89,13334.92,11939.48,12195.75,13029.17,13740.82,14369.24,14624.32
63,1307,1307,agam,Agam,13,Sumatera Barat,West Sumatera,1,Sumatera,Sumatera,Agam,8918.88,9454.74,10038.75,10656.54,11287.82,11911.29,12567.02,13249.25,13942.52,14608.89,14409.17,14942.56,15572.21,16275.98,16946.6,17458.34
64,1308,1308,limapuluhkota,Lima Puluh Kota,13,Sumatera Barat,West Sumatera,1,Sumatera,Sumatera,Lima Puluh Kota,6785.54,7230.37,7675.03,8152.91,8640.82,9125.38,9611.26,10123.65,10653.26,11192.42,11062.32,11430.81,11890.13,12430.83,12932,13379.75
65,1309,1309,pasaman,Pasaman,13,Sumatera Barat,West Sumatera,1,Sumatera,Sumatera,Pasaman,3858,4064.88,4308.99,4559.63,4827.49,5085.32,5342.9,5614.28,5893.34,6176.33,6122.76,6327.97,6586.26,6876.87,7148.27,7401.85
66,1310,1310,solokselatan,South Solok,13,Sumatera Barat,West Sumatera,1,Sumatera,Sumatera,Solok Selatan,2465.19,2602.65,2759.9,2929.01,3101.95,3267.81,3435.7,3612.64,3793.19,3977.41,3928.03,4058.51,4221.15,4414.12,4594.77,4773.54
67,1311,1311,dharmasraya,Dharmasraya,13,Sumatera Barat,West Sumatera,1,Sumatera,Sumatera,Dharmasraya,4542.6,4840.43,5140.2,5474.9,5821.73,6156.75,6490.29,6843.18,7204.47,7560.32,7454.97,7708.75,8037.79,8387.15,8711.16,9044.81
68,1312,1312,pasamanbarat,West Pasaman,13,Sumatera Barat,West Sumatera,1,Sumatera,Sumatera,Pasaman Barat,6939.84,7379.22,7846.46,8348.9,8853.52,9357.82,9857.62,10384.39,10925.63,11411.83,11258.35,11675.98,12158.62,12684.89,13202.35,13715.86
69,1371,1371,kotapadang,Padang City,13,Sumatera Barat,West Sumatera,1,Sumatera,Sumatera,Kota Padang,25819.75,27427.38,29115.68,31054.5,33061.95,35180.55,37350.2,39675.73,42081.54,44456.79,43631.94,45226.64,47175.95,49316.19,51611.55,53545.34
70,1372,1372,kotasolok,Solok City,13,Sumatera Barat,West Sumatera,1,Sumatera,Sumatera,Kota Solok,1690.85,1807.54,1929.71,2053.9,2177.37,2307.25,2440.13,2580.78,2726.71,2876.46,2835.75,2936.55,3071.58,3219.31,3365.78,3487.18
71,1373,1373,kotasawahlunto,Sawahlunto City,13,Sumatera Barat,West Sumatera,1,Sumatera,Sumatera,Kota Sawah Lunto,1695.47,1787.81,1886.63,2001.85,2123.64,2251.78,2380.52,2517.15,2655.62,2796.54,2760.92,2829.35,2941.27,3072.35,3195.86,3305.51
72,1374,1374,kotapadangpanjang,Padang Panjang City,13,Sumatera Barat,West Sumatera,1,Sumatera,Sumatera,Kota Padang Panjang,1535.88,1632.85,1730.28,1839.18,1951,2066.25,2186.01,2312.71,2444.77,2580.6,2543.4,2631.38,2746.84,2879.85,3009.93,3118.59
73,1375,1375,kotabukittinggi,Bukittinggi City,13,Sumatera Barat,West Sumatera,1,Sumatera,Sumatera,Kota Bukittinggi,3598.8,3819.05,4069.02,4324.42,4592.48,4874.25,5168.98,5483.4,5812.39,6152.08,6045.09,6263.04,6555.33,6869.4,7180.21,7435.72
74,1376,1376,kotapayakumbuh,Payakumbuh City,13,Sumatera Barat,West Sumatera,1,Sumatera,Sumatera,Kota Payakumbuh,2585.84,2764.52,2947.64,3140.91,3344.17,3551.23,3767.27,3997.85,4238.66,4488.21,4414.29,4572.19,4778.35,5002.7,5229.45,5414.98
75,1377,1377,kotapariaman,Pariaman City,13,Sumatera Barat,West Sumatera,1,Sumatera,Sumatera,Kota Pariaman,2169.21,2297.96,2438.85,2586.7,2741.54,2900.33,3062.31,3234.23,3411.29,3592.02,3544.66,3668.98,3835.25,4018.87,4200.08,4345.4
76,1401,1401,kuantansingingi,Kuantan Singingi,14,Riau,Riau,1,Sumatera,Sumatera,Kuantan Singingi,16614.47,17307.01,18333.2,19336.93,20331.15,19896.35,20669.8,21574.02,22579.12,23613.56,23853.04,24747.63,25923.73,26667.59,27498.98,28958.89
77,1402,1402,indragirihulu,Indragiri Hulu,14,Riau,Riau,1,Sumatera,Sumatera,Indragiri Hulu,20782.75,21874.12,23708.46,25180.13,26571.9,25791.53,26742.94,27807.31,28778.04,29866.43,29831.96,31102.98,32543.67,33971.01,35243.19,36957.91
78,1403,1403,indragirihilir,Indragiri Hilir,14,Riau,Riau,1,Sumatera,Sumatera,Indragiri Hilir,28057.94,30066.53,32444.46,34769.51,37160.8,37923.47,39697.57,41491.37,42988.74,44774.87,44967.54,46950.37,49416.95,50985.02,52563.59,54768.66
79,1404,1404,pelalawan,Pelalawan,14,Riau,Riau,1,Sumatera,Sumatera,Pelalawan,23797.16,25161.1,25920.88,27360.64,29058.31,29774.3,30654.22,31899.18,33056.06,34338.55,35110.42,36538.81,38141.09,39930.86,41670.21,43736.92
80,1405,1405,siak,Siak,14,Riau,Riau,1,Sumatera,Sumatera,Siak,52420.35,52146.93,53226.8,51987.67,51485.18,51379.3,51557.22,52029.65,52595.33,53366.53,53311.01,54543.29,56605.99,59070.04,61651.5,65273.26
81,1406,1406,kampar,Kampar,14,Riau,Riau,1,Sumatera,Sumatera,Kampar,37822.02,39378.31,41668.55,44297.58,45816.47,46314.07,47610.21,49022.01,49958.84,51888.83,51419.3,53193.86,55765.14,58116.51,59695.1,62694.13
82,1407,1407,rokanhulu,Rokan Hulu,14,Riau,Riau,1,Sumatera,Sumatera,Rokan Hulu,15930.24,17026.72,18069.05,19150.56,20396.3,20800.66,21792.97,22965.45,23925.69,25101.66,25482.41,26750.94,28093.71,29250.58,30042.44,32081.74
83,1408,1408,bengkalis,Bengkalis,14,Riau,Riau,1,Sumatera,Sumatera,Bengkalis,85300.44,91999.29,91397.01,88411.09,85003.8,82676.67,80577.99,79189.78,77848.26,76377.29,73856.68,74229.92,75878.58,77977.09,78699.63,81005.06
84,1409,1409,rokanhilir,Rokan Hilir,14,Riau,Riau,1,Sumatera,Sumatera,Rokan Hilir,39964.27,39960.81,41418.23,42405.06,44445.78,44676.81,45556,46265.17,46136.68,46437.61,45978.06,46726.02,47961.77,49319.96,50153.11,52027.36
85,1410,1410,kepulauanmeranti,Meranti Islands,14,Riau,Riau,1,Sumatera,Sumatera,Kepulauan Meranti,8690.28,9287.92,9909.81,10329.76,10788.98,11096.27,11451.08,11827.31,12304.37,12629.43,12683.87,13008.81,13421.78,14067.69,14536.18,15062.19
86,1471,1471,kotapekanbaru,Pekanbaru City,14,Riau,Riau,1,Sumatera,Sumatera,Kota Pekanbaru,41702.83,44845.77,48351.74,51053.17,54575.48,57616.75,60891.07,64619.26,68104.59,72184.56,69000.14,72619.08,77539.1,82235.28,86024.52,90775.07
87,1473,1473,kotadumai,Dumai City,14,Riau,Riau,1,Sumatera,Sumatera,Kota Dumai,17495.47,18242.26,18909.85,19605.67,20132.38,20541.69,21391.57,22344.83,23538.47,24856.9,24597.99,26068.28,27725.87,29402.61,30877.16,32589.35
88,1501,1501,kerinci,Kerinci,15,Jambi,Jambi,1,Sumatera,Sumatera,Kerinci,3639.54,3865.5,4155.51,4411.41,4811.38,5120,5464.05,5784.49,6069.6,6326.54,6567.28,6822.79,7125.01,7540.03,7877.99,8241.23
89,1502,1502,merangin,Merangin,15,Jambi,Jambi,1,Sumatera,Sumatera,Merangin,5829.19,6251.81,6649.79,7078.93,7583.45,7992.84,8489.68,8947.14,9388.24,9787.46,9863.65,10380.35,10973.63,11558.12,12107.66,12728.54
90,1503,1503,sarolangun,Sarolangun,15,Jambi,Jambi,1,Sumatera,Sumatera,Sarolangun,6493.96,7063.71,7663.23,8246.15,8675.19,8986.68,9369.74,9808.65,10279.95,10717.75,10690.59,11396.95,12163.62,12682.45,13154.6,13784.04
91,1504,1504,batanghari,Batang Hari,15,Jambi,Jambi,1,Sumatera,Sumatera,Batang Hari,6840.5,7492.94,8118.65,8644.8,9298.57,9695.29,10146.14,10634.36,11147.66,11713.38,11662.61,12227.81,13727.43,14274.4,14762.9,15531.56
92,1505,1505,muarojambi,Muaro Jambi,15,Jambi,Jambi,1,Sumatera,Sumatera,Muaro Jambi,9348.17,10134.02,10866.52,11643.6,12578.25,13238.01,13964.19,14655.06,15389.57,16126.72,16183.86,16825.15,18178.83,19263.5,20482.01,21403.1
93,1506,1506,tanjungjabungtimur,East Tanjung Jabung,15,Jambi,Jambi,1,Sumatera,Sumatera,Tanjung Jabung Timur,12736.39,13673.46,14053.62,14695.73,15549.5,15830.52,16249.8,16748.26,17241.2,17967.59,17349.98,17373.51,17471.86,17907.35,18745.84,19636.28
94,1507,1507,tanjungjabungbarat,West Tanjung Jabung,15,Jambi,Jambi,1,Sumatera,Sumatera,Tanjung Jabung Barat,19319.02,20794.46,21822.84,23073.56,24551.69,25446.12,26245.2,27421.79,29279.46,30744.99,30654.42,31072.19,31871.34,33043.67,34506.71,36327.66
95,1508,1508,tebo,Tebo,15,Jambi,Jambi,1,Sumatera,Sumatera,Tebo,5728.68,6248.31,6729.42,7242.75,7881.38,8302.68,8750.64,9239.25,9699.61,10160.98,10158.23,10593.96,11260.53,11787.21,12276.02,12917.99
96,1509,1509,bungo,Bungo,15,Jambi,Jambi,1,Sumatera,Sumatera,Bungo,7019.66,7703.63,8446.78,9208.47,9829.56,10333.81,10891.04,11510.1,12045.8,12549.93,12490.07,13113.57,13733.32,14432.77,14917.6,15580.02
97,1571,1571,kotajambi,Jambi City,15,Jambi,Jambi,1,Sumatera,Sumatera,Kota Jambi,11070.37,11932.76,12848.14,13939.74,15080.23,15851.95,16936.44,17728.34,18667.87,19550.81,18721.13,19494.09,20540.75,21849.1,22915.56,24091.12
98,1572,1572,kotasungaipenuh,Sungai Penuh City,15,Jambi,Jambi,1,Sumatera,Sumatera,Kota Sungai Penuh,2592.93,2770.91,2967.37,3218.24,3460.94,3705.36,3946.47,4183.87,4388.18,4607.81,4600.23,4768.84,4980.13,5225.01,5495.6,5736.72
99,1601,1601,ogankomeringulu,Ogan Komering Ulu,16,Sumatera Selatan,South Sumatera ,1,Sumatera,Sumatera,Ogan Komering Ulu,6629.77,7007.38,7376.01,7704.61,7987.73,8230.96,8556.8,8904.37,9339.33,9867.73,9866.72,10116.56,10683.32,11229.12,11797.87,12417.89
100,1602,1602,ogankomeringilir,Ogan Komering Ilir,16,Sumatera Selatan,South Sumatera ,1,Sumatera,Sumatera,Ogan Komering Ilir,12492.89,13354.4,14230.59,15135.83,15902.81,16667.05,17412.46,18301.92,19205.73,20180.57,20228.21,20905.99,25044.76,26369.56,27723.18,29172.06
101,1603,1603,muaraenim,Muara Enim,16,Sumatera Selatan,South Sumatera ,1,Sumatera,Sumatera,Muara Enim,21696.03,24359.4,26374.75,28158.76,29041.81,31254.5,33372.45,35761.99,38854.44,41581.53,41594.54,44236.77,48099.37,52228.24,55304.93,58300.21
102,1604,1604,lahat,Lahat,16,Sumatera Selatan,South Sumatera ,1,Sumatera,Sumatera,Lahat,8514.05,9003.71,9479.39,9937.39,10318.7,10539.02,10786.01,11265.29,11723.72,12382.33,12427.42,13037.37,13945.58,14883.95,15644.96,16508.01
103,1605,1605,musirawas,Musi Rawas,16,Sumatera Selatan,South Sumatera ,1,Sumatera,Sumatera,Musi Rawas,9062.37,9167.47,9245.29,9788.57,10510.08,11049.7,11629.97,12214.77,12921.71,13680.64,13712.55,14032.62,14602.02,15189.77,15941.93,16699.66
104,1606,1606,musibanyuasin,Musi Banyuasin,16,Sumatera Selatan,South Sumatera ,1,Sumatera,Sumatera,Musi Banyuasin,31753.93,32904.81,35290.94,36683.31,38397.52,39278.56,40128.98,41341.25,42670.21,44620.4,44604.66,46128.99,48097.66,50268.35,52754.1,55448.74
105,1607,1607,banyuasin,Banyuasin,16,Sumatera Selatan,South Sumatera ,1,Sumatera,Sumatera,Banyu Asin,12313.18,12980.04,13777.76,14628.96,15380.59,16236,17192.42,18060.42,18982,19973.44,19999.57,20767.64,21871.6,22978.68,24160.75,25464.77
106,1608,1608,ogankomeringuluselatan,South Ogan Komering Ulu,16,Sumatera Selatan,South Sumatera ,1,Sumatera,Sumatera,Ogan Komering Ulu Selatan,3663.7,3854.39,4056.98,4267.95,4503.08,4707.44,4951.56,5175.05,5436.56,5712.92,5734.09,5974.14,6263.99,6525.68,6824.83,7177.61
107,1609,1609,ogankomeringulutimur,East Ogan Komering Ulu,16,Sumatera Selatan,South Sumatera ,1,Sumatera,Sumatera,Ogan Komering Ulu Timur,6096.98,6485.14,6951.88,7435.45,7821.86,8294.87,8806.82,9103.28,9493.39,10043.97,10081.03,10549,11123.37,11685.45,12284.09,12995.24
108,1610,1610,oganilir,Ogan Ilir,16,Sumatera Selatan,South Sumatera ,1,Sumatera,Sumatera,Ogan Ilir,4407.12,4740.5,5121.36,5492.92,5858.66,6118.42,6432.46,6763.04,7113.26,7482.61,7492.94,7769.74,8159.68,8543.8,8954.86,9399.59
109,1611,1611,empatlawang,Empat Lawang,16,Sumatera Selatan,South Sumatera ,1,Sumatera,Sumatera,Empat Lawang,2294.64,2433.33,2582.01,2721.11,2836.12,2963.8,3098.26,3213.15,3349,3470.33,3473.4,3604.94,3784.49,3946.21,4121.55,4341.28
110,1612,1612,penukalabablematangilir,Penukal Abab Lematang Ilir,16,Sumatera Selatan,South Sumatera ,1,Sumatera,Sumatera,Penukal Abab Lematang Ilir,3039.11,3124.55,3352.72,3577.67,3577.35,3736.27,3930.14,4164.8,4430.55,4703.6,4716.96,4819.89,5033.47,5267.82,5529.94,5807.54
111,1613,1613,musirawasutara,North Musi Rawas,16,Sumatera Selatan,South Sumatera ,1,Sumatera,Sumatera,Musi Rawas Utara,3807.45,4001.17,4104.39,4190.45,4606.18,4760.11,4888.8,5116.03,5331.25,5552.59,5573.36,5706.51,5961.63,6220.29,6501.31,6828.35
112,1671,1671,kotapalembang,Palembang City,16,Sumatera Selatan,South Sumatera ,1,Sumatera,Sumatera,Kota Palembang,61145.14,65049.47,70090.31,74193.37,78091.09,82345.07,87073.35,92476.41,98471.25,104239.39,103952.69,107182.55,112814.83,118587.14,124671.42,131646.95
113,1672,1672,kotaprabumulih,Prabumulih City,16,Sumatera Selatan,South Sumatera ,1,Sumatera,Sumatera,Kota Prabumulih,3025.27,3228.31,3496.88,3674.19,4097.01,4295.41,4579.64,4820.84,5101.77,5387.82,5377.93,5541.97,5822.37,6101.84,6407.65,6752.04
114,1673,1673,kotapagaralam,Pagar Alam City,16,Sumatera Selatan,South Sumatera ,1,Sumatera,Sumatera,Kota Pagar Alam,1465.24,1544.66,1641.56,1735.06,1814.4,1892.91,1976.33,2071.44,2158.09,2233.77,2234.27,2332.45,2445.82,2552.1,2681.01,2819.97
115,1674,1674,kotalubuklinggau,Lubuklinggau City,16,Sumatera Selatan,South Sumatera ,1,Sumatera,Sumatera,Kota Lubuklinggau,2606.11,2767.86,2943.7,3042.98,3234.67,3428.91,3646.07,3876.14,4106.07,4339.2,4333.67,4470.23,4671.9,4879.45,5105.06,5357.09
116,1701,1701,bengkuluselatan,South Bengkulu,17,Bengkulu,Bengkulu,1,Sumatera,Sumatera,Bengkulu Selatan,2220.33,2366.41,2518.79,2674.08,2825.96,2971.3,3127.26,3281.69,3444.03,3615.03,3624.59,3742.51,3871.61,3994.82,4169.51,4358.6
117,1702,1702,rejanglebong,Rejang Lebong,17,Bengkulu,Bengkulu,1,Sumatera,Sumatera,Rejang Lebong,3738.97,3998.38,4261.23,4515.85,4755.02,4999.82,5259.99,5518,5791.95,6078.95,6083.03,6274.23,6544.12,6808.99,7101.11,7404.48
118,1703,1703,bengkuluutara,North Bengkulu,17,Bengkulu,Bengkulu,1,Sumatera,Sumatera,Bengkulu Utara,3257.58,3456.41,3677.27,3879.89,4091.95,4299.37,4514.18,4732.51,4960.3,5204.59,5216.35,5425.36,5595.96,5829.87,6088.15,6368.92
119,1704,1704,kaur,Kaur,17,Bengkulu,Bengkulu,1,Sumatera,Sumatera,Kaur,1434.61,1507.5,1589.69,1686.57,1767.85,1855.58,1953.63,2051.25,2153.49,2260.79,2263.55,2333.3,2421.45,2503.82,2607.62,2727.91
120,1705,1705,seluma,Seluma,17,Bengkulu,Bengkulu,1,Sumatera,Sumatera,Seluma,1803.45,1919.54,2042.44,2159.75,2274.12,2372.16,2490.7,2610.52,2735.84,2870.67,2870.32,2932.95,3018.64,3097.53,3223.4,3344.19
121,1706,1706,mukomuko,Mukomuko,17,Bengkulu,Bengkulu,1,Sumatera,Sumatera,Mukomuko,2030.15,2146.56,2280.58,2425.62,2571.34,2713.89,2865.6,3014.86,3166.01,3325.26,3327.35,3438.68,3587.44,3719.67,3870.27,4061.39
122,1707,1707,lebong,Lebong,17,Bengkulu,Bengkulu,1,Sumatera,Sumatera,Lebong,1342.27,1417.16,1494.13,1576.9,1662.64,1745.57,1835.67,1927.48,2023.99,2124.5,2126.72,2192.26,2257.54,2321.72,2421.54,2518.74
123,1708,1708,kepahiang,Kepahiang,17,Bengkulu,Bengkulu,1,Sumatera,Sumatera,Kepahiang,1705.74,1814.12,1929.22,2049.38,2170.02,2292.65,2421.73,2545.97,2673.15,2803.86,2805.56,2894.35,3015.57,3136.44,3270.63,3422.27
124,1709,1709,bengkulutengah,Central Bengkulu,17,Bengkulu,Bengkulu,1,Sumatera,Sumatera,Bengkulu Tengah,1815,1916.03,2033.32,2146.92,2264.21,2377.71,2496.63,2620.22,2750.44,2887.02,2885.34,2951.44,3041.02,3157.25,3282.44,3414.18
125,1771,1771,kotabengkulu,Bengkulu City,17,Bengkulu,Bengkulu,1,Sumatera,Sumatera,Kota Bengkulu,9004.46,9657.22,10327.32,10956.46,11627.45,12327.03,13082.47,13796.91,14552.35,15339.35,15301.49,15833.19,16733.94,17658.93,18609.94,19644.72
126,1801,1801,lampungbarat,West Lampung,18,Lampung,Lampung,1,Sumatera,Sumatera,Lampung Barat,4941.6,5271.08,3441,3677.32,3881.89,4088.44,4293.42,4509.54,4738.86,4984.13,4926.3,5051.88,5256.95,5502.92,5742.84,6056.04
127,1802,1802,tanggamus,Tanggamus,18,Lampung,Lampung,1,Sumatera,Sumatera,Tanggamus,6462.52,6841.76,7470.39,7975.62,8445.98,8910.24,9371.99,9858.64,10352.1,10872.1,10679.82,10929.22,11384.34,11919.46,12397.91,13002.11
128,1803,1803,lampungselatan,South Lampung,18,Lampung,Lampung,1,Sumatera,Sumatera,Lampung Selatan,18535.51,19613.12,20782.04,22113.7,23396.57,24654.68,25942.71,27359.53,28791.44,30267.88,29743.3,30517.4,31986.26,33528.67,35077.05,37081.66
129,1804,1804,lampungtimur,East Lampung,18,Lampung,Lampung,1,Sumatera,Sumatera,Lampung Timur,19496.11,20582.09,21455.32,23378.06,24049.3,25151.47,26292.19,27496.84,28518.18,29599.69,28931.29,29001.37,29587.41,30625.3,32039.92,33531
130,1805,1805,lampungtengah,Central Lampung,18,Lampung,Lampung,1,Sumatera,Sumatera,Lampung Tengah,29113.81,30867.15,32702.37,34815.76,36794.37,38773.8,40949.37,43107.05,45406.22,47836.75,47347.97,48710.04,50973.45,53366.74,55829.79,58921.48
131,1806,1806,lampungutara,North Lampung,18,Lampung,Lampung,1,Sumatera,Sumatera,Lampung Utara,10181.18,10729.17,11333.8,12065.94,12765.48,13458.84,14145.71,14882.71,15672.53,16508.06,16269.34,16727.89,17257.06,17985.8,18722.4,19680.3
132,1807,1807,waykanan,Way Kanan,18,Lampung,Lampung,1,Sumatera,Sumatera,Way Kanan,6017.24,6336.56,6687.93,7041,7440.12,7832.39,8233.79,8654.3,9102.88,9573.82,9462.31,9736.5,10165.6,10635.97,11130.37,11724.85
133,1808,1808,tulangbawang,Tulang Bawang,18,Lampung,Lampung,1,Sumatera,Sumatera,Tulangbawang,9771.79,10284.19,10827.94,11559.17,12199.16,12811.52,13505.4,14242.03,15014.47,15826.21,15614.89,16064.5,16685.48,17399.65,18226,19155.48
134,1809,1809,pesawaran,Pesawaran,18,Lampung,Lampung,1,Sumatera,Sumatera,Pesawaran,7120.09,7513.11,7954.32,8447.69,8920.06,9368.56,9843.45,10336.51,10858.92,11402.09,11258.77,11493.29,12016.35,12555.93,13044.82,13746.98
135,1810,1810,pringsewu,Pringsewu,18,Lampung,Lampung,1,Sumatera,Sumatera,Pringsewu,4748.22,5042.6,5367.49,5712.84,6041.41,6356.99,6677.35,7018.7,7370.49,7741.5,7647.66,7870.04,8214.07,8606.96,9001.24,9491.14
136,1811,1811,mesuji,Mesuji,18,Lampung,Lampung,1,Sumatera,Sumatera,Mesuji,4370.09,4585.33,4840.75,5139.86,5432.26,5716.23,6008,6320.64,6655.53,7005.86,6911.12,7107.31,7355.55,7653.92,8004.38,8427.23
137,1812,1812,tulangbawangbarat,West Tulang Bawang,18,Lampung,Lampung,1,Sumatera,Sumatera,Tulang Bawang Barat,4851.05,5095.21,5388.19,5731.56,6046.68,6370,6705.64,7078.06,7451.02,7850.7,7747.24,7970.78,8328.39,8705.98,9101.7,9570.33
138,1813,1813,pesisirbarat,Pesisir Barat,18,Lampung,Lampung,1,Sumatera,Sumatera,Pesisir Barat,0,0,2165.8,2285.81,2402.31,2520.89,2654.54,2795.95,2944.88,3106.11,3069.6,3132.7,3221.12,3331.42,3418.71,3574.97
139,1871,1871,kotabandarlampung,Bandar Lampung City,18,Lampung,Lampung,1,Sumatera,Sumatera,Kota Bandar Lampung,22409.56,23818.68,25403.65,27123.92,29036.17,30873.56,32859.03,34921.08,37084.49,39373.24,38632.2,39838.17,41798.71,43871.64,46056.34,48502.05
140,1872,1872,kotametro,Metro City,18,Lampung,Lampung,1,Sumatera,Sumatera,Kota Metro,2542.07,2695.66,2876.02,3074.12,3262.46,3453.95,3657.87,3865.01,4084.67,4312.38,4235,4358.39,4554.76,4775.93,5009.08,5269.67
141,1901,1901,bangka,Bangka,19,Kepulauan Bangka Belitung,Bangka Belitung Islands,1,Sumatera,Sumatera,Bangka,6551.04,7003.41,7378.16,7769.12,8143.12,8512.42,8906.23,9355.33,9778.03,10058.79,9988.8,10733.86,11255.79,11753.74,11702.49,12282.92
142,1902,1902,belitung,Belitung,19,Kepulauan Bangka Belitung,Bangka Belitung Islands,1,Sumatera,Sumatera,Belitung,4143.55,4389.15,4656.47,4934,5167.07,5400.94,5669.06,5969.67,6290.86,6500.42,6352.86,6710.01,7093.18,7500.36,7638.9,7948.69
143,1903,1903,bangkabarat,West Bangka,19,Kepulauan Bangka Belitung,Bangka Belitung Islands,1,Sumatera,Sumatera,Bangka Barat,6816.1,7191.75,7586.48,7972.79,8349.26,8769.64,9190.2,9673.71,10177.2,10895.22,10312.21,10333,10539.45,10804.72,11395.95,11592.05
144,1904,1904,bangkatengah,Central Bangka,19,Kepulauan Bangka Belitung,Bangka Belitung Islands,1,Sumatera,Sumatera,Bangka Tengah,4502.4,4773.14,5012.86,5178.28,5255.77,5271.87,5432.84,5620.61,5812.7,5883.1,5715.6,5987.14,6351.45,6678.27,6655.38,7058.73
145,1905,1905,bangkaselatan,South Bangka,19,Kepulauan Bangka Belitung,Bangka Belitung Islands,1,Sumatera,Sumatera,Bangka Selatan,4169.51,4437.32,4646.03,4852.97,5068.27,5284.64,5511.79,5763.87,6024.21,6176.84,6057.88,6276.8,6469.04,6706.15,6766.18,7025.17
146,1906,1906,belitungtimur,East Belitung,19,Kepulauan Bangka Belitung,Bangka Belitung Islands,1,Sumatera,Sumatera,Belitung Timur,3579.81,3798.79,4028.45,4258.05,4478.3,4675.21,4873.88,5110.3,5326.12,5499.98,5465.46,5714.79,5931.09,6209.89,6207.8,6474.78
147,1971,1971,kotapangkalpinang,Pangkal Pinang City,19,Kepulauan Bangka Belitung,Bangka Belitung Islands,1,Sumatera,Sumatera,Kota Pangkal Pinang,5799.5,6193.04,6571.31,6951.02,7247.5,7555.02,7945.99,8358.48,8782.79,9069.28,8797.13,9611.44,10208.03,10750.81,10503.91,10980.9
148,2101,2101,karimun,Karimun,21,Kepulauan Riau,Riau Islands,2,Sumatera,Sumatera,Karimun,5486.36,5872.37,6297.82,6744.25,7207.3,7678.54,8152.07,8583.14,9016.34,9456.92,9117.12,9332.77,9741.85,10277.62,10940.58,11535.57
149,2102,2102,bintan,Bintan,21,Kepulauan Riau,Riau Islands,2,Sumatera,Sumatera,Bintan,8891.01,9501.06,10126.48,10741.92,11424.37,12013.39,12620.12,13244.04,13886.09,14512.07,13902.16,13933.49,15000.72,16249.45,17693.69,18830.8
150,2103,2103,natuna,Natuna,21,Kepulauan Riau,Riau Islands,2,Sumatera,Sumatera,Natuna,11243.94,11534.2,12437.32,13009.83,13585.41,14115.27,14538.93,14665.42,15036.09,15299.36,14642.75,14645.4,14661.76,14786.1,14258.64,15754.76
151,2104,2104,lingga,Lingga,21,Kepulauan Riau,Riau Islands,2,Sumatera,Sumatera,Lingga,1857.72,1981.22,2111.65,2256.83,2373.21,2429.75,2529.11,2682.78,2790.12,2934.66,2914.6,2971.55,3082.79,3215.39,3357.41,3475.95
152,2105,2105,kepulauananambas,Anambas Islands,21,Kepulauan Riau,Riau Islands,2,Sumatera,Sumatera,Kepulauan Anambas,10962.79,11162.01,11595.84,11964.65,12407.91,12784.25,13155.24,13142.46,12063.35,12047.35,11104.45,11108.49,11118.23,11187.49,10553.18,12193.55
153,2171,2171,kotabatam,Batam City,21,Kepulauan Riau,Riau Islands,2,Sumatera,Sumatera,Kota Batam,63640.19,68621.4,73698.07,78991.1,84644.07,90457.74,95369.7,97862.56,102718.6,108800.35,106029.65,111068.95,118665.21,127016.98,135511.59,144674.74
154,2172,2172,kotatanjungpinang,Tanjung Pinang City,21,Kepulauan Riau,Riau Islands,2,Sumatera,Sumatera,Kota Tanjung Pinang,9141.66,9784.37,10479.81,11294.83,11891.26,12568.74,13197.81,13544.58,13979.22,14436.94,13938.24,14020.21,14597.57,15316.1,15894.76,16421.64
155,3101,3101,kepseribu,Kepulauan Seribu,31,DKI Jakarta,DKI Jakarta,3,Jawa,Java,Kepulauan Seribu,3584.57,3737.99,3753.24,3782.75,3796.48,3807.89,3815.3,3863.75,3936.01,3898.74,3706.25,3648.8,3586.89,3303.72,3267.65,3180.02
156,3171,3171,kotajakartaselatan,South Jakarta City,31,DKI Jakarta,DKI Jakarta,3,Jawa,Java,Kota Jakarta Selatan,241225.13,258049.21,275317.71,292545.9,310185.29,329155.04,349251.71,371253.51,394429.96,421300.85,419257.19,429259.25,451772.69,475701.5,500415.18,527225.79
157,3172,3172,kotajakartatimur,East Jakarta City,31,DKI Jakarta,DKI Jakarta,3,Jawa,Java,Kota Jakarta Timur,186512.34,198226.28,210383.75,222785.52,236464.31,249476.98,264810.04,281363.14,298530.65,313540.96,299515.16,313808.7,329546.33,346487.16,361963.59,380674.35
158,3173,3173,kotajakartapusat,Central Jakarta City,31,DKI Jakarta,DKI Jakarta,3,Jawa,Java,Kota Jakarta Pusat,258419.7,276997.68,296540.05,314562.24,332896.52,355092.53,377781.74,400474.9,424204.37,452521.53,449518.14,459971.27,481954.45,506439.54,532549.57,560760.04
159,3174,3174,kotajakartabarat,West Jakarta City,31,DKI Jakarta,DKI Jakarta,3,Jawa,Java,Kota Jakarta Barat,182020.88,194609.5,208109.6,221960.38,235186.46,249328.64,264434.93,281570.45,299452.4,318927.93,316172.61,327599.16,345619.56,363851.13,383099.58,403268.49
160,3175,3175,kotajakartautara,North Jakarta City,31,DKI Jakarta,DKI Jakarta,3,Jawa,Java,Kota Jakarta Utara,203420.85,216350,229401.78,242743.31,256807.48,271155.62,283654.32,301779.31,320658.35,332807.59,312100.58,330890.18,350233.72,364847.71,380597.39,399327.56
161,3201,3201,bogor,Bogor,32,Jawa Barat,West Java,3,Jawa,Java,Bogor,92931.57,98378.72,104286.98,110685.28,117339.5,124486.98,131760.37,139561.45,148203.35,156876.01,154113.6,159589.55,167966.18,176683.58,185882.34,195613.55
162,3202,3202,sukabumi,Sukabumi,32,Jawa Barat,West Java,3,Jawa,Java,Sukabumi,28600.53,29863.3,31767.7,33516.82,35521.43,37265.25,39447.01,41716.23,44140.89,46628.34,46205.28,47935.63,50388.72,52993.98,55723.92,58893.57
163,3203,3203,cianjur,Cianjur,32,Jawa Barat,West Java,3,Jawa,Java,Cianjur,19696.93,20660.19,21817.06,22883.16,24041.99,25352.13,26981.37,28538.99,30320.21,32039.32,31792.32,32897.53,34556.4,36339.55,38208.18,40404.9
164,3204,3204,bandung,Bandung,32,Jawa Barat,West Java,3,Jawa,Java,Bandung,48431.75,51250.25,54468.16,57690.59,61100.25,64701.52,68804.85,73039.45,77613.22,82547.44,81060.97,83949.37,88437.96,92830.17,97509.91,103673
165,3205,3205,garut,Garut,32,Jawa Barat,West Java,3,Jawa,Java,Garut,25465.22,26726.85,27815.34,29138.48,30541.63,31919.06,33803.54,35464.91,37225.15,39092.49,38598.43,39981.19,42012.96,44087.22,46270.92,49025.51
166,3206,3206,tasikmalaya,Tasikmalaya,32,Jawa Barat,West Java,3,Jawa,Java,Tasikmalaya,15853.36,16526.57,17191.75,17991.12,18849.71,19662.49,20824.8,22063.29,23320.61,24586.67,24344.86,25179.48,26361.66,27599.16,28879.68,30412.02
167,3207,3207,ciamis,Ciamis,32,Jawa Barat,West Java,3,Jawa,Java,Ciamis,13716.2,14433.28,15213.67,16026.51,16839.42,17779.91,18844.97,19826.75,20878.69,22001.24,21970.41,22774.93,23918.89,25111.71,26360.94,27777.11
168,3208,3208,kuningan,Kuningan,32,Jawa Barat,West Java,3,Jawa,Java,Kuningan,9819.54,10371.18,10962.96,11648.54,12385.38,13175.67,13977.77,14866.62,15821.96,16864.15,16882.76,17483.56,18450.34,19418.73,20507.27,21937.73
169,3209,3209,cirebon,Cirebon,32,Jawa Barat,West Java,3,Jawa,Java,Cirebon,21496.57,22621.72,23857.75,25042.25,26312.99,27596.25,29149.31,30623.31,32161.84,33668.1,33304.05,34127.52,35523.78,37246.57,39418.27,41875.88
170,3210,3210,majalengka,Majalengka,32,Jawa Barat,West Java,3,Jawa,Java,Majalengka,12883.19,13490.26,14307.43,15012.89,15750.66,16590.93,17591.79,18789.49,20006.88,21561.72,21754.54,22787.9,24298.1,25793.24,27438.93,29321.24
171,3211,3211,sumedang,Sumedang,32,Jawa Barat,West Java,3,Jawa,Java,Sumedang,14686.78,15390.93,16400.81,17194.51,18004.69,18950.36,20029.72,21276.7,22507.96,23932.73,23665.01,24368.73,25595.02,26876.86,27965.76,29497.67
172,3212,3212,indramayu,Indramayu,32,Jawa Barat,West Java,3,Jawa,Java,Indramayu,47859.83,49804.92,51389.04,52858.95,55464.11,56663.3,56706.18,57515.01,58287.98,60153.18,59200,59544.87,61259.61,67237.69,68701.96,70821.73
173,3213,3213,subang,Subang,32,Jawa Barat,West Java,3,Jawa,Java,Subang,19817.22,20465.66,20588.97,21431.37,22506.48,23696.76,24976.92,26250.72,27408.2,28672.9,28344.32,28960.89,30202.58,31604.98,33126.46,34785.68
174,3214,3214,purwakarta,Purwakarta,32,Jawa Barat,West Java,3,Jawa,Java,Purwakarta,28016.62,29893.01,31934.34,34216.42,36177.32,37899.02,40169.9,42239.3,44341.65,46278.21,45293.24,46840.15,49292.98,51740.5,54142.29,56989.15
175,3215,3215,karawang,Karawang,32,Jawa Barat,West Java,3,Jawa,Java,Karawang,99641.32,106174.68,111424.08,120294.86,126748.69,132453.57,141125.54,148358.44,157317.84,163946.85,157710.59,166941.49,177470.89,187051.65,194903.1,204774.02
176,3216,3216,bekasi,Bekasi,32,Jawa Barat,West Java,3,Jawa,Java,Bekasi,154347.8,164538.84,175279.8,186206.59,197163.57,205950.39,215928.36,228203.6,241949.38,251502.79,242971.39,251778.52,265120.49,279224.9,293664.79,308568.27
177,3217,3217,bandungbarat,West Bandung,32,Jawa Barat,West Java,3,Jawa,Java,Bandung Barat,19322.13,20419.11,21651.88,22937.17,24264.92,25486.17,26925.88,28330.02,29888.89,31398.35,30640.41,31701.79,33393.29,35062.19,36793.68,38736.85
178,3218,3218,pangandaran,Pangandaran,32,Jawa Barat,West Java,3,Jawa,Java,Pangandaran,4978.27,5194.13,5463.15,5733.33,5973.55,6271.1,6602.73,6939.64,7308.73,7742.87,7738.97,8022.78,8426.4,8869.86,9324.31,9850.57
179,3271,3271,kotabogor,Bogor City,32,Jawa Barat,West Java,3,Jawa,Java,Kota Bogor,18775.59,19944.17,21203.57,22484.67,23835.31,25298.6,27002.25,28654.97,30413.57,32295.73,32162.74,33372.48,35258.87,37055.36,38964.67,41087.07
180,3272,3272,kotasukabumi,Sukabumi City,32,Jawa Barat,West Java,3,Jawa,Java,Kota Sukabumi,5321.93,5650.62,5978.32,6301.68,6643.6,6985.33,7379.48,7780.42,8209.92,8664.02,8534.72,8851.05,9324.16,9801.88,10303.16,10851.05
181,3273,3273,kotabandung,Bandung City,32,Jawa Barat,West Java,3,Jawa,Java,Kota Bandung,102154.91,110234.44,119632.25,129005.46,138960.94,149580.38,161227.83,172851.96,185084.18,197642.89,193144.95,200414.03,211250.67,221969.13,233053.79,245392.01
182,3274,3274,kotacirebon,Cirebon City,32,Jawa Barat,West Java,3,Jawa,Java,Kota Cirebon,10093.71,10677.43,11309.38,11863.88,12541.22,13269.24,14077.05,14893.14,15817.18,16812.49,16648.21,17155.75,18030.25,18934.4,19884.06,20946.66
183,3275,3275,kotabekasi,Bekasi City,32,Jawa Barat,West Java,3,Jawa,Java,Kota Bekasi,41283.49,43946.08,46907.33,49741.13,52534.09,55456.07,58831.08,62202.01,65845.09,69406.53,67619.24,69796.94,73260.65,77241.79,81251.61,85627.4
184,3276,3276,kotadepok,Depok City,32,Jawa Barat,West Java,3,Jawa,Java,Kota Depok,26601.85,28412.63,30703.25,32805.89,35192.76,37529.48,40263.23,42981.28,45978.89,49076.58,48135.93,49947.24,52564.98,55221.82,58241.86,61444.52
185,3277,3277,kotacimahi,Cimahi City,32,Jawa Barat,West Java,3,Jawa,Java,Kota Cimahi,13571.61,14318.6,15212.15,16072.36,16955.24,17876.44,18882.16,19907.13,21192.6,22856.04,22340.56,23275.78,24652.73,25931.98,27296.93,28751.31
186,3278,3278,kotatasikmalaya,Tasikmalaya City,32,Jawa Barat,West Java,3,Jawa,Java,Kota Tasikmalaya,9291.51,9758.07,10324.52,10961.87,11637.31,12370.62,13225.25,14027.95,14859.11,15746.12,15430.02,15980.75,16781.04,17781.93,18709.87,19718.21
187,3279,3279,kotabanjar,Banjar City,32,Jawa Barat,West Java,3,Jawa,Java,Kota Banjar,2026.32,2137.13,2250.8,2373.51,2491.64,2624.24,2772.84,2919.72,3067.11,3221.45,3251.76,3371.78,3516.57,3682.36,3883.79,4083.17
188,3301,3301,cilacap,Cilacap,33,Jawa Tengah,Central Java,3,Jawa,Java,Cilacap,75099.09,78156.82,79702.24,81022.67,83391.5,88357.61,92858.65,95254.59,98100.57,100327.3,90011.58,91944.59,96677.84,101816.53,104565.53,108031.28
189,3302,3302,banyumas,Banyumas,33,Jawa Tengah,Central Java,3,Jawa,Java,Banyumas,23016.94,24538.6,25982.16,27793.14,29367.69,31164.88,33051.05,35147.31,37414.5,39779.32,39121.62,40686.81,43069.5,45386.22,47815.82,50668.64
190,3303,3303,purbalingga,Purbalingga,33,Jawa Tengah,Central Java,3,Jawa,Java,Purbalingga,10858.63,11474.22,12138.45,12778.31,13397.71,14130.61,14816.43,15612.29,16458.71,17387.61,17182.87,17731.44,18690.73,19525.36,20417.23,21626.94
191,3304,3304,banjarnegara,Banjarnegara,33,Jawa Tengah,Central Java,3,Jawa,Java,Banjarnegara,9439.36,9952.4,10473.36,11043.08,11629.85,12266.05,12932.88,13663.27,14438.15,15246.87,15045.88,15536.48,16359.11,17174.39,18059.43,19008.78
192,3305,3305,kebumen,Kebumen,33,Jawa Tengah,Central Java,3,Jawa,Java,Kebumen,12311.42,13068.99,13707.06,14333.33,15163.09,16115.55,16923.72,17794.79,18778.05,19815.06,19527.66,20253.06,21425.79,22630.06,23847.86,25253.4
193,3306,3306,purworejo,Purworejo,33,Jawa Tengah,Central Java,3,Jawa,Java,Purworejo,8513.49,8993.81,9406.24,9870.97,10312.94,10862.65,11421.55,12023.78,12664.98,13353.34,13138.29,13573.47,14300.56,15025.64,15753.02,16583.69
194,3307,3307,wonosobo,Wonosobo,33,Jawa Tengah,Central Java,3,Jawa,Java,Wonosobo,9005.93,9489.55,9935.91,10333.76,10828.17,11334.08,11941.2,12436.05,13065.84,13793.04,13566.18,14064.76,14770.5,15405.03,16116.16,16924.73
195,3308,3308,magelang,Magelang,33,Jawa Tengah,Central Java,3,Jawa,Java,Magelang,14363.23,15323.04,16071.14,17020.76,17936.29,18864.65,19882.24,20974.8,22082.8,23253.15,22865.15,23661.71,24953.18,26207.91,27538.45,29160.54
196,3309,3309,boyolali,Boyolali,33,Jawa Tengah,Central Java,3,Jawa,Java,Boyolali,13721.7,14592.03,15369.97,16266.5,17148.35,18170.38,19139.36,20248.85,21406.27,22681.1,22409.73,23447.37,24931.3,26326.85,27562.18,28890.03
197,3310,3310,klaten,Klaten,33,Jawa Tengah,Central Java,3,Jawa,Java,Klaten,17002.05,18071.35,19102.4,20241.43,21424.52,22558.98,23725.74,24993.1,26360.65,27805.99,27480.36,28531.11,30214.98,31930.3,33580.87,35131.44
198,3311,3311,sukoharjo,Sukoharjo,33,Jawa Tengah,Central Java,3,Jawa,Java,Sukoharjo,16357.22,17319.64,18342.25,19401.89,20449.01,21612.08,22847.98,24163.94,25564.07,27076.44,26616.5,27634.12,29185.35,30657.93,32188.46,33951.06
199,3312,3312,wonogiri,Wonogiri,33,Jawa Tengah,Central Java,3,Jawa,Java,Wonogiri,13310.57,13786.71,14605.09,15303.28,16107.8,16977.2,17869.15,18818.94,19837.02,20856.21,20563.14,21251.17,22448.63,23568.41,24739.08,26141.91
200,3313,3313,karanganyar,Karanganyar,33,Jawa Tengah,Central Java,3,Jawa,Java,Karanganyar,16393.79,17205.06,18219.46,19256.52,20262.44,21286.29,22436.29,23731.95,25150.28,26599.74,26103.23,27039.61,28624.99,30198.24,31876.51,33709.11
201,3314,3314,sragen,Sragen,33,Jawa Tengah,Central Java,3,Jawa,Java,Sragen,15832.56,16870.23,17902.1,19102.18,20169.82,21390.87,22625.82,23977.21,25356.46,26853.06,26367.26,27355.15,28929.81,30438.34,32091.21,33921.43
202,3315,3315,grobogan,Grobogan,33,Jawa Tengah,Central Java,3,Jawa,Java,Grobogan,12766.02,13172.71,13842.05,14474.73,15064.46,15962.62,16682.63,17659.25,18688.57,19692.63,19383.03,20115.53,21318.16,22381,23600.98,24896.25
203,3316,3316,blora,Blora,33,Jawa Tengah,Central Java,3,Jawa,Java,Blora,10149.08,10597.72,11116.87,11712.5,12227.2,12882.59,15914.66,16866.64,17605.22,18318.42,17483.89,18126.45,18609.49,19183.67,19778.45,20834.42
204,3317,3317,rembang,Rembang,33,Jawa Tengah,Central Java,3,Jawa,Java,Rembang,8373.55,8808.3,9277.16,9780.75,10284.27,10850.27,11423.01,12220.17,12939.68,13612.34,13409.63,13925.52,14698.84,15461.2,16248.02,17185.84
205,3318,3318,pati,Pati,33,Jawa Tengah,Central Java,3,Jawa,Java,Pati,18782.55,19893.33,21072.33,22329.69,23365.21,24770.33,26130.21,27612.45,29189.88,30885.38,30527.47,31559.08,33312.38,34980.11,36787.62,39038.28
206,3319,3319,kudus,Kudus,33,Jawa Tengah,Central Java,3,Jawa,Java,Kudus,52933.5,55175.79,57440.81,59944.56,62600.68,65029.94,66679.58,68821.16,71048.97,73241.78,70964.73,69872.18,71416.93,72979.97,75045.07,75783.15
207,3320,3320,jepara,Jepara,33,Jawa Tengah,Central Java,3,Jawa,Java,Jepara,13347.32,14004.33,14825,15623.74,16374.72,17210.37,18080.63,19055.34,20170.26,21384.28,20973.09,21944.23,23249.85,24447.15,25488.89,26869.08
208,3321,3321,demak,Demak,33,Jawa Tengah,Central Java,3,Jawa,Java,Demak,11647.74,12275.7,12823.23,13499.23,14078.42,14913,15672.48,16584.12,17479.88,18417.01,18374.56,18856.42,19846.43,20840.01,21907.94,23439.71
209,3322,3322,semarang,Semarang,33,Jawa Tengah,Central Java,3,Jawa,Java,Semarang,21572.14,22925.46,24306.72,25758.12,27264.11,28768.33,30292.47,32002.98,33817.68,35638.96,34688.04,35948.86,37857.92,39651.41,41548.39,43880.58
210,3323,3323,temanggung,Temanggung,33,Jawa Tengah,Central Java,3,Jawa,Java,Temanggung,9710.2,10301.57,10740.98,11299.34,11867.68,12489.39,13116.36,13776.25,14483.26,15214.06,14890.76,15387.93,16187.37,16998.53,17852.53,18863.34
211,3324,3324,kendal,Kendal,33,Jawa Tengah,Central Java,3,Jawa,Java,Kendal,18798.28,20032.43,21075.72,22386.12,23536.83,24762.33,26139.41,27649.78,29245.66,30916.39,30449.02,31632.28,33428.96,35286.12,37217.51,40192.08
212,3325,3325,batang,Batang,33,Jawa Tengah,Central Java,3,Jawa,Java,Batang,9447.33,10025.04,10488.46,11104.7,11693.9,12328.24,12948.19,13667.08,14448.63,15226.79,15031.08,15764.27,16704.99,17629.39,18702.48,20159.94
213,3326,3326,pekalongan,Pekalongan,33,Jawa Tengah,Central Java,3,Jawa,Java,Pekalongan,10254.32,10834.2,11354.85,12034.81,12630.37,13234.56,13921.65,14679.13,15525.05,16356.35,16047.51,16615.07,17463.42,18358.47,19291.18,20425.92
214,3327,3327,pemalang,Pemalang,33,Jawa Tengah,Central Java,3,Jawa,Java,Pemalang,11282.2,11847.2,12477.24,13172.06,13898.67,14673.7,15469.8,16336.98,17265.89,18267.2,18155.6,18933.19,19895.24,20715.43,21788.37,23052.08
215,3328,3328,tegal,Tegal,33,Jawa Tengah,Central Java,3,Jawa,Java,Tegal,15106.51,16071.82,16912.25,18050.29,18958.84,19999.48,21182.92,22322.1,23552.55,24861.5,24492.62,25401.91,26705.27,28015.7,29451.96,31211.27
216,3329,3329,brebes,Brebes,33,Jawa Tengah,Central Java,3,Jawa,Java,Brebes,20158.11,21498.42,22482.26,23812.06,25074.17,26572.83,27930.99,29509.21,31060.11,32847.86,32693.08,33533.33,35378.61,36699.04,38563.2,40655.22
217,3371,3371,kotamagelang,Magelang City,33,Jawa Tengah,Central Java,3,Jawa,Java,Kota Magelang,4010.72,4255.66,4484.27,4755.09,4992.11,5247.34,5521.53,5820.53,6138.62,6470.54,6312.05,6513.89,6889.45,7264.83,7671.43,8125.78
218,3372,3372,kotasurakarta,Surakarta City,33,Jawa Tengah,Central Java,3,Jawa,Java,Kota Surakarta,21469.55,22848.44,24123.78,25631.68,26984.36,28453.49,29975.87,31685.48,33505.9,35441.11,34815.97,36211.25,38475.99,40609.7,42891.23,45304.55
219,3373,3373,kotasalatiga,Salatiga City,33,Jawa Tengah,Central Java,3,Jawa,Java,Kota Salatiga,5845.48,6230.22,6574.91,6989.05,7378.04,7759.18,8168.24,8624.24,9127.86,9666.45,9503.71,9822,10365.44,10918.72,11509.89,12198.74
220,3374,3374,kotasemarang,Semarang City,33,Jawa Tengah,Central Java,3,Jawa,Java,Kota Semarang,80824.1,86142.97,91282.03,96985.4,103109.87,109110.69,115542.56,123279.89,131266.36,140199.52,137601.98,144704.57,152995.41,161815.79,171014.75,182122.11
221,3375,3375,kotapekalongan,Pekalongan City,33,Jawa Tengah,Central Java,3,Jawa,Java,Kota Pekalongan,4624.26,4878.33,5151.81,5456.2,5755.28,6043.1,6367.27,6706.28,7087.92,7477.43,7337.83,7601.49,8039.47,8476.55,8930.31,9455.38
222,3376,3376,kotategal,Tegal City,33,Jawa Tengah,Central Java,3,Jawa,Java,Kota Tegal,6895.71,7341.54,7650.48,8084.18,8491.33,8953.88,9445.03,10006.94,10594.34,11205.78,10949.12,11290.27,11873.2,12468.61,13125.22,13897.41
223,3401,3401,kulonprogo,Kulon Progo,34,Daerah Istimewa Yogyakarta,Yogyakarta,3,Jawa,Java,Kulon Progo,5033.07,5246.15,5475.15,5741.66,6004.32,6281.9,6580.68,6973.41,7728.41,8770.75,8468.29,8838.14,9419.36,9951.95,10426.23,10881.1
224,3402,3402,bantul,Bantul,34,Daerah Istimewa Yogyakarta,Yogyakarta,3,Jawa,Java,Bantul,12114.06,12728.67,13407.02,14138.72,14851.12,15588.52,16375.51,17209.87,18150.88,19155.27,18839.37,19781.89,20809.22,21861.77,22964.66,24094.68
225,3403,3403,gunungkidul,Gunung Kidul,34,Daerah Istimewa Yogyakarta,Yogyakarta,3,Jawa,Java,Gunung Kidul,8848.04,9248.01,9695.98,10177.43,10639.79,11152.36,11696.16,12281.56,12914.94,13605.07,13512.44,14230.14,14994.23,15749.22,16506.42,17409.68
226,3404,3404,sleman,Sleman,34,Daerah Istimewa Yogyakarta,Yogyakarta,3,Jawa,Java,Sleman,21481.64,22645.85,23957.11,25367.41,26713.07,28098.01,29563.38,31140.59,33138.26,35286.51,33857.33,35755.93,37596.42,39508.68,41559.54,44274.03
227,3471,3471,kotayogyakarta,Yogyakarta City,34,Daerah Istimewa Yogyakarta,Yogyakarta,3,Jawa,Java,Kota Yogyakarta,17202.15,18206.09,19189.07,20239.56,21307.76,22393.01,23536.29,24768.43,26127.22,27685.29,27016.5,28409.76,29863,31378.8,32964.35,34595.51
228,3501,3501,pacitan,Pacitan,35,Jawa Timur,East Java,3,Jawa,Java,Pacitan,6817.4,7246.19,7705.01,8157.59,8582.2,9019.54,9489.69,9962.5,10507.37,11040.77,10837.87,11107.4,11722.44,12244.97,12775.82,13586.72
229,3502,3502,ponorogo,Ponorogo,35,Jawa Timur,East Java,3,Jawa,Java,Ponorogo,8961.48,9472.17,10038.39,10554.46,11104.54,11687.87,12305.65,12933.45,13615.23,14297.1,14168.62,14619.97,15093.71,15870.05,16622.78,17514.95
230,3503,3503,trenggalek,Trenggalek,35,Jawa Timur,East Java,3,Jawa,Java,Trenggalek,7962.13,8435.22,8959.46,9496.73,9998.53,10501.58,11026.55,11579.86,12161.86,12779.45,12502.39,12959.02,13545.41,14212.06,14881.55,15671.37
231,3504,3504,tulungagung,Tulungagung,35,Jawa Timur,East Java,3,Jawa,Java,Tulungagung,16776.32,17845.22,18999.03,20164.27,21265.19,22326.62,23446.44,24637.36,25920.2,27299.8,26455.76,27390.42,28818.91,30234.61,31703.89,33526.68
232,3505,3505,blitar,Blitar,35,Jawa Timur,East Java,3,Jawa,Java,Blitar,16213.91,17093.9,18054.46,18967.28,19920.16,20928.47,21991.43,23107.48,24286.24,25530.11,24945.46,25700.02,27037.33,28239.86,29493.8,30985.73
233,3506,3506,kediri,Kediri,35,Jawa Timur,East Java,3,Jawa,Java,Kediri,18254.46,19354.91,20538.32,21733.46,22889.97,24007.72,25211.9,26446.17,27786.42,29193.72,28490.95,29361.67,30800.71,32195.5,33787.64,35486.35
234,3507,3507,malang,Malang,35,Jawa Timur,East Java,3,Jawa,Java,Malang,41342.86,44091.33,47075.96,49571.72,52550.42,55317.82,58247.34,61408.93,64819.04,68379.67,66545.47,68619.1,72136.46,75744.29,79500.89,84203.88
235,3508,3508,lumajang,Lumajang,35,Jawa Timur,East Java,3,Jawa,Java,Lumajang,14260.06,15144.38,16053.39,16949.58,17851.86,18676.95,19555.17,20542.93,21569.78,22563.39,21933.79,22623.4,23626.58,24808.35,25929.92,27317.85
236,3509,3509,jember,Jember,35,Jawa Timur,East Java,3,Jawa,Java,Jember,33375.47,35208.17,37261.96,39519.23,41971.68,44222.56,46533.56,48912.96,51370.52,54200.04,52586.56,54688.72,57167.13,59984,62897.17,66334.88
237,3510,3510,banyuwangi,Banyuwangi,35,Jawa Timur,East Java,3,Jawa,Java,Banyuwangi,32463.82,34720.43,37235.74,39733.62,42005.65,44529.93,46924.58,49480.44,52367.7,55274.03,53295.11,55472.57,57932.55,60848.35,63693.57,67289.76
238,3511,3511,bondowoso,Bondowoso,35,Jawa Timur,East Java,3,Jawa,Java,Bondowoso,8515.88,9033.03,9583.38,10140.11,10652.44,11179.62,11735.59,12325.66,12951.52,13637.36,13451.77,13921.65,14410.2,15075.62,15809.26,16650.57
239,3512,3512,situbondo,Situbondo,35,Jawa Timur,East Java,3,Jawa,Java,Situbondo,8471.42,8927.06,9411.6,9993.85,10572.37,11086.48,11640.76,12230.46,12897.92,13599.57,13282.84,13715.83,14318,15018.99,15741.75,16572.29
240,3513,3513,probolinggo,Probolinggo,35,Jawa Timur,East Java,3,Jawa,Java,Probolinggo,15028.14,15912.46,16936.76,17808.89,18682.21,19570.99,20504.09,21418.25,22374.57,23395.25,22898.24,23664.39,24734.19,25904.93,27153.09,28602.77
241,3514,3514,pasuruan,Pasuruan,35,Jawa Timur,East Java,3,Jawa,Java,Pasuruan,61178.34,65271.57,70167.07,75043.97,80105.37,84415.72,89011.18,94101.98,99489.36,105289.18,103152.8,107630.27,113352.08,119252.55,125622.82,132735.28
242,3515,3515,sidoarjo,Sidoarjo,35,Jawa Timur,East Java,3,Jawa,Java,Sidoarjo,81472.73,87212.36,93543.87,99992.52,106434.28,112012.86,118179.19,125039.06,132552.94,140492.94,135305.32,141000.36,151613.88,160950.78,169867.8,179425.45
243,3516,3516,mojokerto,Mojokerto,35,Jawa Timur,East Java,3,Jawa,Java,Mojokerto,34147.05,36405.77,39047.32,41608.43,44292,46792.33,49360.59,52187.82,55256.61,58467.15,57818.42,60198.7,63699.84,66982.68,70527.65,74446.4
244,3517,3517,jombang,Jombang,35,Jawa Timur,East Java,3,Jawa,Java,Jombang,17350.78,18384.97,19514.85,20672.3,21793.19,22960.25,24199.07,25497,26846.15,28216.18,27657.58,28553.45,30086.17,31602.77,33230.48,35004.7
245,3518,3518,nganjuk,Nganjuk,35,Jawa Timur,East Java,3,Jawa,Java,Nganjuk,11405.45,12061.17,12766.98,13455.99,14142.88,14875.35,15661.81,16485.62,17373.26,18304.2,17990.36,18640.68,19543.18,20598.57,21614.91,22759.59
246,3519,3519,madiun,Madiun,35,Jawa Timur,East Java,3,Jawa,Java,Madiun,8119.75,8608.68,9135.7,9654.15,10169.72,10704.87,11268.9,11879.34,12485.01,13161.84,13146.12,13582.73,14169.62,14895.81,15593.2,16423.57
247,3520,3520,magetan,Magetan,35,Jawa Timur,East Java,3,Jawa,Java,Magetan,8277.79,8744.76,9251.24,9792.63,10291.68,10823.92,11398.13,11978.06,12602.6,13237.47,13020.89,13417.03,13939.15,14562.68,15259.86,16085.77
248,3521,3521,ngawi,Ngawi,35,Jawa Timur,East Java,3,Jawa,Java,Ngawi,8456.7,8973.26,9568.21,10094.01,10680.98,11223.12,11807.56,12406.43,13052.3,13710.89,13479.74,13823.46,14264.44,14904.51,15595.97,16424.65
249,3522,3522,bojonegoro,Bojonegoro,35,Jawa Timur,East Java,3,Jawa,Java,Bojonegoro,33291.91,36751.01,38136.13,39039.38,39934.83,46892.81,57187.37,63046.47,65815.56,69985.68,69703.42,65839.51,61782.87,63310.69,64367.43,67793.79
250,3523,3523,tuban,Tuban,35,Jawa Timur,East Java,3,Jawa,Java,Tuban,28017.94,29934.28,31816.25,33678.76,35519.92,37256.03,39081.76,41027.71,43139.69,45356.09,42705.01,43984.69,47890.26,49984.23,51913.41,54111.07
251,3524,3524,lamongan,Lamongan,35,Jawa Timur,East Java,3,Jawa,Java,Lamongan,16275.24,17360.49,18562.69,19848.84,21099.94,22316.88,23623.79,24922.95,26279.77,27706.16,26972.65,27896.54,29447.44,30709.18,32185.95,33924.08
252,3525,3525,gresik,Gresik,35,Jawa Timur,East Java,3,Jawa,Java,Gresik,59068.64,62898.69,67248.79,71314.18,76336.05,81380.44,85850.11,90855.6,96131.61,101346.55,97616.6,101318.69,108796.88,113825.43,119274.42,125125.85
253,3526,3526,bangkalan,Bangkalan,35,Jawa Timur,East Java,3,Jawa,Java,Bangkalan,15881.41,16406.52,16173.68,16204.01,17369.23,16906.84,17018.65,17618.6,18361.44,18550.8,17514.62,17152.78,16959.91,17164.2,17497.5,18290.98
254,3527,3527,sampang,Sampang,35,Jawa Timur,East Java,3,Jawa,Java,Sampang,10064,10315.27,10910.93,11623.79,11632.93,11874.48,12606.81,13198.46,13740.97,13994.78,13953.74,13984.57,14308.28,14674.11,14925.3,15439.52
255,3528,3528,pamekasan,Pamekasan,35,Jawa Timur,East Java,3,Jawa,Java,Pamekasan,6994.19,7429.36,7894,8375.22,8846.16,9316.86,9815.77,10310.24,10872.94,11407.36,11117.62,11496.24,12031.56,12628.69,13245.25,13969.41
256,3529,3529,sumenep,Sumenep,35,Jawa Timur,East Java,3,Jawa,Java,Sumenep,15136.53,16064.77,17665.02,20218.07,21476.94,21750.58,22311.69,22949.7,23783.32,23816.44,23546.51,24161.35,24912.62,26244.79,27234.39,28554.01
257,3571,3571,kotakediri,Kediri City,35,Jawa Timur,East Java,3,Jawa,Java,Kota Kediri,57550.59,60020.08,63185.08,65408.8,69232.89,72945.53,76988.36,80946.16,85337.68,90001.52,84374.98,86485.59,89907.21,91631.35,94774.08,96421.9
258,3572,3572,kotablitar,Blitar City,35,Jawa Timur,East Java,3,Jawa,Java,Kota Blitar,2854.96,3038.44,3236.61,3446.83,3649.65,3856.91,4079.26,4315.01,4566.2,4832.89,4722.55,4924.57,5181.61,5455.81,5746.4,6051.3
259,3573,3573,kotamalang,Malang City,35,Jawa Timur,East Java,3,Jawa,Java,Kota Malang,31377.34,33273.67,35355.74,37547.74,39724.7,41952.13,44303.9,46824.75,49500.83,52334.75,51154.53,53309.7,56678.64,60119.82,63373.3,67125.46
260,3574,3574,kotaprobolinggo,Probolinggo City,35,Jawa Timur,East Java,3,Jawa,Java,Kota Probolinggo,4921.31,5213.91,5552.08,5911.29,6261.89,6628.75,7018.29,7430.62,7871.38,8338.77,8035.27,8361.14,8872.84,9408.51,9893.27,10455.38
261,3575,3575,kotapasuruan,Pasuruan City,35,Jawa Timur,East Java,3,Jawa,Java,Kota Pasuruan,3585.35,3810.66,4051.25,4315.12,4561.26,4813.31,5076.35,5354.09,5650.49,5964.66,5706.6,5914.59,6282.38,6637.08,6998.74,7385.22
262,3576,3576,kotamojokerto,Mojokerto City,35,Jawa Timur,East Java,3,Jawa,Java,Kota Mojokerto,2987.16,3165.6,3358.42,3566.67,3774.64,3991.37,4221.83,4460.44,4718.94,4985.68,4801.46,4976.49,5253,5399.62,5686.79,5990.39
263,3577,3577,kotamadiun,Madiun City,35,Jawa Timur,East Java,3,Jawa,Java,Kota Madiun,6081.21,6494.37,6937.7,7470.68,7965.27,8455.44,8954.7,9486.14,10051.29,10623.07,10055.91,10537.7,11119.55,11764.4,12438.92,13146.6
264,3578,3578,kotasurabaya,Surabaya City,35,Jawa Timur,East Java,3,Jawa,Java,Kota Surabaya,231204.74,247686.65,265892.08,286050.73,305947.58,324215.17,343652.6,364714.82,387303.94,410879.31,390936.42,407725.83,434268.34,459030.72,485448.89,513934.51
265,3579,3579,kotabatu,Batu City,35,Jawa Timur,East Java,3,Jawa,Java,Kota Batu,6504.39,6967.98,7473.63,8018.62,8572.13,9145.95,9750.91,10390.84,11065.99,11786.65,11025.81,11471.43,12180.93,12936.6,13588.14,14247.62
266,3601,3601,pandeglang,Pandeglang,36,Banten,Banten,3,Jawa,Java,Pandeglang,12279.54,12984.4,13738.88,14387.88,15097.1,15974.13,16855.62,17866.43,18812.93,19644.13,19511.68,20116.9,20814.77,21340.73,21928.59,23064.6
267,3602,3602,lebak,Lebak,36,Banten,Banten,3,Jawa,Java,Lebak,12572.54,13325.63,14006.21,14887.98,15756.25,16733.24,17665.4,18683.74,19735.87,20810.49,20622.04,21278.48,22087.37,22706.47,23377.24,24547.6
268,3603,3603,tangerang,Tangerang,36,Banten,Banten,3,Jawa,Java,Tangerang,58099.42,62022.49,65848.28,70065.98,73828.38,77962.95,82183.6,86964.03,92011.41,97129.17,93480.39,97869.38,103219.44,108569.83,113998.21,120464.02
269,3604,3604,serang,Serang,36,Banten,Banten,3,Jawa,Java,Serang,33840.99,35905.34,37849.64,40136.68,42300.93,44454.58,46715.18,49154.64,51754.32,54347.49,52866.43,54844.65,57605.99,60369.96,63255.33,66523.75
270,3671,3671,kotatangerang,Tangerang City,36,Banten,Banten,3,Jawa,Java,Kota Tangerang,66921.38,71864.14,76945.93,81965.31,86183.52,90807.57,95654.62,101274.68,106283.62,110556.4,102415.68,106413.71,112778.1,119059.85,125060.32,131617.38
271,3672,3672,kotacilegon,Cilegon City,36,Banten,Banten,3,Jawa,Java,Kota Cilegon,44676.53,47633.32,51300.21,54732.93,57261.92,59982.73,62981.05,66444.53,70502.08,74228.64,73319.12,77163.94,80646.38,84536.65,88628.11,93753.72
272,3673,3673,kotaserang,Serang City,36,Banten,Banten,3,Jawa,Java,Kota Serang,12549.57,13595.69,14604.64,15670.78,16745.08,17808.48,18935.49,20153.02,21482.09,22813.1,22518.66,23392.75,24495.02,25655.25,26863.08,28259.41
273,3674,3674,kotatangerangselatan,South Tangerang City,36,Banten,Banten,3,Jawa,Java,Kota Tangerang Selatan,30525.31,33214.82,36091.81,39251.54,42411.47,45485.61,48552.98,52098.56,55999.11,60137.01,59531.08,62393.12,66021.24,69561.56,73052.84,76706.57
274,5101,5101,jembrana,Jembrana,51,Bali,Bali,5,Bali-Nusa Tenggara,Bali-Nusa Tenggara,Jembrana,5665.58,5999.3,6365.86,6727.79,7134.97,7576.31,8027.93,8452.03,8924.38,9420.44,8951.35,8892.8,9157.67,9492.38,9965.23,10488.93
275,5102,5102,tabanan,Tabanan,51,Bali,Bali,5,Bali-Nusa Tenggara,Bali-Nusa Tenggara,Tabanan,9325.34,9895.35,10500.46,11178.19,11908,12644.52,13420.55,14141.72,14949.32,15783.04,14808.65,14515.58,14940.44,15472.12,16236,17121.56
276,5103,5103,badung,Badung,51,Bali,Bali,5,Bali-Nusa Tenggara,Bali-Nusa Tenggara,Badung,20848.56,22322.7,24027.65,25666.53,27458.06,29170.24,31157.37,33052.05,35275.42,37326.47,31147.82,29049.52,31946.05,35553.52,37666.7,40025.31
277,5104,5104,gianyar,Gianyar,51,Bali,Bali,5,Bali-Nusa Tenggara,Bali-Nusa Tenggara,Gianyar,10902.88,11682.13,12508.66,13361.4,14269.42,15168.55,16125.36,17005.12,18027.09,19040.9,17442.44,17258.77,17956.69,18865.02,19896.35,21067.71
278,5105,5105,klungkung,Klungkung,51,Bali,Bali,5,Bali-Nusa Tenggara,Bali-Nusa Tenggara,Klungkung,3580.2,3798.86,4036.36,4280.45,4536.35,4813.39,5115.61,5387.61,5682.94,5990.94,5608.69,5595.88,5770.48,6041.65,6348.54,6708.79
279,5106,5106,bangli,Bangli,51,Bali,Bali,5,Bali-Nusa Tenggara,Bali-Nusa Tenggara,Bangli,2747.46,2916.14,3097.06,3281.16,3472.3,3686.1,3916.1,4124.22,4350.14,4587.22,4399.19,4384.73,4507.38,4665.1,4876.68,5135.46
280,5107,5107,karangasem,Karangasem,51,Bali,Bali,5,Bali-Nusa Tenggara,Bali-Nusa Tenggara,Karangasem,6749.93,7116.36,7538.03,8002.15,8482.88,8991.75,9524.23,10006.13,10550.25,11130.34,10630.37,10570.6,10843.41,11179.22,11663.31,12275.39
281,5108,5108,buleleng,Buleleng,51,Bali,Bali,5,Bali-Nusa Tenggara,Bali-Nusa Tenggara,Buleleng,13620.23,14497.37,15480.21,16587.19,17741.75,18818.62,19950.72,21023.6,22201.45,23425.32,22066.16,21785.73,22463.38,23281.43,24453.82,25807.45
282,5171,5171,kotadenpasar,Denpasar City,51,Bali,Bali,5,Bali-Nusa Tenggara,Bali-Nusa Tenggara,Kota Denpasar,20309.17,21763.41,23397.17,25026.21,26778.59,28422.7,30273.39,32105.35,34166.04,36154.42,32740.22,32439.61,34066.71,36004.3,38001.22,40322.83
283,5201,5201,lombokbarat,West Lombok,52,Nusa Tenggara Barat,West Nusa Tenggara,5,Bali-Nusa Tenggara,Bali-Nusa Tenggara,Lombok Barat,7011.32,7435.39,7827.19,8238.7,8708.31,9264.35,9792.22,10432.31,10491.75,10894.64,10128.3,10472.21,10834.22,11379.48,11723.12,12280.94
284,5202,5202,lomboktengah,Central Lombok,52,Nusa Tenggara Barat,West Nusa Tenggara,5,Bali-Nusa Tenggara,Bali-Nusa Tenggara,Lombok Tengah,6833.07,7577.2,8616.44,9153.91,9728.88,10274.09,10854.98,11553.46,11916.53,12398.52,11571,12037.48,12464.4,13183.34,13624.03,14287.28
285,5203,5203,lomboktimur,East Lombok,52,Nusa Tenggara Barat,West Nusa Tenggara,5,Bali-Nusa Tenggara,Bali-Nusa Tenggara,Lombok Timur,9083.43,9649.66,10173.54,10734.56,11249.58,11916.96,12540.5,13323.96,13777.05,14424.04,13974.02,14410.1,14867.66,15508.94,16160.3,16956.31
286,5204,5204,sumbawa,Sumbawa,52,Nusa Tenggara Barat,West Nusa Tenggara,5,Bali-Nusa Tenggara,Bali-Nusa Tenggara,Sumbawa,6175.92,6606.35,7046.79,7500.25,7997.18,8510.47,8971.95,9587.03,9985.59,10470.75,10032.95,10220.82,10548.58,10929.06,11269.83,11752.86
287,5205,5205,dompu,Dompu,52,Nusa Tenggara Barat,West Nusa Tenggara,5,Bali-Nusa Tenggara,Bali-Nusa Tenggara,Dompu,3084.87,3307.02,3511.43,3688.73,3892.99,4132.46,4346.82,4640.18,4843.38,5059.3,4896.65,4978.99,5125.83,5288.43,5479.92,5740.37
288,5206,5206,bima,Bima,52,Nusa Tenggara Barat,West Nusa Tenggara,5,Bali-Nusa Tenggara,Bali-Nusa Tenggara,Bima,5094.27,5402.24,5723.49,6016.13,6377.8,6783.72,7143.34,7590.91,7897.79,8234.04,7943.64,8085.7,8314.35,8640.92,8884.21,9170.05
289,5207,5207,sumbawabarat,West Sumbawa,52,Nusa Tenggara Barat,West Nusa Tenggara,5,Bali-Nusa Tenggara,Bali-Nusa Tenggara,Sumbawa Barat,20465.06,14697.66,10836.58,11218.82,11071.63,22925.68,24534.9,19773.72,12937.53,12789.11,16470.71,16415.89,20379.44,18265.35,20458.11,19842.09
290,5208,5208,lombokutara,North Lombok,52,Nusa Tenggara Barat,West Nusa Tenggara,5,Bali-Nusa Tenggara,Bali-Nusa Tenggara,Lombok Utara,2369.37,2495.98,2597.8,2704.66,2828.84,2966.67,3121.62,3313.32,3284.66,3477.13,3217.77,3262.16,3376.02,3548.23,3699.96,3853.89
291,5271,5271,kotamataram,Mataram City,52,Nusa Tenggara Barat,West Nusa Tenggara,5,Bali-Nusa Tenggara,Bali-Nusa Tenggara,Kota Mataram,8147.46,8389,8476.04,9149.73,9890.46,10678.17,11533.9,12464.41,13082,13811.86,13049.74,13475.87,13951.85,14581.39,15182.76,16007.54
292,5272,5272,kotabima,Bima City,52,Nusa Tenggara Barat,West Nusa Tenggara,5,Bali-Nusa Tenggara,Bali-Nusa Tenggara,Kota Bima,1857.96,1953.16,2062.5,2177.54,2305.83,2438.49,2579.58,2751.19,2880.59,3029.04,2879.23,2939.06,3018.4,3174.09,3302.3,3432.89
293,5301,5301,sumbabarat,West Sumba,53,Nusa Tenggara Timur,East Nusa Tenggara ,5,Bali-Nusa Tenggara,Bali-Nusa Tenggara,Sumba Barat,930.86,975.76,1024.89,1077.82,1129.1,1183.32,1242.52,1304.95,1371.05,1441.32,1437.37,1452.22,1499.16,1554.66,1613.03,1697.12
294,5302,5302,sumbatimur,East Sumba,53,Nusa Tenggara Timur,East Nusa Tenggara ,5,Bali-Nusa Tenggara,Bali-Nusa Tenggara,Sumba Timur,2556.85,2689.89,2826.64,2969.85,3118,3274.75,3440.58,3618.32,3805.96,4001.27,3966.2,4011.75,4117.07,4243.45,4397.7,4606.77
295,5303,5303,kupang,Kupang,53,Nusa Tenggara Timur,East Nusa Tenggara ,5,Bali-Nusa Tenggara,Bali-Nusa Tenggara,Kupang,3107.88,3257.07,3421.35,3594.75,3778.24,3968.94,4159.67,4371.88,4595.32,4791.68,4754.94,4885.92,5023.19,5203.02,5388.81,5648.11
296,5304,5304,timortengahselatan,South Central Timor,53,Nusa Tenggara Timur,East Nusa Tenggara ,5,Bali-Nusa Tenggara,Bali-Nusa Tenggara,Timor Tengah Selatan,3188.77,3320.19,3459,3606.17,3763.52,3928.82,4113.98,4320.34,4540.62,4771.99,4769.17,4883.87,5035.91,5197.44,5372.48,5595.81
297,5305,5305,timortengahutara,North Central Timor,53,Nusa Tenggara Timur,East Nusa Tenggara ,5,Bali-Nusa Tenggara,Bali-Nusa Tenggara,Timor Tengah Utara,1913.4,1999.69,2088.13,2180.04,2279.99,2387.08,2501.68,2626.9,2758.97,2899.82,2880.93,2949.05,3031.9,3123.99,3225.46,3370.11
298,5306,5306,belu,Belu,53,Nusa Tenggara Timur,East Nusa Tenggara ,5,Bali-Nusa Tenggara,Bali-Nusa Tenggara,Belu,1834.49,1913.24,2014.21,2135.8,2254.67,2374.99,2511.9,2657.05,2805.71,2956.52,2968.23,3020.03,3116.22,3233.29,3362.18,3536.17
299,5307,5307,alor,Alor,53,Nusa Tenggara Timur,East Nusa Tenggara ,5,Bali-Nusa Tenggara,Bali-Nusa Tenggara,Alor,1302.16,1375.38,1441.95,1503.16,1575.3,1651.91,1730.55,1817.74,1909.71,2007.18,1996.04,2045.99,2106.89,2193.02,2288.24,2392.73
300,5308,5308,lembata,Lembata,53,Nusa Tenggara Timur,East Nusa Tenggara ,5,Bali-Nusa Tenggara,Bali-Nusa Tenggara,Lembata,755.08,792.01,829.79,870.92,915.27,960.86,1006.57,1057.25,1110.48,1166.98,1162.84,1179.53,1210.01,1242.2,1283.82,1341.2
301,5309,5309,florestimur,East Flores,53,Nusa Tenggara Timur,East Nusa Tenggara ,5,Bali-Nusa Tenggara,Bali-Nusa Tenggara,Flores Timur,2324.44,2429.25,2536.43,2658.76,2787.34,2915.83,3045.56,3182.46,3333.45,3493.52,3498.47,3522.55,3583.49,3691.15,3798.16,3987.25
302,5310,5310,sikka,Sikka,53,Nusa Tenggara Timur,East Nusa Tenggara ,5,Bali-Nusa Tenggara,Bali-Nusa Tenggara,Sikka,2207.69,2306.32,2396.48,2497.22,2611,2725.79,2860.29,3011.13,3169.65,3334.18,3305.67,3375.93,3489.47,3619.84,3765.96,3955.83
303,5311,5311,ende,Ende,53,Nusa Tenggara Timur,East Nusa Tenggara ,5,Bali-Nusa Tenggara,Bali-Nusa Tenggara,Ende,2640.08,2775.3,2921.23,3077.03,3231.2,3395.12,3567.47,3747.14,3931.68,4131.22,4076.21,4162.98,4291.79,4446.21,4624.57,4882.72
304,5312,5312,ngada,Ngada,53,Nusa Tenggara Timur,East Nusa Tenggara ,5,Bali-Nusa Tenggara,Bali-Nusa Tenggara,Ngada,1465.15,1545.73,1641.79,1725.3,1808.63,1893.45,1991.67,2094.62,2199.29,2309.36,2310.19,2336.24,2407.73,2491.95,2583.19,2693.64
305,5313,5313,manggarai,Manggarai,53,Nusa Tenggara Timur,East Nusa Tenggara ,5,Bali-Nusa Tenggara,Bali-Nusa Tenggara,Manggarai,1918.08,2021.94,2128.58,2244.2,2358.86,2476.81,2602.83,2735.43,2874.67,3018.3,2991.32,3064.12,3151.54,3270.48,3399.33,3572.34
306,5314,5314,rotendao,Rote Ndao,53,Nusa Tenggara Timur,East Nusa Tenggara ,5,Bali-Nusa Tenggara,Bali-Nusa Tenggara,Rote Ndao,1246.02,1307.04,1364.97,1422.93,1491.99,1567.48,1648.32,1737.62,1831.66,1927.58,1931.72,1974.99,2044.51,2101.61,2169.04,2341.69
307,5315,5315,manggaraibarat,West Manggarai,53,Nusa Tenggara Timur,East Nusa Tenggara ,5,Bali-Nusa Tenggara,Bali-Nusa Tenggara,Manggarai Barat,1512.76,1556.9,1616.46,1689.04,1757.87,1836.05,1925.39,2023.76,2129.51,2247.44,2267.58,2296.74,2391.36,2505.97,2629.6,2782.75
308,5316,5316,sumbatengah,Central Sumba,53,Nusa Tenggara Timur,East Nusa Tenggara ,5,Bali-Nusa Tenggara,Bali-Nusa Tenggara,Sumba Tengah,500.44,521.11,542.82,566.65,590.58,618.87,648.72,680.65,714.37,750.15,756.61,767.26,786.61,809.49,839.52,882.05
309,5317,5317,sumbabaratdaya,Southwest Sumba,53,Nusa Tenggara Timur,East Nusa Tenggara ,5,Bali-Nusa Tenggara,Bali-Nusa Tenggara,Sumba Barat Daya,1481.8,1550.61,1650.91,1742.45,1812.41,1896.28,1988.69,2089.21,2193.9,2305.02,2307.21,2355.32,2445.81,2520.84,2618.85,2739.34
310,5318,5318,nagekeo,Nagekeo,53,Nusa Tenggara Timur,East Nusa Tenggara ,5,Bali-Nusa Tenggara,Bali-Nusa Tenggara,Nagekeo,917.29,957.73,1000.19,1045.6,1093.55,1143.94,1196.14,1253.9,1313.44,1371.27,1378.04,1406.75,1449.75,1493.89,1541.11,1612.19
311,5319,5319,manggaraitimur,East Manggarai,53,Nusa Tenggara Timur,East Nusa Tenggara ,5,Bali-Nusa Tenggara,Bali-Nusa Tenggara,Manggarai Timur,1286.6,1345.47,1426.24,1502.45,1581.65,1662.33,1747.25,1836.08,1927.96,2023.56,2040.01,2087.11,2165.14,2239.61,2326.65,2437.14
312,5320,5320,saburaijua,Sabu Raijua,53,Nusa Tenggara Timur,East Nusa Tenggara ,5,Bali-Nusa Tenggara,Bali-Nusa Tenggara,Sabu Raijua,479.78,523.13,555.82,583.84,613.86,644.8,677.33,711.9,748.41,781.83,773.18,786.3,809.89,828.32,867.23,911.4
313,5321,5321,malaka,Malaka,53,Nusa Tenggara Timur,East Nusa Tenggara ,5,Bali-Nusa Tenggara,Bali-Nusa Tenggara,Malaka,1210.73,1253.24,1312.59,1386.77,1457.21,1528.58,1605.27,1687.34,1773.64,1860.5,1879.14,1915.74,1987.25,2062.19,2126.01,2214.37
314,5371,5371,kotakupang,Kupang City,53,Nusa Tenggara Timur,East Nusa Tenggara ,5,Bali-Nusa Tenggara,Bali-Nusa Tenggara,Kota Kupang,9066.27,9867.24,10609.47,11373.41,12147.98,12953.37,13826.09,14770.13,15743.69,16693.92,16351,16569.5,17142.09,17869.4,18722.14,19790.06
315,6101,6101,sambas,Sambas,61,Kalimantan Barat,West Kalimantan,6,Kalimantan,Kalimantan,Sambas,8555.75,9042.54,9576.46,10167.42,10715.97,11226.27,11813.97,12411.93,13023.68,13641.74,13363.52,13947.82,14594.28,15277.02,16001.51,16759.28
316,6102,6102,bengkayang,Bengkayang,61,Kalimantan Barat,West Kalimantan,6,Kalimantan,Kalimantan,Bengkayang,3649.15,3834.74,4059.79,4299.25,4472.29,4649.5,4889.16,5163.9,5434.86,5714.3,5600.32,5842.93,6161.45,6449.88,6755.97,7085.41
317,6103,6103,landak,Landak,61,Kalimantan Barat,West Kalimantan,6,Kalimantan,Kalimantan,Landak,4489.72,4711.89,4967.09,5225.51,5483.21,5763.42,6067.56,6381.21,6694.98,7022.01,6972.05,7312.56,7652.01,7988.2,8351.06,8740.72
318,6104,6104,mempawah,Mempawah,61,Kalimantan Barat,West Kalimantan,6,Kalimantan,Kalimantan,Mempawah,3310.82,3410,3548.33,3741.34,3953.65,4175.72,4425.72,4685.37,4955.36,5241.75,5251.04,5466.32,5723.03,6014.54,6412.73,6941.41
319,6105,6105,sanggau,Sanggau,61,Kalimantan Barat,West Kalimantan,6,Kalimantan,Kalimantan,Sanggau,8738.51,9182.81,9736.12,10318.13,10654.83,11047.18,11636.87,12157.88,12670,13142.29,13235.26,13790.45,14425.58,14719.8,15328.48,16139.85
320,6106,6106,ketapang,Ketapang,61,Kalimantan Barat,West Kalimantan,6,Kalimantan,Kalimantan,Ketapang,10585.71,11384.05,11913.62,12476.38,12820.51,13529.1,14607.93,15661.14,16887.78,17999.84,17911.87,18848.7,19869.76,20088.15,21070.69,22494.33
321,6107,6107,sintang,Sintang,61,Kalimantan Barat,West Kalimantan,6,Kalimantan,Kalimantan,Sintang,6031.77,6320.45,6674.58,7106.22,7487.75,7830.07,8243.74,8683.37,9130.73,9586.05,9375.71,9731.98,10215.31,10693.38,11216.5,11773.44
322,6108,6108,kapuashulu,Kapuas Hulu,61,Kalimantan Barat,West Kalimantan,6,Kalimantan,Kalimantan,Kapuas Hulu,4244.54,4419.35,4629.37,4871.34,5065.32,5301.11,5580.75,5881.74,6155.95,6390,6234.48,6510.87,6805.58,7119.65,7457.75,7813.21
323,6109,6109,sekadau,Sekadau,61,Kalimantan Barat,West Kalimantan,6,Kalimantan,Kalimantan,Sekadau,2582.49,2704.58,2872.64,3059.85,3246.28,3432.93,3636.66,3848.26,4072.44,4294.12,4252.1,4435.32,4661.47,4880.32,5117.39,5366.43
324,6110,6110,melawi,Melawi,61,Kalimantan Barat,West Kalimantan,6,Kalimantan,Kalimantan,Melawi,2206.01,2300.22,2443.38,2561.91,2683.21,2809.3,2942.75,3081.2,3242.89,3385.82,3348.11,3500.14,3671.61,3838.95,4021.65,4191.79
325,6111,6111,kayongutara,North Kayong,61,Kalimantan Barat,West Kalimantan,6,Kalimantan,Kalimantan,Kayong Utara,1588.75,1669.03,1765.45,1858.13,1963.34,2062.07,2185.47,2302.84,2416.58,2536.74,2517.55,2633.24,2765.56,2889.47,3019.94,3197.95
326,6112,6112,kuburaya,Kubu Raya,61,Kalimantan Barat,West Kalimantan,6,Kalimantan,Kalimantan,Kubu Raya,10600.28,11294.02,12040.89,12822.54,13628.07,14493.65,15416.53,16424.3,17287.11,18268.64,17831.73,18754.97,19772.49,20757.8,21794.06,22893.73
327,6171,6171,kotapontianak,Pontianak City,61,Kalimantan Barat,West Kalimantan,6,Kalimantan,Kalimantan,Kota Pontianak,15338.09,16112.64,17364.88,18724.84,19761.34,20747.49,21801.14,22881.97,23846.67,24804.7,23822.51,24920.92,26159.52,27404.86,28784.47,30321.78
328,6172,6172,kotasingkawang,Singkawang City,61,Kalimantan Barat,West Kalimantan,6,Kalimantan,Kalimantan,Kota Singkawang,4144.24,4382.68,4678.85,4982.16,5311.8,5639.57,5930.95,6250.02,6540.22,6828.39,6657.05,6977.77,7324.63,7694.93,8084.58,8520.17
329,6201,6201,kotawaringinbarat,West Kotawaringin,62,Kalimantan Tengah,Central Kalimantan ,6,Kalimantan,Kalimantan,Kotawaringin Barat,7179.47,7722.19,8239.29,8815.08,9423.2,10113.25,10704.71,11432.69,12173.28,12877.64,13004.27,13733.18,14558.38,15446.71,16071.8,16983.89
330,6202,6202,kotawaringintimur,East Kotawaringin,62,Kalimantan Tengah,Central Kalimantan ,6,Kalimantan,Kalimantan,Kotawaringin Timur,9686.96,10376.02,11103.68,11968.35,12851.02,13836,14932.76,16118.19,17234.26,18457.37,17893.09,18269.73,19622.86,19975.24,20764.66,21972.54
331,6203,6203,kapuas,Kapuas,62,Kalimantan Tengah,Central Kalimantan ,6,Kalimantan,Kalimantan,Kapuas,5963.91,6313.07,6722.38,7179.97,7682.85,8241.41,8842.07,9515.6,10182.44,10911.52,10797.99,11306.38,12102.18,12794.09,13418.88,14052.96
332,6204,6204,baritoselatan,South Barito,62,Kalimantan Tengah,Central Kalimantan ,6,Kalimantan,Kalimantan,Barito Selatan,2694.57,2884.93,3038.44,3197.78,3367.46,3554.13,3754.05,3958.25,4160.88,4367.13,4240.61,4331.03,4602.95,4753.49,4972.06,5178.25
333,6205,6205,baritoutara,North Barito,62,Kalimantan Tengah,Central Kalimantan ,6,Kalimantan,Kalimantan,Barito Utara,4231.35,4566.77,4851.16,5192.55,5410.38,5696.53,6008.58,6369.62,6748.6,7114.71,6955.41,7151.78,7597.87,8015.28,8418.21,8680.76
334,6206,6206,sukamara,Sukamara,62,Kalimantan Tengah,Central Kalimantan ,6,Kalimantan,Kalimantan,Sukamara,1665.77,1764.34,1875.1,1995.77,2116.6,2243.81,2381.09,2530.34,2686.34,2849.19,2905.47,3043.13,3214.21,3395.63,3526.85,3671.5
335,6207,6207,lamandau,Lamandau,62,Kalimantan Tengah,Central Kalimantan ,6,Kalimantan,Kalimantan,Lamandau,2076.76,2204.96,2358.68,2523.7,2699.77,2882.15,3074.91,3280.86,3505.61,3746.51,3815.65,3968.76,4208.9,4275.66,4429.39,4568.32
336,6208,6208,seruyan,Seruyan,62,Kalimantan Tengah,Central Kalimantan ,6,Kalimantan,Kalimantan,Seruyan,3809.81,3993.26,4199.4,4463.25,4700.3,4943.25,5196.33,5465.51,5750.25,6042.81,5908.25,6033.56,6275.37,6554.36,6746.41,6947.08
337,6209,6209,katingan,Katingan,62,Kalimantan Tengah,Central Kalimantan ,6,Kalimantan,Kalimantan,Katingan,2932.76,3112.73,3306.74,3516.16,3746.35,3990.9,4252,4531.08,4829.63,5110.22,4947.51,5091.12,5375.13,5695.61,5960.2,6250.15
338,6210,6210,pulangpisau,Pulang Pisau,62,Kalimantan Tengah,Central Kalimantan ,6,Kalimantan,Kalimantan,Pulang Pisau,1935.89,2042.89,2174.86,2322.63,2490.48,2682.57,2845.27,3011.28,3190.17,3393.13,3484.01,3596.82,3764.67,3946.9,4118.85,4286.26
339,6211,6211,gunungmas,Gunung Mas,62,Kalimantan Tengah,Central Kalimantan ,6,Kalimantan,Kalimantan,Gunung Mas,1944.39,2072.08,2202.33,2353.54,2504.47,2678.72,2866.19,3056.18,3266.08,3501.67,3620.43,3804.71,4050.88,4222.88,4412.22,4611.93
340,6212,6212,baritotimur,East Barito,62,Kalimantan Tengah,Central Kalimantan ,6,Kalimantan,Kalimantan,Barito Timur,3189.87,3412.63,3618.84,3862.52,4065.16,4274.84,4509.97,4779.69,5052.8,5327.94,5182.5,5336.34,5659.98,5856.97,6081.22,6318.68
341,6213,6213,murungraya,Murung Raya,62,Kalimantan Tengah,Central Kalimantan ,6,Kalimantan,Kalimantan,Murung Raya,3379.39,3639.68,3887.84,4140.13,4382.51,4684.23,4953.89,5244.66,5538.87,5868.03,5724.09,5974.79,6395.04,6743.91,7080.08,7460.76
342,6271,6271,kotapalangkaraya,Palangka Raya City,62,Kalimantan Tengah,Central Kalimantan ,6,Kalimantan,Kalimantan,Kota Palangka Raya,5840.12,6264.96,6721.51,7227.38,7730.53,8286.03,8859.55,9479.17,10156.32,10884.64,10574.67,11031.47,11720.41,12485.06,13307.76,14055.48
343,6301,6301,tanahlaut,Tanah Laut,63,Kalimantan Selatan,South Kalimantan,6,Kalimantan,Kalimantan,Tanah Laut,6939.93,7446.16,7895.32,8328.54,8594.17,8840.71,9127.65,9550.76,9995.21,10366.65,10164.06,10517.16,11056.02,11584.22,12164.4,12789.73
344,6302,6302,kotabaru,Kotabaru,63,Kalimantan Selatan,South Kalimantan,6,Kalimantan,Kalimantan,Kota Baru,11443.59,12168.99,12963.67,13640.41,14276.62,14749.94,15376.93,16148.14,16938.1,17637.05,17304.87,17884.58,18703.45,19504.96,20538.67,21636.11
345,6303,6303,banjar,Banjar,63,Kalimantan Selatan,South Kalimantan,6,Kalimantan,Kalimantan,Banjar,7605.09,8158.85,8670.84,9069.63,9530.73,9950.52,10418.68,10903.97,11450.22,11967.13,11732.66,12109.22,12651.49,13201.4,13828.33,14529.34
346,6304,6304,baritokuala,Barito Kuala,63,Kalimantan Selatan,South Kalimantan,6,Kalimantan,Kalimantan,Barito Kuala,3782.24,3942.44,4134.72,4304.97,4499.14,4735.92,4979.94,5268.39,5542.91,5822.27,5760.37,5942.72,6155.85,6406.42,6727.69,7082.55
347,6305,6305,tapin,Tapin,63,Kalimantan Selatan,South Kalimantan,6,Kalimantan,Kalimantan,Tapin,4065.95,4332.07,4605.78,4870.64,5135.7,5343.48,5608.97,5897.16,6192.45,6454.99,6358.49,6576.27,6898.88,7235.23,7587.87,7909.53
348,6306,6306,hulusungaiselatan,South Hulu Sungai,63,Kalimantan Selatan,South Kalimantan,6,Kalimantan,Kalimantan,Hulu Sungai Selatan,2842.09,2995.49,3155.16,3334.47,3527.59,3740.95,3968.57,4211.49,4470.25,4706.46,4650.23,4844.91,5039.77,5305.52,5578.08,5862.86
349,6307,6307,hulusungaitengah,Central Hulu Sungai,63,Kalimantan Selatan,South Kalimantan,6,Kalimantan,Kalimantan,Hulu Sungai Tengah,2996.33,3175.36,3329.33,3523.29,3719.11,3946.89,4191.95,4431.99,4660.57,4882.21,4832.75,4978.21,5173.58,5386.03,5652.78,5936.02
350,6308,6308,hulusungaiutara,North Hulu Sungai,63,Kalimantan Selatan,South Kalimantan,6,Kalimantan,Kalimantan,Hulu Sungai Utara,2039.85,2170.79,2288.01,2410.14,2554.6,2690.89,2815.48,2977.89,3151.55,3325.25,3303.34,3409.5,3548.52,3708.42,3871.97,4066.51
351,6309,6309,tabalong,Tabalong,63,Kalimantan Selatan,South Kalimantan,6,Kalimantan,Kalimantan,Tabalong,10292.21,11036.32,11625.11,12132.18,12621.2,12925.34,13331.21,13829.17,14351.35,14853.25,14481.31,14954.31,15745.72,16516.95,17320.79,18133.55
352,6310,6310,tanahbumbu,Tanah Bumbu,63,Kalimantan Selatan,South Kalimantan,6,Kalimantan,Kalimantan,Tanah Bumbu,10600.14,11439.06,12158.93,12621.18,13093.81,13478.86,13899.71,14474.75,15074.08,15613.39,15395.66,16046.92,16920.76,17739.64,18594.28,19620.61
353,6311,6311,balangan,Balangan,63,Kalimantan Selatan,South Kalimantan,6,Kalimantan,Kalimantan,Balangan,6154.98,6699.28,7147.78,7722.4,8177.67,8374.46,8593.46,8844.75,9121.16,9409.83,9177.87,9477.83,9974.65,10390.6,10821.6,11309.23
354,6371,6371,kotabanjarmasin,Banjarmasin City,63,Kalimantan Selatan,South Kalimantan,6,Kalimantan,Kalimantan,Kota Banjarmasin,13067.09,13740.23,14588.86,15600.54,16553.89,17511.61,18611.32,19801.58,21065.06,22348.71,21929.24,22677.46,23966.98,25314.94,26741.33,28253.56
355,6372,6372,kotabanjarbaru,Banjar Baru City,63,Kalimantan Selatan,South Kalimantan,6,Kalimantan,Kalimantan,Kota Banjar Baru,3475.51,3683.62,3924.62,4183.37,4462.83,4771.07,5101.95,5456.87,5833.18,6232.67,6118.39,6321.84,6823.28,7288.18,7776.93,8281.57
356,6401,6401,paser,Paser,64,Kalimantan Timur,East Kalimantan,6,Kalimantan,Kalimantan,Paser,27130.78,29383.23,31160.23,33281.22,34782.54,34472.88,32755.52,33137.65,34362.05,35734.75,34712.07,36582.32,36985.15,37493.83,38909.1,40315.07
357,6402,6402,kutaibarat,West Kutai,64,Kalimantan Timur,East Kalimantan,6,Kalimantan,Kalimantan,Kutai Barat,12795.5,15165.88,18045.83,18558.61,18906.63,18623.4,18468.16,19139.86,20108.76,21253.83,20644.38,21509.05,22536.42,23848.65,25652.15,27051.65
358,6403,6403,kutaikartanegara,Kutai Kartanegara,64,Kalimantan Timur,East Kalimantan,6,Kalimantan,Kalimantan,Kutai Kartanegara,121348.88,123191.98,129958.16,130010.3,128610.62,119388.78,117035.58,118943.99,121509.48,126272.37,120953.68,124197.1,128798.43,135406.05,143008.83,147909.34
359,6404,6404,kutaitimur,East Kutai,64,Kalimantan Timur,East Kalimantan,6,Kalimantan,Kalimantan,Kutai Timur,59132.11,69528.39,77552.44,80730.97,83496.5,84689.77,83771.69,86520.25,88582.49,95815.41,92868.68,92039.29,97173.42,104663.19,114943,116154.53
360,6405,6405,berau,Berau,64,Kalimantan Timur,East Kalimantan,6,Kalimantan,Kalimantan,Berau,14558.92,17725.23,20467.25,22591.47,24449.68,25902.53,25461.37,26227.29,26769.4,28275.57,27337.09,28802.65,29940.84,31570.05,33868.49,34707.4
361,6409,6409,penajampaserutara,North Penajam Paser,64,Kalimantan Timur,East Kalimantan,6,Kalimantan,Kalimantan,Penajam Paser Utara,4599.91,5452.17,5771.01,6201.81,6373.23,6382.22,6351.93,6506.88,6590.45,6762.58,6604.62,6492.68,7433.57,9619.37,12570.74,13390.71
362,6411,6411,mahakamulu,Mahakam Ulu,64,Kalimantan Timur,East Kalimantan,6,Kalimantan,Kalimantan,Mahakam Ulu,1145.03,1226.68,1350.08,1359.37,1426.53,1473.86,1524.14,1589.56,1675.32,1767.8,1763.93,1786.29,1802.46,1852.96,1919.65,2017.72
363,6471,6471,kotabalikpapan,Balikpapan City,64,Kalimantan Timur,East Kalimantan,6,Kalimantan,Kalimantan,Kota Balikpapan,57611.96,60260.22,63615.14,65907.25,68963.95,69785.74,73221.46,76032.08,79807.11,83793.41,83034.71,86831.69,91142.16,97060.15,100191.74,110447.41
364,6472,6472,kotasamarinda,Samarinda City,64,Kalimantan Timur,East Kalimantan,6,Kalimantan,Kalimantan,Kota Samarinda,30711.19,35535.43,35711.57,37471.85,39506.31,39523.55,39744.72,41274.97,43323.57,45491.36,45041.33,46294.41,49349.59,53604.33,58247.55,61870.65
365,6474,6474,kotabontang,Bontang City,64,Kalimantan Timur,East Kalimantan,6,Kalimantan,Kalimantan,Kota Bontang,54258.7,50234.5,45623.75,43012.34,41622.13,43437.18,42835.51,43073.06,41316.22,40427.7,39320.23,39949.08,40930.98,42633.63,41563.91,42899.73
366,6501,6501,malinau,Malinau,65,Kalimantan Utara,North Kalimantan,6,Kalimantan,Kalimantan,Malinau,4707.73,4894.69,5101.64,5691.02,6217.22,6449.01,6577.52,6971.53,7374.49,7849.49,7807.64,8159.29,8567.06,8928.41,9244.98,9573.71
367,6502,6502,bulungan,Bulungan,65,Kalimantan Utara,North Kalimantan,6,Kalimantan,Kalimantan,Bulungan,7350.39,8011.59,8646.4,9110.27,9500.92,9716.36,9996.96,10570.93,11106.35,11628.63,11547.04,11979.8,12590.48,13170.1,13687.01,14426.55
368,6503,6503,tanatidung,Tana Tidung,65,Kalimantan Utara,North Kalimantan,6,Kalimantan,Kalimantan,Tana Tidung,2836.23,2862.19,2889.51,3050.44,3209.13,3237.24,3272.72,3401.83,3523.21,3695.61,3659.9,3813.9,4016.24,4211.63,4473.03,4640
369,6504,6504,nunukan,Nunukan,65,Kalimantan Utara,North Kalimantan,6,Kalimantan,Kalimantan,Nunukan,8721.44,9520.8,10373.32,11183.82,12299.82,12630.46,13088.62,13976.75,14854.59,15861.82,15708.37,16342.24,17199.22,17931.79,18661.01,19403.42
370,6571,6571,kotatarakan,Tarakan City,65,Kalimantan Utara,North Kalimantan,6,Kalimantan,Kalimantan,Kota Tarakan,11302.79,12601.54,13871.79,14936.16,16011.62,16794.63,17790.42,19206.12,20647.43,22232.71,22065.1,22936.54,24218.41,25646.82,27112.12,28472.17
371,7101,7101,bolaangmongondow,Bolaang Mongondow,71,Sulawesi Utara,North Sulawesi,7,Sulawesi,Sulawesi,Bolaang Mongondow,3218.54,3306.24,3473.73,3705.5,3911.38,4139.1,4413.2,4707.46,5060.11,5459.31,5512.88,5726.21,6032.7,6345.24,6683.66,7015.19
372,7102,7102,minahasa,Minahasa,71,Sulawesi Utara,North Sulawesi,7,Sulawesi,Sulawesi,Minahasa,6888.26,7317.1,7794.59,8277.51,8806.21,9349.47,9915.91,10517.44,11159.07,11805.49,11685.36,12148.04,12812.87,13523.8,14265.62,15061.61
373,7103,7103,kepulauansangihe,Sangihe Islands,71,Sulawesi Utara,North Sulawesi,7,Sulawesi,Sulawesi,Kepulauan Sangihe,1867.63,1940.81,2048.63,2163.38,2281.14,2419.7,2566.76,2706.57,2855.32,3010.13,3024.28,3204.99,3379.79,3559.03,3748.34,3960.95
374,7104,7104,kepulauantalaud,Talaud Islands,71,Sulawesi Utara,North Sulawesi,7,Sulawesi,Sulawesi,Kepulauan Talaud,1047.2,1079.32,1132.9,1191.79,1253.54,1319.04,1388.75,1459.64,1532.89,1604.81,1611.74,1665.6,1752.48,1843.8,1932.15,2032.47
375,7105,7105,minahasaselatan,South Minahasa,71,Sulawesi Utara,North Sulawesi,7,Sulawesi,Sulawesi,Minahasa Selatan,3649.94,3789.76,4022.08,4287.79,4575.08,4863.5,5110.81,5444.34,5775.77,6120.45,6073.03,6371.37,6716.36,7088.43,7483.66,7877.99
376,7106,7106,minahasautara,North Minahasa,71,Sulawesi Utara,North Sulawesi,7,Sulawesi,Sulawesi,Minahasa Utara,5164.57,5517,5909.89,6318.07,6791.62,7269.08,7781.69,8288.06,8819.58,9379.23,9295.28,9793.83,10332.09,10890.66,11457.69,12088.4
377,7107,7107,bolaangmongondowutara,North Bolaang Mongondow,71,Sulawesi Utara,North Sulawesi,7,Sulawesi,Sulawesi,Bolaang Mongondow Utara,968.41,1020.03,1090.62,1168.29,1247.86,1320.2,1401.51,1489.52,1581.65,1679.21,1691.1,1749.6,1846.11,1946.27,2045.96,2154.21
378,7108,7108,siautagulandangbiaro,Siau Tagulandang Biaro Islands,71,Sulawesi Utara,North Sulawesi,7,Sulawesi,Sulawesi,Siau Tagulandang Biaro,849.53,909.35,983.81,1062.67,1143.06,1223.2,1308.89,1400.43,1494.63,1594.05,1610.52,1681.88,1769.18,1862.02,1953.79,2055.05
379,7109,7109,minahasatenggara,Southeast Minahasa,71,Sulawesi Utara,North Sulawesi,7,Sulawesi,Sulawesi,Minahasa Tenggara,2131.97,2234.17,2375.26,2527.71,2693.96,2863.53,3044.36,3238.03,3432.32,3637.72,3614.41,3769.49,3969.27,4182.82,4407.39,4631.82
380,7110,7110,bolaangmongondowselatan,South Bolaang Mongondow,71,Sulawesi Utara,North Sulawesi,7,Sulawesi,Sulawesi,Bolaang Mongondow Selatan,753.91,795.9,851.33,912.72,980.92,1039.39,1103.14,1171.96,1248.8,1328.57,1336.97,1386.96,1459.09,1536.87,1617.98,1697.53
381,7111,7111,bolaangmongondowtimur,East Bolaang Mongondow,71,Sulawesi Utara,North Sulawesi,7,Sulawesi,Sulawesi,Bolaang Mongondow Timur,1113.87,1179.72,1257.67,1341.91,1435.6,1528.6,1613.81,1706,1792.39,1878.47,1881.48,1938.8,2039.19,2148.25,2258.59,2380.71
382,7171,7171,kotamanado,Manado City,71,Sulawesi Utara,North Sulawesi,7,Sulawesi,Sulawesi,Kota Manado,14078.27,15176.42,16255.16,17419.7,18584.85,19773.19,21193.83,22622.64,24126.54,25585.61,24778.18,26053.89,27523.56,29041.61,30648.17,32415.41
383,7172,7172,kotabitung,Bitung City,71,Sulawesi Utara,North Sulawesi,7,Sulawesi,Sulawesi,Kota Bitung,6845.77,7247.82,7715.4,8229.15,8755.3,9064.84,9537.54,10127.35,10735.83,11171.83,11325.1,11846.01,12510.23,13218.72,13893.82,14820.5
384,7173,7173,kotatomohon,Tomohon City,71,Sulawesi Utara,North Sulawesi,7,Sulawesi,Sulawesi,Kota Tomohon,1804.31,1926.92,2060.55,2186.14,2322.07,2464.34,2565.3,2792.17,2963.09,3163.46,3150.49,3211.88,3378.01,3557.7,3726.48,3927.94
385,7174,7174,kotakotamobagu,Kotamobagu City,71,Sulawesi Utara,North Sulawesi,7,Sulawesi,Sulawesi,Kota Kotamobagu,1339.17,1426.09,1525.28,1632.89,1742.35,1855.96,1979.11,2113.41,2254.15,2392.38,2396.96,2498.05,2626.2,2768.43,2914.84,3068.76
386,7201,7201,banggaikepulauan,Banggai Islands,72,Sulawesi Tengah,Central Sulawesi,7,Sulawesi,Sulawesi,Banggai Kepulauan,1535.48,1660.82,1792.02,1920.75,2055.54,2192.34,2322.59,2461.85,2563.11,2666.09,2603.27,2735.24,2870.36,2984.81,3105.15,3236.51
387,7202,7202,banggai,Banggai,72,Sulawesi Tengah,Central Sulawesi,7,Sulawesi,Sulawesi,Banggai,6061.91,6824.38,7556.76,8276.98,8713.04,11510.1,15908.78,17294.28,18360.5,19450.6,18517.22,18840.59,20139.75,20627.67,21376.37,22185.32
388,7203,7203,morowali,Morowali,72,Sulawesi Tengah,Central Sulawesi,7,Sulawesi,Sulawesi,Morowali,3370.77,4101.98,5012,6203.58,6208.89,10419.75,11714.4,13363.84,28358.4,34102.75,43902.29,55000.63,70621.47,84989.24,98808.77,109491.44
389,7204,7204,poso,Poso,72,Sulawesi Tengah,Central Sulawesi,7,Sulawesi,Sulawesi,Poso,3575.04,3843.87,4134.77,4450.52,4766.59,5106.21,5413.9,5744.15,6098.17,6476.4,6221.16,6523.44,6761.15,7023.69,7289.29,7581.52
390,7205,7205,donggala,Donggala,72,Sulawesi Tengah,Central Sulawesi,7,Sulawesi,Sulawesi,Donggala,5305.18,5662.33,6044.34,6458.76,6837.37,7246.66,7559.93,7961.07,8165.23,8528.69,8165.36,8544.44,8873.91,9289.25,9639.06,10100.21
391,7206,7206,tolitoli,Tolitoli,72,Sulawesi Tengah,Central Sulawesi,7,Sulawesi,Sulawesi,Toli-Toli,3330.65,3573.67,3855.32,4160.31,4419.94,4713.02,4941.89,5193.13,5467.26,5729.04,5534.73,5776.24,5986.58,6197.86,6403.5,6646.27
392,7207,7207,buol,Buol,72,Sulawesi Tengah,Central Sulawesi,7,Sulawesi,Sulawesi,Buol,2528.85,2709.92,2907.93,3121.03,3311.07,3511.81,3620.24,3765.18,3873.9,3956.65,3842.19,4029.74,4177.12,4327.75,4470.82,4625.61
393,7208,7208,parigimoutong,Parigi Moutong,72,Sulawesi Tengah,Central Sulawesi,7,Sulawesi,Sulawesi,Parigi Moutong,7188.26,7709.22,8249.94,8839.46,9411.15,10077.88,10585.9,11143.77,11424.82,11676.77,11098.5,11616.82,12047.38,12479.5,12926.58,13433.29
394,7209,7209,tojounauna,Tojo Una-Una,72,Sulawesi Tengah,Central Sulawesi,7,Sulawesi,Sulawesi,Tojo Una-Una,2279.78,2459.31,2650.56,2852.67,3048.44,3215.55,3381.57,3571.75,3668.56,3842.41,3720.6,3878.59,4012.69,4147.74,4300.77,4489.54
395,7210,7210,sigi,Sigi,72,Sulawesi Tengah,Central Sulawesi,7,Sulawesi,Sulawesi,Sigi,3733.54,4003.17,4276.61,4571.36,4859.73,5176.03,5436.64,5770,5993.14,6211,6118.11,6464.34,6679.39,6904.56,7146.19,7425.48
396,7211,7211,banggailaut,Banggai Laut,72,Sulawesi Tengah,Central Sulawesi,7,Sulawesi,Sulawesi,Banggai Laut,930.58,1001.15,1078.05,1162.18,1253.19,1353.14,1451.93,1542.83,1617.64,1674.27,1607.82,1678.04,1746.71,1813.57,1877.36,1955.88
397,7212,7212,morowaliutara,North Morowali,72,Sulawesi Tengah,Central Sulawesi,7,Sulawesi,Sulawesi,Morowali Utara,3212.98,3871.38,4593.79,5447.6,5472.56,5867.31,6205.26,6578.53,7691.89,8090.23,8071.78,8923.86,12169.35,14972.78,17073.22,20483.26
398,7271,7271,kotapalu,Palu City,72,Sulawesi Tengah,Central Sulawesi,7,Sulawesi,Sulawesi,Kota Palu,8699.06,9462.18,10295.69,11252.68,12159.12,13100.25,13821.27,14585.8,15315.03,16180.29,15462.91,16385.58,17092.79,17941.4,18768.75,19586.92
399,7301,7301,kepulauanselayar,Selayar Islands,73,Sulawesi Selatan,South Sulawesi,7,Sulawesi,Sulawesi,Kepulauan Selayar,1807.29,1967.83,2122.81,2296.37,2503.35,2724.4,2924.72,3147.39,3422.67,3685.67,3620.2,3765.56,3903.8,4047.38,4182.33,4348.91
400,7302,7302,bulukumba,Bulukumba,73,Sulawesi Selatan,South Sulawesi,7,Sulawesi,Sulawesi,Bulukumba,4740.63,5000.76,5483.24,5909.29,6413.7,6774.32,7232.84,7730.91,8121.33,8567.46,8604.2,9013.58,9357.11,9741.4,10189.82,10642.08
401,7303,7303,bantaeng,Bantaeng,73,Sulawesi Selatan,South Sulawesi,7,Sulawesi,Sulawesi,Bantaeng,2696.3,2949.29,3234.46,3525.61,3819.28,4073.06,4374.21,4694.16,5075.84,5621.52,5650.54,6151.45,7102.04,7496.65,7823.49,8023.6
402,7304,7304,jeneponto,Jeneponto,73,Sulawesi Selatan,South Sulawesi,7,Sulawesi,Sulawesi,Jeneponto,3556.09,3856.3,4147.46,4422.9,4773.64,5085.92,5508.83,5963.56,6338.74,6685.62,6696.42,7058.35,7327.53,7466.55,7916.71,8438.81
403,7305,7305,takalar,Takalar,73,Sulawesi Selatan,South Sulawesi,7,Sulawesi,Sulawesi,Takalar,3321.67,3573.9,3809.14,4144.29,4548.62,4931.54,5405.32,5803.94,6190.67,6616.25,6575.76,6908.05,7228.4,7507.06,7832.92,8201.59
404,7306,7306,gowa,Gowa,73,Sulawesi Selatan,South Sulawesi,7,Sulawesi,Sulawesi,Gowa,7132.48,7664.51,8289.11,9070,9720.17,10380.22,11166.02,11971.36,12825.81,13783.11,14025.76,15043.7,15734.85,16650.36,17547,18782.06
405,7307,7307,sinjai,Sinjai,73,Sulawesi Selatan,South Sulawesi,7,Sulawesi,Sulawesi,Sinjai,3781.77,4069.01,4366.71,4706.67,5035.3,5415.38,5799.31,6218.64,6681.25,7090.28,7200.23,7576.83,7945.62,8399.53,8833.99,9368.78
406,7308,7308,maros,Maros,73,Sulawesi Selatan,South Sulawesi,7,Sulawesi,Sulawesi,Maros,7315.45,8137.59,9044.51,9612.26,10066.82,10916.73,11954,12768.32,13558.74,13726.28,12233.66,12400.62,13532.96,14210.16,14749.01,15374.77
407,7309,7309,pangkajenedankepulauan,Pangkajene Islands,73,Sulawesi Selatan,South Sulawesi,7,Sulawesi,Sulawesi,Pangkajene dan Kepulauan,8652.63,9503.81,10288.64,11248.48,12419.76,13367.01,14477.29,15433.5,16168.91,17205.17,16915.23,17500.61,18363.59,19236.71,20197.59,21206.55
408,7310,7310,barru,Barru,73,Sulawesi Selatan,South Sulawesi,7,Sulawesi,Sulawesi,Barru,2560.34,2768.52,3000.72,3237,3474.78,3694.24,3916.34,4169.98,4466.54,4797.43,4839.12,5069.99,5329.31,5516.25,5788.38,6086.9
409,7311,7311,bone,Bone,73,Sulawesi Selatan,South Sulawesi,7,Sulawesi,Sulawesi,Bone,11055.9,11763.8,12730.12,13531.85,14821.38,16051.87,17498.18,18970.53,20660.07,22108.04,22053.74,23273.87,24491.73,25416.03,26830.37,28447.38
410,7312,7312,soppeng,Soppeng,73,Sulawesi Selatan,South Sulawesi,7,Sulawesi,Sulawesi,Soppeng,3716.82,3983.42,4259.55,4567.54,4882.19,5131.72,5547.69,6007.46,6494.39,6993.53,7146.65,7585.98,8054.42,8322.53,8660.66,9073.58
411,7313,7313,wajo,Wajo,73,Sulawesi Selatan,South Sulawesi,7,Sulawesi,Sulawesi,Wajo,7520.13,8280.58,8819.11,9428.97,10341.08,11071.65,11620.74,12225.77,12357.35,12858.45,12708.31,13569.28,13891.79,14090.79,14727.12,15781.92
412,7314,7314,sidenrengrappang,Sidenreng Rappang,73,Sulawesi Selatan,South Sulawesi,7,Sulawesi,Sulawesi,Sidenreng Rappang,4436.09,4863.45,5297.54,5664.56,6110.2,6600.92,7179.78,7688.83,8075.03,8450.69,8401.06,8866.07,9297.02,9601.72,9990.29,10760.17
413,7315,7315,pinrang,Pinrang,73,Sulawesi Selatan,South Sulawesi,7,Sulawesi,Sulawesi,Pinrang,6595.39,7104.14,7708.9,8269.61,8940.48,9677.33,10397.11,11212.62,11987.44,12770.08,12826.45,13472.49,14082.65,14388.99,15210.21,16043.55
414,7316,7316,enrekang,Enrekang,73,Sulawesi Selatan,South Sulawesi,7,Sulawesi,Sulawesi,Enrekang,2605.14,2815.55,3021.2,3197.5,3389.15,3623.22,3899.59,4166.4,4302.05,4535.55,4592.23,4884.37,5065.36,5183.42,5423.7,5677.13
415,7317,7317,luwu,Luwu,73,Sulawesi Selatan,South Sulawesi,7,Sulawesi,Sulawesi,Luwu,5123.99,5528.31,5915.1,6372.7,6934.03,7437.42,8023.37,8567.87,9155.58,9728.97,9855.91,10449.75,11044.67,11668.14,12176.49,13081.73
416,7318,7318,tanatoraja,Tana Toraja,73,Sulawesi Selatan,South Sulawesi,7,Sulawesi,Sulawesi,Tana Toraja,2387.1,2572.92,2793.72,2994.47,3198.12,3417.3,3666.48,3940.52,4251.26,4558.14,4545.29,4780.98,5025.78,5209.56,5480.43,5754.77
417,7322,7322,luwuutara,North Luwu,73,Sulawesi Selatan,South Sulawesi,7,Sulawesi,Sulawesi,Luwu Utara,4255.59,4597.71,4911,5274.16,5739.51,6122.22,6580.9,7081.17,7675.2,8221.2,8172.74,8491.5,8876.97,9331.06,9732.44,10332.63
418,7325,7325,luwutimur,East Luwu,73,Sulawesi Selatan,South Sulawesi,7,Sulawesi,Sulawesi,Luwu Timur,11834.16,11326.59,11963.26,12717.28,13748.02,14631.06,14862.31,15318.72,15837.8,16022.95,16256.9,16030.5,16349.21,17928.43,18517.49,19202.18
419,7326,7326,torajautara,North Toraja,73,Sulawesi Selatan,South Sulawesi,7,Sulawesi,Sulawesi,Toraja Utara,2505.71,2715.13,2971.71,3261.13,3510.36,3782.8,4085.69,4421.68,4778.53,5140.01,5148.55,5357.13,5639.38,5861.32,6124.34,6452.38
420,7371,7371,kotamakasar,Makassar City,73,Sulawesi Selatan,South Sulawesi,7,Sulawesi,Sulawesi,Kota Makassar,58556.47,64622.1,70851.04,76907.41,82592.82,88828.15,95957.64,103826.16,112568.41,122465.83,120905.75,126312.83,133132.6,140197.9,147993.2,155895.57
421,7372,7372,kotaparepare,Parepare City,73,Sulawesi Selatan,South Sulawesi,7,Sulawesi,Sulawesi,Kota Parepare,2670.53,2895.48,3150.26,3400.55,3615.9,3843.72,4107.81,4394.32,4639.4,4947.79,4944.03,5162.1,5468.43,5680.82,5969.77,6214.61
422,7373,7373,kotapalopo,Palopo City,73,Sulawesi Selatan,South Sulawesi,7,Sulawesi,Sulawesi,Kota Palopo,2913.05,3143.19,3363.25,3633.01,3889.24,4140.87,4428.5,4745.9,5102.99,5447.36,5472.08,5768.28,6104.74,6369.71,6650.07,6955.29
423,7401,7401,buton,Buton,74,Sulawesi Tenggara,Southeast Sulawesi ,7,Sulawesi,Sulawesi,Buton,3640.08,4075.05,4512.65,4877.74,2209.25,2301.46,2410.49,2529.41,2657.01,2788.04,2774.41,2847.09,3010.49,3101.74,3200.92,3287.86
424,7402,7402,muna,Muna,74,Sulawesi Tenggara,Southeast Sulawesi ,7,Sulawesi,Sulawesi,Muna,3783.7,4091.09,4412.37,4706.94,3829.79,4103.78,4353.33,4572.07,4808.11,5068.04,5068.45,5228.75,5537.06,5650.87,5938.74,6169.81
425,7403,7403,konawe,Konawe,74,Sulawesi Tenggara,Southeast Sulawesi ,7,Sulawesi,Sulawesi,Konawe,4004.28,4339.14,4757.52,4383.57,4733.36,5022.75,5300.57,5576.95,6173.94,6904.79,7380.39,7954.41,9177.94,11244.66,12573.86,14118.44
426,7404,7404,kolaka,Kolaka,74,Sulawesi Tenggara,Southeast Sulawesi ,7,Sulawesi,Sulawesi,Kolaka,11045.55,12644.47,14722.38,13521.68,13587.2,14476.9,15219.39,16799.89,17781.51,18873.16,18231.97,18964.44,19415.15,20418.78,21452.48,22946.58
427,7405,7405,konaweselatan,South Konawe,74,Sulawesi Tenggara,Southeast Sulawesi ,7,Sulawesi,Sulawesi,Konawe Selatan,4462.86,4859.95,5346.78,5718.37,6127.46,6625.38,7086.11,7560.43,7988.72,8443.37,8256.32,8649.17,9154.74,9630.03,10172.3,10752.35
428,7406,7406,bombana,Bombana,74,Sulawesi Tenggara,Southeast Sulawesi ,7,Sulawesi,Sulawesi,Bombana,2453.02,2669,2967.46,3215.13,3451.47,3717.02,3918.19,4174.33,4417.81,4682.49,4708.74,4873.22,5122.34,5340.69,5609.73,5853.08
429,7407,7407,wakatobi,Wakatobi,74,Sulawesi Tenggara,Southeast Sulawesi ,7,Sulawesi,Sulawesi,Wakatobi,1553.3,1716.52,1889.7,2037.26,2197.57,2366.42,2554.96,2707.36,2883.07,3073.27,3096.55,3220.93,3374.16,3524,3692.07,3818.68
430,7408,7408,kolakautara,North Kolaka,74,Sulawesi Tenggara,Southeast Sulawesi ,7,Sulawesi,Sulawesi,Kolaka Utara,3172.45,3477.62,3889.67,4228.09,4581.38,4904.23,5280.49,5598.71,5967.48,6331.38,6360.26,6529.38,6770.49,7040.84,7320.44,7623.62
431,7409,7409,butonutara,North Buton,74,Sulawesi Tenggara,Southeast Sulawesi ,7,Sulawesi,Sulawesi,Buton Utara,1194.95,1308.89,1423.85,1549.53,1698.13,1768.24,1875.13,1992.1,2108.65,2228.59,2250.75,2342.59,2460.04,2520.46,2613.28,2706.05
432,7410,7410,konaweutara,North Konawe,74,Sulawesi Tenggara,Southeast Sulawesi ,7,Sulawesi,Sulawesi,Konawe Utara,1610.76,1756.43,1907.06,2040.84,2105.15,2247.31,2374.01,2516.56,2677.02,2848.57,2828.03,2957.88,3107.85,3264.06,3451.27,3600.96
433,7411,7411,kolakatimur,East Kolaka,74,Sulawesi Tenggara,Southeast Sulawesi ,7,Sulawesi,Sulawesi,Kolaka Timur,,,,2256.16,2455.74,2607.7,2800.75,2943.93,3084.37,3266.77,3256.58,3413.96,3566.4,3638.88,3753.74,3855.8
434,7412,7412,konawekepulauan,Konawe Islands,74,Sulawesi Tenggara,Southeast Sulawesi ,7,Sulawesi,Sulawesi,Konawe Kepulauan,,,,681.55,733.95,791.13,852.99,913.55,981.37,1053.58,1046.99,1071.11,1105.75,1136.61,1217.96,1279.21
435,7413,7413,munabarat,West Muna,74,Sulawesi Tenggara,Southeast Sulawesi ,7,Sulawesi,Sulawesi,Muna Barat,,,,,1326.54,1433.66,1537.09,1618.72,1725.89,1843.1,1850.88,1924.09,2002.59,2111.98,2176.86,2255.28
436,7414,7414,butontengah,Central Buton,74,Sulawesi Tenggara,Southeast Sulawesi ,7,Sulawesi,Sulawesi,Buton Tengah,,,,,1260.52,1296.6,1401.36,1492.05,1579.01,1656.39,1706.71,1759.94,1827.9,1892.41,1955.26,2063.91
437,7415,7415,butonselatan,South Buton,74,Sulawesi Tenggara,Southeast Sulawesi ,7,Sulawesi,Sulawesi,Buton Selatan,,,,,1562.37,1626.28,1742.7,1864.28,1966.49,2062.35,2033.59,2080.2,2161.37,2213.51,2320.67,2435.2
438,7471,7471,kotakendari,Kendari City,74,Sulawesi Tenggara,Southeast Sulawesi ,7,Sulawesi,Sulawesi,Kota Kendari,8194.9,9036,9926.25,10787.97,11848.05,12784.37,13935.91,14825.46,15727.05,16745.4,16527.13,17165.19,18012.91,18604.82,19499.41,20504.96
439,7472,7472,kotabaubau,Baubau City,74,Sulawesi Tenggara,Southeast Sulawesi ,7,Sulawesi,Sulawesi,Kota Baubau,3285.32,3598.2,3951.83,4267.64,4635.83,5045.45,5450.87,5825.48,6216.22,6626.11,6572.25,6844.69,7205.82,7449.39,7773.88,8122.2
440,7501,7501,boalemo,Boalemo,75,Gorontalo,Gorontalo,7,Sulawesi,Sulawesi,Boalemo,1930.38,2060.45,2213.39,2378.89,2552.69,2715.28,2886.16,3078.28,3284.06,3504.25,3497.05,3568.35,3678.29,3841.2,3977.46,4172.83
441,7502,7502,gorontalo,Gorontalo,75,Gorontalo,Gorontalo,7,Sulawesi,Sulawesi,Gorontalo,4820.74,5193.09,5594.79,6027.13,6495.46,6905.44,7362.44,7861.95,8349.31,8868.73,8867.72,9083.62,9441.83,9867.52,10272.82,10822.08
442,7503,7503,pohuwato,Pohuwato,75,Gorontalo,Gorontalo,7,Sulawesi,Sulawesi,Pohuwato,2535.3,2715.45,2919.37,3143.29,3372.7,3577.85,3815.58,4074.28,4338.08,4610.49,4602.33,4704.13,4850.95,5064.67,5269.16,5664.59
443,7504,7504,bonebolango,Bone Bolango,75,Gorontalo,Gorontalo,7,Sulawesi,Sulawesi,Bone Bolango,1719.66,1838.62,1975.88,2126.54,2290.62,2439.92,2601.32,2785.64,2965.46,3153.9,3155.95,3225.23,3355.74,3506.12,3653.05,3837.19
444,7505,7505,gorontaloutara,North Gorontalo,75,Gorontalo,Gorontalo,7,Sulawesi,Sulawesi,Gorontalo Utara,1250.04,1337.55,1432.88,1535.44,1645.68,1765.87,1896.42,2036.91,2177.97,2325.47,2325.06,2376.38,2455.76,2561.6,2668.73,2823.24
445,7571,7571,kotagorontalo,Gorontalo City,75,Gorontalo,Gorontalo,7,Sulawesi,Sulawesi,Kota Gorontalo,3219.61,3470.38,3743.75,4039.67,4360.21,4675.55,5021.77,5394.64,5772.12,6173.37,6172.4,6347.38,6609.86,6908.83,7210.47,7624.43
446,7601,7601,majene,Majene,76,Sulawesi Barat,West Sulawesi,7,Sulawesi,Sulawesi,Majene,2075.03,2236.18,2401.04,2534.29,2669.8,2822.3,2992.32,3180.58,3373.36,3572.16,3522.82,3597.75,3683.44,3878.13,4083.01,4253.4
447,7602,7602,polewalimandar,Polewali Mandar,76,Sulawesi Barat,West Sulawesi,7,Sulawesi,Sulawesi,Polewali Mandar,4939.26,5405.42,5885.18,6311.09,6772.59,7254.31,7784.97,8330.45,8846.18,9390.94,9242.32,9414.9,9752.35,10197.11,10804.81,11221.54
448,7603,7603,mamasa,Mamasa,76,Sulawesi Barat,West Sulawesi,7,Sulawesi,Sulawesi,Mamasa,1307.27,1404.13,1497.9,1573.26,1650.69,1761.84,1881.28,1995.43,2116.2,2240.36,2211.84,2256.11,2296.43,2373.65,2452.48,2535.07
449,7604,7604,mamuju,Mamuju,76,Sulawesi Barat,West Sulawesi,7,Sulawesi,Sulawesi,Mamuju,4164.03,4637.59,5097.71,5528.21,6012.4,6469.55,6974.98,7470.71,7921.24,8335.09,8144,8335.01,8608.03,8993.47,9581.72,9971.86
450,7605,7605,mamujuutara,Pasangkayu,76,Sulawesi Barat,West Sulawesi,7,Sulawesi,Sulawesi,Mamuju Utara,3411.87,3931.21,4395.17,4757.69,5537.9,6014.62,6257.31,6655.78,7006.93,7315.34,7115.91,7384.67,7383.11,7883.38,7942.12,8762.02
451,7606,7606,mamujutengah,Central Mamuju,76,Sulawesi Barat,West Sulawesi,7,Sulawesi,Sulawesi,Mamuju Tengah,,,1520.16,1603.34,1698.38,1812.68,1902.19,2005.78,2120.42,2230.79,2207.93,2279.81,2333.07,2397.68,2471.17,2596.68
452,8101,8101,malukutenggarabarat,Tanimbar Islands,81,Maluku,Maluku,8,Maluku,Maluku,Maluku Tenggara Barat,980.55,1050.74,1127.43,1185.49,1262.25,1338.34,1417.2,1500.79,1590.73,1685.82,1685.32,1749.81,1848.74,1930.3,2019.45,2112.24
453,8102,8102,malukutenggara,Southeast Maluku,81,Maluku,Maluku,8,Maluku,Maluku,Maluku Tenggara,1166.82,1236.58,1323.97,1400.55,1487.04,1570.94,1660.71,1758.91,1862.2,1971.23,1966.83,2034.04,2148.91,2252.97,2375.56,2484.11
454,8103,8103,malukutengah,Central Maluku,81,Maluku,Maluku,8,Maluku,Maluku,Maluku Tengah,3532.3,3723.09,3980.23,4167.9,4429.04,4666.26,4943.33,5230.45,5539.98,5863.23,5840.04,6033.67,6348.06,6623.88,6973.51,7305.74
455,8104,8104,buru,Buru,81,Maluku,Maluku,8,Maluku,Maluku,Buru,954.86,1006.77,1061.58,1108.48,1177.52,1239.09,1309.99,1388.75,1475.06,1564.45,1564.1,1610.53,1696.49,1764.65,1841.88,1915.68
456,8105,8105,kepulauanaru,Aru Islands,81,Maluku,Maluku,8,Maluku,Maluku,Kepulauan Aru,1348.41,1419.14,1530.37,1624.36,1734.15,1821.14,1916.83,2030.36,2153.28,2278.62,2277.8,2356.73,2489.55,2613.29,2755.77,2895.39
457,8106,8106,serambagianbarat,West Seram,81,Maluku,Maluku,8,Maluku,Maluku,Seram Bagian Barat,1191.72,1261.64,1342.28,1403.35,1488.44,1573.11,1660.76,1758.4,1863.09,1966.73,1963.37,2030.11,2144.15,2244.09,2370.29,2473.33
458,8107,8107,serambagiantimur,East Seram,81,Maluku,Maluku,8,Maluku,Maluku,Seram Bagian Timur,1319.26,1431.89,1488.35,1537.04,1663.49,1760.13,1848.63,1910.39,1917.69,1936.88,1935.79,1966.86,2047.51,2127.49,2203.64,2280.48
459,8108,8108,malukubaratdaya,Southwest Maluku,81,Maluku,Maluku,8,Maluku,Maluku,Maluku Barat Daya,607.04,641.34,688.98,732.57,831.2,841.63,892.5,946.84,1004.88,1065.11,1063.73,1270.17,1400.79,1746.73,1863.84,1928.92
460,8109,8109,buruselatan,South Buru,81,Maluku,Maluku,8,Maluku,Maluku,Buru Selatan,536.04,560.89,590.03,621.7,660.56,705.28,748.86,794.74,842.55,892.11,892,923.19,974.2,1018.86,1069.47,1114.48
461,8171,8171,kotaambon,Ambon City,81,Maluku,Maluku,8,Maluku,Maluku,Kota Ambon,5911.77,6333.58,6861.33,7274.17,7704.15,8210,8715,9252.48,9827.38,10394.97,10192.38,10608,11149.41,11647.43,12341.94,12942.46
462,8172,8172,kotatual,Tual City,81,Maluku,Maluku,8,Maluku,Maluku,Kota Tual,879.82,931.73,1005.34,1066.3,1132.47,1195.77,1265.19,1337.78,1417.79,1501.02,1498.28,1551.95,1639.65,1735.59,1821.2,1899.32
463,8201,8201,halmaherabarat,West Halmahera,82,Maluku Utara,North Maluku ,8,Maluku,Maluku,Halmahera Barat,942.54,999.33,1058.32,1119.69,1180.14,1246.25,1310.14,1375.67,1444.82,1521.86,1530,1548.38,1597.17,1632.93,1729.57,1797.12
464,8202,8202,halmaheratengah,Central Halmahera,82,Maluku Utara,North Maluku ,8,Maluku,Maluku,Halmahera Tengah,952.19,1002.26,1052.59,1108.32,1087.22,1134.43,1261.99,1335.19,1428.07,1518.91,2003.83,5247.03,10618.78,15366.64,18207.19,29581.23
465,8203,8203,kepulauansula,Sula Islands,82,Maluku Utara,North Maluku ,8,Maluku,Maluku,Kepulauan Sula,988.94,1049.15,1114.24,1181.71,1254.12,1327.83,1395.65,1463.03,1544.54,1639.6,1641.28,1662.75,1722.04,1768.48,1891.21,1992.02
466,8204,8204,halmaheraselatan,South Halmahera,82,Maluku Utara,North Maluku ,8,Maluku,Maluku,Halmahera Selatan,2258.75,2399.89,2562.62,2727.95,2908.53,3064.25,3238.57,3758.57,4338.83,4865.86,5723.96,6538.17,7936.06,10431.77,13172.57,18130.13
467,8205,8205,halmaherautara,North Halmahera,82,Maluku Utara,North Maluku ,8,Maluku,Maluku,Halmahera Utara,2401.53,2544.29,2696.95,2832.85,3026.56,3220.48,3350.21,3571.92,3658.06,3754.69,3738.61,3854.41,3999.12,4036.09,4105.58,4265.42
468,8206,8206,halmaheratimur,East Halmahera,82,Maluku Utara,North Maluku ,8,Maluku,Maluku,Halmahera Timur,1555.08,1663.18,1759.42,1861.98,1682.08,1784.9,1883.15,2018.23,2179.63,2291.77,2297.2,2502.36,2531.92,3243.73,3360.45,5103.91
469,8207,8207,pulaumorotai,Morotai Island,82,Maluku Utara,North Maluku ,8,Maluku,Maluku,Pulau Morotai,617.7,645.4,687.18,728.72,773.86,821.32,872.95,927.18,989.17,1031.74,1052.46,1073.91,1107.26,1134.71,1194.88,1251.44
470,8208,8208,pulautaliabu,Taliabu Island,82,Maluku Utara,North Maluku ,8,Maluku,Maluku,Pulau Taliabu,543.18,576.47,612.56,649.58,687.87,726.53,767.88,808.59,906.04,989.63,996.25,1123.14,1162.04,1192.22,1246.02,1316.18
471,8271,8271,kotaternate,Ternate City,82,Maluku Utara,North Maluku ,8,Maluku,Maluku,Kota Ternate,3540.2,3881.91,4232.64,4557.42,4956.48,5357.32,5785.43,6222.31,6736.31,7274.9,7158.13,7341.33,7731,8117.71,8835.84,9410.29
472,8272,8272,kotatidorekepulauan,Tidore Islands City,82,Maluku Utara,North Maluku ,8,Maluku,Maluku,Kota Tidore Kepulauan,1183.79,1259.93,1339.93,1423.44,1511.19,1603.31,1687.14,1788.39,1896.24,2012.28,2033.84,2057.59,2122.63,2175.38,2317.09,2370.28
473,9101,9101,fakfak,Fakfak,91,Papua Barat,West Papua,9,Papua,Papua,Fakfak,1972.12,2084.18,2246.6,2436.27,2611.54,2801.97,2948.83,3159.03,3367.23,3545.31,3440.58,3474.01,3538.16,3603.9,3717.4,3796.49
474,9102,9102,kaimana,Kaimana,91,Papua Barat,West Papua,9,Papua,Papua,Kaimana,1126.87,1162.25,1273.15,1364.02,1438.38,1509.9,1557.82,1647.56,1739.45,1803.96,1752.82,1716,1733.75,1791.37,1829.57,1859.03
475,9103,9103,telukwondama,Teluk Bintuni,91,Papua Barat,West Papua,9,Papua,Papua,Teluk Wondama,646.65,668.3,718.56,770.28,810.36,841.91,887.5,934.03,971.46,1012.03,979.43,990.09,1021.69,1049.99,1088.51,1102.63
476,9104,9104,telukbintuni,Teluk Bintuni,91,Papua Barat,West Papua,9,Papua,Papua,Teluk Bintuni,18344.45,19510.26,20043.65,21271.11,21787.52,22408.84,23016.58,23319.46,24542.83,25380.15,25648.78,25058.62,25562.38,27108.16,35029.08,37802.57
477,9105,9105,manokwari,Manokwari,91,Papua Barat,West Papua,9,Papua,Papua,Manokwari,4131.91,4358.81,4233.73,4674.19,5076.04,5449.62,5844.72,6256.36,6579.07,6815.96,6388.76,6624.67,6760.47,6825.44,7028.07,7290.68
478,9111,9111,manokwariselatan,South Manokwari,92,Papua Barat,West Papua,9,Papua,Papua,Manokwari Selatan,,,411.09,433.29,458.42,479.46,502.57,524.9,548.39,595.22,578.45,585.58,597.38,609.92,652.59,675.83
479,9112,9112,pegununganarfak,Pegunungan Arfak,92,Papua Barat ,West Papua,9,Papua,Papua,Pegunungan Arfak,,,93.07,97.16,106,113.07,116.64,120.56,133.35,142.57,151.23,158.11,179.29,196.37,217.67,230.74
480,9201,9108,rajaampat,Raja Ampat,92,Papua Barat Daya,Southwest Papua ,9,Papua,Papua,Raja Ampat,1860.43,1752.92,1827.69,1926.04,2044.05,2084.42,2134.09,2133.79,2231.59,2324.52,2271.48,2539.34,2840.86,2867.65,2879.52,2951.46
481,9202,9107,sorong,Sorong,91,Papua Barat Daya,Southwest Papua ,9,Papua,Papua,Sorong,7176.9,7325.93,7228.14,7248.53,7471.95,7647.42,7715.82,7975.4,8426.88,8599.91,8385.33,8548.44,8720.04,9018.43,9473.72,9926.54
482,9203,9106,sorongselatan,South Sorong,91,Papua Barat Daya,Southwest Papua ,9,Papua,Papua,Sorong Selatan,727.64,782.69,838.36,894.94,959.1,1020.52,1082.13,1163.01,1234.57,1304.83,1256.92,1300.54,1374.79,1435.65,1477.86,1533.73
483,9204,9110,maybrat,Maybrat,92,Papua Barat Daya,Southwest Papua ,9,Papua,Papua,Maybrat,288.03,299.41,312.62,329.02,349.84,369.12,392.75,418.49,444.04,468.19,462.34,467.69,478.86,489.79,506.67,522.69
484,9205,9109,tambrauw,Tambrauw,92,Papua Barat Daya,Southwest Papua ,9,Papua,Papua,Tambrauw,90.17,94.1,99.85,106.2,113.38,120,125.93,133.91,141.21,150.35,146.73,147.48,152.16,158.4,173.48,185.08
485,9271,9171,kotasorong,Sorong City,92,Papua Barat Daya,Southwest Papua ,9,Papua,Papua,Kota Sorong,4996.51,5323.44,5837.36,6527.73,7317.73,8069.06,8799.52,9526.38,10167.68,10472.41,10133.16,10049.29,10151.37,10254.37,10525.31,10926.56
486,9403,9403,jayapura,Jayapura,94,Papua,Papua,9,Papua,Papua,Jayapura,4457.37,4968.32,5522.7,6086.19,6772.03,7445.58,8081.23,8647.53,9312.18,9978.84,9729.66,10105.53,10578.02,10842.92,11251.89,11658.26
487,9408,9408,kepulauanyapen,Yapen Islands,94,Papua,Papua,9,Papua,Papua,Kepulauan Yapen,1749.77,1867.58,1967.65,2112.37,2258.85,2400.15,2530,2647.46,2767.99,2898.82,2767.49,2870.9,3010.74,3086.8,3198.82,3319.88
488,9409,9409,biaknumfor,Biak Numfor,94,Papua,Papua,9,Papua,Papua,Biak Numfor,2489.81,2613.05,2800.86,2997.42,3156.01,3364.87,3501.6,3341.44,3355.45,3429.6,3255.91,3336.29,3499.54,3613.07,3695.62,3817.17
489,9419,9419,sarmi,Sarmi,94,Papua,Papua,9,Papua,Papua,Sarmi,1035.86,1099.11,1170.65,1248.99,1333.39,1426.6,1522.29,1630.36,1732.12,1833.63,1834.11,1852.96,1906.55,1974.37,2058.5,2129
490,9420,9420,keerom,Keerom,94,Papua,Papua,9,Papua,Papua,Keerom,1094.6,1193.22,1299.65,1424.29,1549.48,1658.2,1754.13,1839.17,1916.26,1991.01,1993.55,2046.03,2105.66,2148.41,2217.27,2291.91
491,9426,9426,waropen,Waropen,94,Papua,Papua,9,Papua,Papua,Waropen,676.76,748.58,836.18,934.54,1032.39,1132.16,1239.23,1334.88,1430.75,1508.37,1465.79,1478.76,1550.91,1536.32,1583.01,1643.61
492,9427,9427,supiori,Supiori,94,Papua,Papua,9,Papua,Papua,Supiori,467.52,505.73,557.12,580.84,618.33,644.64,673.17,700.18,729.4,760.97,769.12,781.12,804,819.26,845.73,880.43
493,9428,9428,mamberamoraya,Mamberamo Raya,94,Papua,Papua,9,Papua,Papua,Mamberamo Raya,473.79,533.25,594.98,649.54,712.66,786.06,849.54,904.35,957.67,1013.95,1017.23,1029.87,1061.75,1093.47,1136.71,1177.68
494,9471,9471,kotajayapura,Jayapura City,94,Papua,Papua,9,Papua,Papua,Kota Jayapura,11330.89,12538.78,13772.29,15198.1,16746.77,18166.64,19480.4,20652.97,21778.32,22857.3,22117.78,22818.57,23702.18,24775.4,25656.87,26779.51
495,9501,9401,merauke,Merauke,95,Papua Selatan,South Papua,9,Papua,Papua,Merauke,5393.47,5718.58,6133.23,6654.12,7169.28,7662.49,8249.37,8864.81,9583.66,10307.37,10209.57,10359.47,10794.74,11306.06,11855.78,12313.83
496,9502,9413,bovendigoel,Boven Digoel,95,Papua Selatan,South Papua,9,Papua,Papua,Boven Digoel,2222.23,2307.26,2399.63,2559.25,2716.09,2862.38,2998.12,3120.16,3221.87,3275.51,3190.5,3200.39,3236.99,3336.16,3460.74,3522.22
497,9503,9414,mappi,Mappi,95,Papua Selatan,South Papua,9,Papua,Papua,Mappi,1081.64,1134.23,1199.35,1261.83,1366.02,1459.66,1560.7,1670.47,1775.92,1884.4,1860.73,1897.02,1994.22,2048.2,2110.32,2167.82
498,9504,9415,asmat,Asmat,95,Papua Selatan,South Papua,9,Papua,Papua,Asmat,893.97,972.46,1041.83,1105.75,1166.18,1222.08,1297.56,1373.5,1452.8,1522.33,1531.36,1563.64,1636.37,1714.45,1811.49,1886.31
499,9601,9412,mimika,Mimika,96,Papua Tengah,Central Papua,9,Papua,Papua,Mimika,62645.72,52396.57,49348.08,54028.31,53731.05,57214.52,64942.38,67336.61,74249.68,45651.03,50871.59,69619.71,80289.15,86630.39,90791.54,66983.06
500,9602,9434,dogiyai,Dogiyai,96,Papua Tengah,Central Papua,9,Papua,Papua,Dogiyai,456.53,506.99,551.74,596.46,650.76,704.72,753.37,797.7,844.46,892.88,895.96,905.6,912.08,935.38,952.42,971.52
501,9603,9436,deiyai,Deiyai,96,Papua Tengah,Central Papua,9,Papua,Papua,Deiyai,383.61,456.5,492.08,545.73,608.61,686.96,741.3,776.91,803.58,833.65,830.73,843.06,872.24,890.12,914.77,939.09
502,9604,9404,nabire,Nabire,96,Papua Tengah,Central Papua,9,Papua,Papua,Nabire,4098.48,4392.55,4723.16,5161.21,5530.23,5946.2,6350.07,6737.17,7124.94,7457.29,7355.88,7655.17,7840.18,8110.95,8422.35,8693.69
503,9605,9410,paniai,Paniai,96,Papua Tengah,Central Papua,9,Papua,Papua,Paniai,1728.67,1799.8,1913.81,2046.93,2224.75,2443.27,2607.59,2731.72,2909.1,3020.87,3034.64,3084.09,3195.16,3271.09,3348.49,3420.7
504,9606,9435,intanjaya,Intan Jaya,96,Papua Tengah,Central Papua,9,Papua,Papua,Intan Jaya,326.84,409.47,478.83,532.81,589.84,649.35,695.9,721.39,741.54,761.71,758.85,767.52,786.29,806.89,820.83,839.85
505,9607,9433,puncak,Puncak,96,Papua Tengah,Central Papua,9,Papua,Papua,Puncak,434,457.09,492.64,537.93,588.48,643.98,691.08,737.19,786.72,824.47,825.11,830.87,862.76,878.61,897.25,914.45
506,9608,9411,puncakjaya,Puncak Jaya,96,Papua Tengah,Central Papua,9,Papua,Papua,Puncak Jaya,684.34,698.38,729.37,763.3,796.89,855.81,895.16,928.54,970.47,1010.15,969.32,981.03,1008.21,1023.35,1060.27,1089.95
507,9701,9429,nduga,Nduga,97,Papua Pegunungan,Papua Pegunungan,9,Papua,Papua,Nduga,358.3,407.15,473.52,526.84,576.78,621.27,663.07,711.12,751.96,788.34,793.77,815.25,839.9,873.25,904.37,922.87
508,9702,9402,jayawijaya,Jayawijaya,97,Papua Pegunungan,Papua Pegunungan,9,Papua,Papua,Jayawijaya,2758.22,2928.56,3153.31,3383.97,3623.14,3850.84,4030.52,4252.44,4521.86,4746.65,4592.94,4650.82,4915.66,5192.43,5494.76,5709.71
509,9703,9430,lannyjaya,Lanny Jaya,97,Papua Pegunungan,Papua Pegunungan,9,Papua,Papua,Lanny Jaya,498.88,647.3,757.44,820.4,881.52,939.7,994.26,1047.84,1103.03,1159.95,1180.65,1202.14,1249.77,1306.04,1385.76,1450.94
510,9704,9418,tolikara,Tolikara,97,Papua Pegunungan,Papua Pegunungan,9,Papua,Papua,Tolikara,688.78,743.6,745.96,791.86,845.08,886.27,926.84,969.51,1013.37,1053.1,1058.38,1068.56,1104.79,1151.07,1192.18,1232.97
511,9705,9431,mamberamotengah,Central Mamberamo,97,Papua Pegunungan,Papua Pegunungan,9,Papua,Papua,Mamberamo Tengah,366.68,408.11,475.01,526.75,573.09,609.49,644.35,680.83,715.59,750.95,758.15,769.37,775.99,812.78,845.57,877.99
512,9706,9432,yalimo,Yalimo,97,Papua Pegunungan,Papua Pegunungan,9,Papua,Papua,Yalimo,354.87,389.95,446.36,501.49,550.8,599.7,640.68,673.92,717.66,757.06,764.52,782.02,819.71,863.34,887.34,923.38
513,9707,9416,yahukimo,Yahukimo,97,Papua Pegunungan,Papua Pegunungan,9,Papua,Papua,Yahukimo,817.33,915.06,1015.43,1084.04,1160.3,1243.13,1300.44,1379.18,1454.57,1526.97,1527.28,1555.78,1582.38,1632.79,1697.99,1756.23
514,9708,9417,pegununganbintang,Pegunungan Bintang,97,Papua Pegunungan,Papua Pegunungan,9,Papua,Papua,Pegunungan Bintang,839.28,888.45,943.96,1005.51,1069.46,1132.98,1206.51,1279.45,1345.97,1409.83,1408.48,1444.53,1492.53,1540.5,1583.18,1640.89