{
"type": "FeatureCollection",
"name": "mapIndonesia514_points",
"crs": { "type": "name", "properties": { "name": "urn:ogc:def:crs:OGC:1.3:CRS84" } },
"features": [
{ "type": "Feature", "properties": { "fid": 1, "districtID": "1101", "district": "Simeulue", "district_en": "Simeulue", "provinceID": "11", "province": "Aceh", "islandID": "1", "island": "Sumatera", "longitude": 96.086233, "latitude": 2.612859 }, "geometry": { "type": "Point", "coordinates": [ 96.086233051680793, 2.612858651887957 ] } },
{ "type": "Feature", "properties": { "fid": 2, "districtID": "1102", "district": "Aceh Singkil", "district_en": "Aceh Singkil", "provinceID": "11", "province": "Aceh", "islandID": "1", "island": "Sumatera", "longitude": 97.845101, "latitude": 2.347996 }, "geometry": { "type": "Point", "coordinates": [ 97.845100694225948, 2.347995806939741 ] } },
{ "type": "Feature", "properties": { "fid": 3, "districtID": "1103", "district": "Aceh Selatan", "district_en": "South Aceh", "provinceID": "11", "province": "Aceh", "islandID": "1", "island": "Sumatera", "longitude": 97.436445, "latitude": 3.162028 }, "geometry": { "type": "Point", "coordinates": [ 97.436444780973687, 3.162027929043516 ] } },
{ "type": "Feature", "properties": { "fid": 4, "districtID": "1104", "district": "Aceh Tenggara", "district_en": "Southeast Aceh", "provinceID": "11", "province": "Aceh", "islandID": "1", "island": "Sumatera", "longitude": 97.697585, "latitude": 3.368995 }, "geometry": { "type": "Point", "coordinates": [ 97.697585463277164, 3.368995115183538 ] } },
{ "type": "Feature", "properties": { "fid": 5, "districtID": "1105", "district": "Aceh Timur", "district_en": "East Aceh", "provinceID": "11", "province": "Aceh", "islandID": "1", "island": "Sumatera", "longitude": 97.626086, "latitude": 4.630561 }, "geometry": { "type": "Point", "coordinates": [ 97.626085715487605, 4.63056096655856 ] } },
{ "type": "Feature", "properties": { "fid": 6, "districtID": "1106", "district": "Aceh Tengah", "district_en": "Central Aceh", "provinceID": "11", "province": "Aceh", "islandID": "1", "island": "Sumatera", "longitude": 96.881252, "latitude": 4.519961 }, "geometry": { "type": "Point", "coordinates": [ 96.881252395243024, 4.519961028374134 ] } },
{ "type": "Feature", "properties": { "fid": 7, "districtID": "1107", "district": "Aceh Barat", "district_en": "West Aceh", "provinceID": "11", "province": "Aceh", "islandID": "1", "island": "Sumatera", "longitude": 96.180884, "latitude": 4.454512 }, "geometry": { "type": "Point", "coordinates": [ 96.18088417091441, 4.454511926404084 ] } },
{ "type": "Feature", "properties": { "fid": 8, "districtID": "1108", "district": "Aceh Besar", "district_en": "Aceh Besar", "provinceID": "11", "province": "Aceh", "islandID": "1", "island": "Sumatera", "longitude": 95.515151, "latitude": 5.380163 }, "geometry": { "type": "Point", "coordinates": [ 95.515150615022463, 5.380162951837428 ] } },
{ "type": "Feature", "properties": { "fid": 9, "districtID": "1109", "district": "Pidie", "district_en": "Pidie", "provinceID": "11", "province": "Aceh", "islandID": "1", "island": "Sumatera", "longitude": 96.033383, "latitude": 5.053673 }, "geometry": { "type": "Point", "coordinates": [ 96.033382890364862, 5.053672671008797 ] } },
{ "type": "Feature", "properties": { "fid": 10, "districtID": "1110", "district": "Bireuen", "district_en": "Bireuen", "provinceID": "11", "province": "Aceh", "islandID": "1", "island": "Sumatera", "longitude": 96.607036, "latitude": 5.093846 }, "geometry": { "type": "Point", "coordinates": [ 96.607036235760162, 5.093846198800851 ] } },
{ "type": "Feature", "properties": { "fid": 11, "districtID": "1111", "district": "Aceh Utara", "district_en": "North Aceh", "provinceID": "11", "province": "Aceh", "islandID": "1", "island": "Sumatera", "longitude": 97.181882, "latitude": 5.015676 }, "geometry": { "type": "Point", "coordinates": [ 97.181882418389847, 5.015675518901391 ] } },
{ "type": "Feature", "properties": { "fid": 12, "districtID": "1112", "district": "Aceh Barat Daya", "district_en": "Southwest Aceh", "provinceID": "11", "province": "Aceh", "islandID": "1", "island": "Sumatera", "longitude": 96.880283, "latitude": 3.822647 }, "geometry": { "type": "Point", "coordinates": [ 96.880282518038968, 3.822647300065646 ] } },
{ "type": "Feature", "properties": { "fid": 13, "districtID": "1113", "district": "Gayo Lues", "district_en": "Gayo Lues", "provinceID": "11", "province": "Aceh", "islandID": "1", "island": "Sumatera", "longitude": 97.360067, "latitude": 3.982733 }, "geometry": { "type": "Point", "coordinates": [ 97.360067338551275, 3.982732630885289 ] } },
{ "type": "Feature", "properties": { "fid": 14, "districtID": "1114", "district": "Aceh Tamiang", "district_en": "Aceh Tamiang", "provinceID": "11", "province": "Aceh", "islandID": "1", "island": "Sumatera", "longitude": 97.983001, "latitude": 4.224536 }, "geometry": { "type": "Point", "coordinates": [ 97.983001493101767, 4.224535576693246 ] } },
{ "type": "Feature", "properties": { "fid": 15, "districtID": "1115", "district": "Nagan Raya", "district_en": "Nagan Raya", "provinceID": "11", "province": "Aceh", "islandID": "1", "island": "Sumatera", "longitude": 96.507688, "latitude": 4.164311 }, "geometry": { "type": "Point", "coordinates": [ 96.507687887770629, 4.164311322335171 ] } },
{ "type": "Feature", "properties": { "fid": 16, "districtID": "1116", "district": "Aceh Jaya", "district_en": "Aceh Jaya", "provinceID": "11", "province": "Aceh", "islandID": "1", "island": "Sumatera", "longitude": 95.678051, "latitude": 4.83252 }, "geometry": { "type": "Point", "coordinates": [ 95.678051484291899, 4.832519584165082 ] } },
{ "type": "Feature", "properties": { "fid": 17, "districtID": "1117", "district": "Bener Meriah", "district_en": "Bener Meriah", "provinceID": "11", "province": "Aceh", "islandID": "1", "island": "Sumatera", "longitude": 97.004111, "latitude": 4.77007 }, "geometry": { "type": "Point", "coordinates": [ 97.004111321012843, 4.77007019846771 ] } },
{ "type": "Feature", "properties": { "fid": 18, "districtID": "1118", "district": "Pidie Jaya", "district_en": "Pidie Jaya", "provinceID": "11", "province": "Aceh", "islandID": "1", "island": "Sumatera", "longitude": 96.213324, "latitude": 5.12477 }, "geometry": { "type": "Point", "coordinates": [ 96.213324020982412, 5.124769990300409 ] } },
{ "type": "Feature", "properties": { "fid": 19, "districtID": "1171", "district": "Kota Banda Aceh", "district_en": "Banda Aceh City", "provinceID": "11", "province": "Aceh", "islandID": "1", "island": "Sumatera", "longitude": 95.327713, "latitude": 5.558713 }, "geometry": { "type": "Point", "coordinates": [ 95.327713405528954, 5.558713337889394 ] } },
{ "type": "Feature", "properties": { "fid": 20, "districtID": "1172", "district": "Kota Sabang", "district_en": "Sabang City", "provinceID": "11", "province": "Aceh", "islandID": "1", "island": "Sumatera", "longitude": 95.305717, "latitude": 5.837758 }, "geometry": { "type": "Point", "coordinates": [ 95.305716779249295, 5.837757566631839 ] } },
{ "type": "Feature", "properties": { "fid": 21, "districtID": "1173", "district": "Kota Langsa", "district_en": "Langsa City", "provinceID": "11", "province": "Aceh", "islandID": "1", "island": "Sumatera", "longitude": 97.980592, "latitude": 4.481816 }, "geometry": { "type": "Point", "coordinates": [ 97.980592237063988, 4.481816261479521 ] } },
{ "type": "Feature", "properties": { "fid": 22, "districtID": "1174", "district": "Kota Lhokseumawe", "district_en": "Lhokseumawe City", "provinceID": "11", "province": "Aceh", "islandID": "1", "island": "Sumatera", "longitude": 97.110687, "latitude": 5.165261 }, "geometry": { "type": "Point", "coordinates": [ 97.110687134451524, 5.165261238592785 ] } },
{ "type": "Feature", "properties": { "fid": 23, "districtID": "1175", "district": "Kota Subulussalam", "district_en": "Subulussalam City", "provinceID": "11", "province": "Aceh", "islandID": "1", "island": "Sumatera", "longitude": 97.936014, "latitude": 2.730754 }, "geometry": { "type": "Point", "coordinates": [ 97.936013559917782, 2.730754448665354 ] } },
{ "type": "Feature", "properties": { "fid": 24, "districtID": "1201", "district": "Nias", "district_en": "Nias", "provinceID": "12", "province": "Sumatera Utara", "islandID": "1", "island": "Sumatera", "longitude": 97.72459, "latitude": 1.069868 }, "geometry": { "type": "Point", "coordinates": [ 97.724589524748239, 1.069867854825311 ] } },
{ "type": "Feature", "properties": { "fid": 25, "districtID": "1202", "district": "Mandailing Natal", "district_en": "Mandailing Natal", "provinceID": "12", "province": "Sumatera Utara", "islandID": "1", "island": "Sumatera", "longitude": 99.368663, "latitude": 0.776414 }, "geometry": { "type": "Point", "coordinates": [ 99.368663254641518, 0.776413966521258 ] } },
{ "type": "Feature", "properties": { "fid": 26, "districtID": "1203", "district": "Tapanuli Selatan", "district_en": "South Tapanuli", "provinceID": "12", "province": "Sumatera Utara", "islandID": "1", "island": "Sumatera", "longitude": 99.266966, "latitude": 1.500668 }, "geometry": { "type": "Point", "coordinates": [ 99.266965784611898, 1.500668018262837 ] } },
{ "type": "Feature", "properties": { "fid": 27, "districtID": "1204", "district": "Tapanuli Tengah", "district_en": "Central Tapanuli", "provinceID": "12", "province": "Sumatera Utara", "islandID": "1", "island": "Sumatera", "longitude": 98.653689, "latitude": 1.836029 }, "geometry": { "type": "Point", "coordinates": [ 98.653689378940939, 1.836028709562109 ] } },
{ "type": "Feature", "properties": { "fid": 28, "districtID": "1205", "district": "Tapanuli Utara", "district_en": "North Tapanuli", "provinceID": "12", "province": "Sumatera Utara", "islandID": "1", "island": "Sumatera", "longitude": 99.065076, "latitude": 2.001218 }, "geometry": { "type": "Point", "coordinates": [ 99.065075593013475, 2.001218142875358 ] } },
{ "type": "Feature", "properties": { "fid": 29, "districtID": "1206", "district": "Toba", "district_en": "Toba Samosir", "provinceID": "12", "province": "Sumatera Utara", "islandID": "1", "island": "Sumatera", "longitude": 99.247563, "latitude": 2.388975 }, "geometry": { "type": "Point", "coordinates": [ 99.247562703415255, 2.388975298577877 ] } },
{ "type": "Feature", "properties": { "fid": 30, "districtID": "1207", "district": "Labuhanbatu", "district_en": "Labuhan Batu", "provinceID": "12", "province": "Sumatera Utara", "islandID": "1", "island": "Sumatera", "longitude": 100.061603, "latitude": 2.285672 }, "geometry": { "type": "Point", "coordinates": [ 100.06160256519135, 2.285671607637135 ] } },
{ "type": "Feature", "properties": { "fid": 31, "districtID": "1208", "district": "Asahan", "district_en": "Asahan", "provinceID": "12", "province": "Sumatera Utara", "islandID": "1", "island": "Sumatera", "longitude": 99.559368, "latitude": 2.804945 }, "geometry": { "type": "Point", "coordinates": [ 99.559368251021425, 2.804944543697185 ] } },
{ "type": "Feature", "properties": { "fid": 32, "districtID": "1209", "district": "Simalungun", "district_en": "Simalungun", "provinceID": "12", "province": "Sumatera Utara", "islandID": "1", "island": "Sumatera", "longitude": 99.021563, "latitude": 2.969724 }, "geometry": { "type": "Point", "coordinates": [ 99.02156272993561, 2.969723649266009 ] } },
{ "type": "Feature", "properties": { "fid": 33, "districtID": "1210", "district": "Dairi", "district_en": "Dairi", "provinceID": "12", "province": "Sumatera Utara", "islandID": "1", "island": "Sumatera", "longitude": 98.279196, "latitude": 2.840527 }, "geometry": { "type": "Point", "coordinates": [ 98.279195960326064, 2.840527243448661 ] } },
{ "type": "Feature", "properties": { "fid": 34, "districtID": "1211", "district": "Karo", "district_en": "Karo", "provinceID": "12", "province": "Sumatera Utara", "islandID": "1", "island": "Sumatera", "longitude": 98.301344, "latitude": 3.11845 }, "geometry": { "type": "Point", "coordinates": [ 98.301344235126223, 3.118450208050042 ] } },
{ "type": "Feature", "properties": { "fid": 35, "districtID": "1212", "district": "Deli Serdang", "district_en": "Deli Serdang", "provinceID": "12", "province": "Sumatera Utara", "islandID": "1", "island": "Sumatera", "longitude": 98.694834, "latitude": 3.480386 }, "geometry": { "type": "Point", "coordinates": [ 98.6948337123453, 3.480385628662349 ] } },
{ "type": "Feature", "properties": { "fid": 36, "districtID": "1213", "district": "Langkat", "district_en": "Langkat", "provinceID": "12", "province": "Sumatera Utara", "islandID": "1", "island": "Sumatera", "longitude": 98.22367, "latitude": 3.708859 }, "geometry": { "type": "Point", "coordinates": [ 98.223670193065487, 3.708859492694371 ] } },
{ "type": "Feature", "properties": { "fid": 37, "districtID": "1214", "district": "Nias Selatan", "district_en": "South Nias", "provinceID": "12", "province": "Sumatera Utara", "islandID": "1", "island": "Sumatera", "longitude": 98.098855, "latitude": 0.329388 }, "geometry": { "type": "Point", "coordinates": [ 98.098855499200681, 0.329388461620228 ] } },
{ "type": "Feature", "properties": { "fid": 38, "districtID": "1215", "district": "Humbang Hasundutan", "district_en": "Humbang Hasundutan", "provinceID": "12", "province": "Sumatera Utara", "islandID": "1", "island": "Sumatera", "longitude": 98.577713, "latitude": 2.261174 }, "geometry": { "type": "Point", "coordinates": [ 98.577713377360297, 2.26117378990551 ] } },
{ "type": "Feature", "properties": { "fid": 39, "districtID": "1216", "district": "Pakpak Bharat", "district_en": "Pakpak Bharat", "provinceID": "12", "province": "Sumatera Utara", "islandID": "1", "island": "Sumatera", "longitude": 98.24306, "latitude": 2.549423 }, "geometry": { "type": "Point", "coordinates": [ 98.243060466870148, 2.549422899461925 ] } },
{ "type": "Feature", "properties": { "fid": 40, "districtID": "1217", "district": "Samosir", "district_en": "Samosir", "provinceID": "12", "province": "Sumatera Utara", "islandID": "1", "island": "Sumatera", "longitude": 98.728959, "latitude": 2.562295 }, "geometry": { "type": "Point", "coordinates": [ 98.728959021983798, 2.562295126500064 ] } },
{ "type": "Feature", "properties": { "fid": 41, "districtID": "1218", "district": "Serdang Bedagai", "district_en": "Serdang Bedagai", "provinceID": "12", "province": "Sumatera Utara", "islandID": "1", "island": "Sumatera", "longitude": 99.057712, "latitude": 3.366288 }, "geometry": { "type": "Point", "coordinates": [ 99.05771154790051, 3.366287694527266 ] } },
{ "type": "Feature", "properties": { "fid": 42, "districtID": "1219", "district": "Batu Bara", "district_en": "Batu Bara", "provinceID": "12", "province": "Sumatera Utara", "islandID": "1", "island": "Sumatera", "longitude": 99.472556, "latitude": 3.235256 }, "geometry": { "type": "Point", "coordinates": [ 99.472555849175478, 3.235255933170232 ] } },
{ "type": "Feature", "properties": { "fid": 43, "districtID": "1220", "district": "Padang Lawas Utara", "district_en": "North Padang Lawas", "provinceID": "12", "province": "Sumatera Utara", "islandID": "1", "island": "Sumatera", "longitude": 99.762963, "latitude": 1.590927 }, "geometry": { "type": "Point", "coordinates": [ 99.762962601786626, 1.590927262667687 ] } },
{ "type": "Feature", "properties": { "fid": 44, "districtID": "1221", "district": "Padang Lawas", "district_en": "Padang Lawas", "provinceID": "12", "province": "Sumatera Utara", "islandID": "1", "island": "Sumatera", "longitude": 99.851201, "latitude": 1.142268 }, "geometry": { "type": "Point", "coordinates": [ 99.851201326845299, 1.142268134588298 ] } },
{ "type": "Feature", "properties": { "fid": 45, "districtID": "1222", "district": "Labuhanbatu Selatan", "district_en": "South Labuhanbatu", "provinceID": "12", "province": "Sumatera Utara", "islandID": "1", "island": "Sumatera", "longitude": 100.14002, "latitude": 1.841967 }, "geometry": { "type": "Point", "coordinates": [ 100.140019823694473, 1.841966819336678 ] } },
{ "type": "Feature", "properties": { "fid": 46, "districtID": "1223", "district": "Labuhanbatu Utara", "district_en": "North Labuhanbatu", "provinceID": "12", "province": "Sumatera Utara", "islandID": "1", "island": "Sumatera", "longitude": 99.757813, "latitude": 2.411037 }, "geometry": { "type": "Point", "coordinates": [ 99.757812526578292, 2.411036621187093 ] } },
{ "type": "Feature", "properties": { "fid": 47, "districtID": "1224", "district": "Nias Utara", "district_en": "North Nias", "provinceID": "12", "province": "Sumatera Utara", "islandID": "1", "island": "Sumatera", "longitude": 97.35541, "latitude": 1.314967 }, "geometry": { "type": "Point", "coordinates": [ 97.355409918214534, 1.314967073494416 ] } },
{ "type": "Feature", "properties": { "fid": 48, "districtID": "1225", "district": "Nias Barat", "district_en": "West Nias", "provinceID": "12", "province": "Sumatera Utara", "islandID": "1", "island": "Sumatera", "longitude": 97.491202, "latitude": 1.03069 }, "geometry": { "type": "Point", "coordinates": [ 97.491202004006823, 1.030690310417565 ] } },
{ "type": "Feature", "properties": { "fid": 49, "districtID": "1271", "district": "Kota Sibolga", "district_en": "Sibolga City", "provinceID": "12", "province": "Sumatera Utara", "islandID": "1", "island": "Sumatera", "longitude": 98.789308, "latitude": 1.742556 }, "geometry": { "type": "Point", "coordinates": [ 98.789308131300118, 1.742556160844707 ] } },
{ "type": "Feature", "properties": { "fid": 50, "districtID": "1272", "district": "Kota Tanjung Balai", "district_en": "Tanjung Balai City", "provinceID": "12", "province": "Sumatera Utara", "islandID": "1", "island": "Sumatera", "longitude": 99.794725, "latitude": 2.963996 }, "geometry": { "type": "Point", "coordinates": [ 99.794725188603351, 2.963995724821954 ] } },
{ "type": "Feature", "properties": { "fid": 51, "districtID": "1273", "district": "Kota Pematangsiantar", "district_en": "Pematang Siantar City", "provinceID": "12", "province": "Sumatera Utara", "islandID": "1", "island": "Sumatera", "longitude": 99.059042, "latitude": 2.961427 }, "geometry": { "type": "Point", "coordinates": [ 99.059042066983565, 2.961426813194843 ] } },
{ "type": "Feature", "properties": { "fid": 52, "districtID": "1274", "district": "Kota Tebing Tinggi", "district_en": "Tebing Tinggi City", "provinceID": "12", "province": "Sumatera Utara", "islandID": "1", "island": "Sumatera", "longitude": 99.156017, "latitude": 3.328253 }, "geometry": { "type": "Point", "coordinates": [ 99.156016942611544, 3.328252566498775 ] } },
{ "type": "Feature", "properties": { "fid": 53, "districtID": "1275", "district": "Kota Medan", "district_en": "Medan City", "provinceID": "12", "province": "Sumatera Utara", "islandID": "1", "island": "Sumatera", "longitude": 98.667197, "latitude": 3.629059 }, "geometry": { "type": "Point", "coordinates": [ 98.667197153345541, 3.629058967352548 ] } },
{ "type": "Feature", "properties": { "fid": 54, "districtID": "1276", "district": "Kota Binjai", "district_en": "Binjai City", "provinceID": "12", "province": "Sumatera Utara", "islandID": "1", "island": "Sumatera", "longitude": 98.489226, "latitude": 3.600224 }, "geometry": { "type": "Point", "coordinates": [ 98.489225830425298, 3.600223607432491 ] } },
{ "type": "Feature", "properties": { "fid": 55, "districtID": "1277", "district": "Kota Padangsidempuan", "district_en": "Padangsidempuan City", "provinceID": "12", "province": "Sumatera Utara", "islandID": "1", "island": "Sumatera", "longitude": 99.285699, "latitude": 1.390808 }, "geometry": { "type": "Point", "coordinates": [ 99.285698678274755, 1.390808270175381 ] } },
{ "type": "Feature", "properties": { "fid": 56, "districtID": "1278", "district": "Kota Gunungsitoli", "district_en": "Gunungsitoli City", "provinceID": "12", "province": "Sumatera Utara", "islandID": "1", "island": "Sumatera", "longitude": 97.586679, "latitude": 1.268533 }, "geometry": { "type": "Point", "coordinates": [ 97.586678926019744, 1.268533395200499 ] } },
{ "type": "Feature", "properties": { "fid": 57, "districtID": "1301", "district": "Kepulauan Mentawai", "district_en": "Mentawai Islands", "provinceID": "13", "province": "Sumatera Barat", "islandID": "1", "island": "Sumatera", "longitude": 99.336833, "latitude": -1.849464 }, "geometry": { "type": "Point", "coordinates": [ 99.336832875304751, -1.84946436506184 ] } },
{ "type": "Feature", "properties": { "fid": 58, "districtID": "1302", "district": "Pesisir Selatan", "district_en": "South Pesisir", "provinceID": "13", "province": "Sumatera Barat", "islandID": "1", "island": "Sumatera", "longitude": 100.879294, "latitude": -1.738399 }, "geometry": { "type": "Point", "coordinates": [ 100.879293902325855, -1.738398819159568 ] } },
{ "type": "Feature", "properties": { "fid": 59, "districtID": "1303", "district": "Solok", "district_en": "Solok", "provinceID": "13", "province": "Sumatera Barat", "islandID": "1", "island": "Sumatera", "longitude": 100.841293, "latitude": -0.98359 }, "geometry": { "type": "Point", "coordinates": [ 100.841292520624663, -0.983590343776841 ] } },
{ "type": "Feature", "properties": { "fid": 60, "districtID": "1304", "district": "Sijunjung", "district_en": "Sijunjung", "provinceID": "13", "province": "Sumatera Barat", "islandID": "1", "island": "Sumatera", "longitude": 101.096152, "latitude": -0.690522 }, "geometry": { "type": "Point", "coordinates": [ 101.09615199917242, -0.690521996670343 ] } },
{ "type": "Feature", "properties": { "fid": 61, "districtID": "1305", "district": "Tanah Datar", "district_en": "Tanah Datar", "provinceID": "13", "province": "Sumatera Barat", "islandID": "1", "island": "Sumatera", "longitude": 100.58406, "latitude": -0.467654 }, "geometry": { "type": "Point", "coordinates": [ 100.584060332627715, -0.46765437277827 ] } },
{ "type": "Feature", "properties": { "fid": 62, "districtID": "1306", "district": "Padang Pariaman", "district_en": "Padang Pariaman", "provinceID": "13", "province": "Sumatera Barat", "islandID": "1", "island": "Sumatera", "longitude": 100.227938, "latitude": -0.565004 }, "geometry": { "type": "Point", "coordinates": [ 100.227938119976628, -0.565004314021941 ] } },
{ "type": "Feature", "properties": { "fid": 63, "districtID": "1307", "district": "Agam", "district_en": "Agam", "provinceID": "13", "province": "Sumatera Barat", "islandID": "1", "island": "Sumatera", "longitude": 100.170877, "latitude": -0.251879 }, "geometry": { "type": "Point", "coordinates": [ 100.170877224766727, -0.251878739982903 ] } },
{ "type": "Feature", "properties": { "fid": 64, "districtID": "1308", "district": "Lima Puluh Kota", "district_en": "Lima Puluh Kota", "provinceID": "13", "province": "Sumatera Barat", "islandID": "1", "island": "Sumatera", "longitude": 100.56966, "latitude": 0.020343 }, "geometry": { "type": "Point", "coordinates": [ 100.569660202797323, 0.020343245481635 ] } },
{ "type": "Feature", "properties": { "fid": 65, "districtID": "1309", "district": "Pasaman", "district_en": "Pasaman", "provinceID": "13", "province": "Sumatera Barat", "islandID": "1", "island": "Sumatera", "longitude": 100.087217, "latitude": 0.392632 }, "geometry": { "type": "Point", "coordinates": [ 100.087217056801933, 0.392631509073101 ] } },
{ "type": "Feature", "properties": { "fid": 66, "districtID": "1310", "district": "Solok Selatan", "district_en": "South Solok", "provinceID": "13", "province": "Sumatera Barat", "islandID": "1", "island": "Sumatera", "longitude": 101.267678, "latitude": -1.423606 }, "geometry": { "type": "Point", "coordinates": [ 101.267678422821717, -1.423605605481402 ] } },
{ "type": "Feature", "properties": { "fid": 67, "districtID": "1311", "district": "Dharmasraya", "district_en": "Dharmasraya", "provinceID": "13", "province": "Sumatera Barat", "islandID": "1", "island": "Sumatera", "longitude": 101.557226, "latitude": -1.131247 }, "geometry": { "type": "Point", "coordinates": [ 101.557225584402161, -1.131247165461833 ] } },
{ "type": "Feature", "properties": { "fid": 68, "districtID": "1312", "district": "Pasaman Barat", "district_en": "West Pasaman", "provinceID": "13", "province": "Sumatera Barat", "islandID": "1", "island": "Sumatera", "longitude": 99.685503, "latitude": 0.203453 }, "geometry": { "type": "Point", "coordinates": [ 99.68550292220678, 0.20345268937229 ] } },
{ "type": "Feature", "properties": { "fid": 69, "districtID": "1371", "district": "Kota Padang", "district_en": "Padang City", "provinceID": "13", "province": "Sumatera Barat", "islandID": "1", "island": "Sumatera", "longitude": 100.437659, "latitude": -0.898876 }, "geometry": { "type": "Point", "coordinates": [ 100.437659176345662, -0.898875515668732 ] } },
{ "type": "Feature", "properties": { "fid": 70, "districtID": "1372", "district": "Kota Solok", "district_en": "Solok City", "provinceID": "13", "province": "Sumatera Barat", "islandID": "1", "island": "Sumatera", "longitude": 100.629868, "latitude": -0.782865 }, "geometry": { "type": "Point", "coordinates": [ 100.629868371090922, -0.782864944283955 ] } },
{ "type": "Feature", "properties": { "fid": 71, "districtID": "1373", "district": "Kota Sawahlunto", "district_en": "Sawahlunto City", "provinceID": "13", "province": "Sumatera Barat", "islandID": "1", "island": "Sumatera", "longitude": 100.754407, "latitude": -0.652699 }, "geometry": { "type": "Point", "coordinates": [ 100.754407139410432, -0.652699403100969 ] } },
{ "type": "Feature", "properties": { "fid": 72, "districtID": "1374", "district": "Kota Padang Panjang", "district_en": "Padang Panjang City", "provinceID": "13", "province": "Sumatera Barat", "islandID": "1", "island": "Sumatera", "longitude": 100.402296, "latitude": -0.47245 }, "geometry": { "type": "Point", "coordinates": [ 100.402296371624516, -0.47245000788644 ] } },
{ "type": "Feature", "properties": { "fid": 73, "districtID": "1375", "district": "Kota Bukittinggi", "district_en": "Bukittinggi City", "provinceID": "13", "province": "Sumatera Barat", "islandID": "1", "island": "Sumatera", "longitude": 100.372546, "latitude": -0.299593 }, "geometry": { "type": "Point", "coordinates": [ 100.372546449295555, -0.2995927932008 ] } },
{ "type": "Feature", "properties": { "fid": 74, "districtID": "1376", "district": "Kota Payakumbuh", "district_en": "Payakumbuh City", "provinceID": "13", "province": "Sumatera Barat", "islandID": "1", "island": "Sumatera", "longitude": 100.632122, "latitude": -0.226987 }, "geometry": { "type": "Point", "coordinates": [ 100.632121853569515, -0.226986536345665 ] } },
{ "type": "Feature", "properties": { "fid": 75, "districtID": "1377", "district": "Kota Pariaman", "district_en": "Pariaman City", "provinceID": "13", "province": "Sumatera Barat", "islandID": "1", "island": "Sumatera", "longitude": 100.138102, "latitude": -0.608602 }, "geometry": { "type": "Point", "coordinates": [ 100.138102430273847, -0.608602130027022 ] } },
{ "type": "Feature", "properties": { "fid": 76, "districtID": "1401", "district": "Kuantan Singingi", "district_en": "Kuantan Singingi", "provinceID": "14", "province": "Riau", "islandID": "1", "island": "Sumatera", "longitude": 101.50592, "latitude": -0.474181 }, "geometry": { "type": "Point", "coordinates": [ 101.5059198404564, -0.474181244840156 ] } },
{ "type": "Feature", "properties": { "fid": 77, "districtID": "1402", "district": "Indragiri Hulu", "district_en": "Indragiri Hulu", "provinceID": "14", "province": "Riau", "islandID": "1", "island": "Sumatera", "longitude": 102.331886, "latitude": -0.541441 }, "geometry": { "type": "Point", "coordinates": [ 102.331886144235426, -0.541441339863251 ] } },
{ "type": "Feature", "properties": { "fid": 78, "districtID": "1403", "district": "Indragiri Hilir", "district_en": "Indragiri Hilir", "provinceID": "14", "province": "Riau", "islandID": "1", "island": "Sumatera", "longitude": 103.163805, "latitude": -0.233457 }, "geometry": { "type": "Point", "coordinates": [ 103.163805021983919, -0.233457377376841 ] } },
{ "type": "Feature", "properties": { "fid": 79, "districtID": "1404", "district": "Pelalawan", "district_en": "Pelalawan", "provinceID": "14", "province": "Riau", "islandID": "1", "island": "Sumatera", "longitude": 102.280393, "latitude": 0.217515 }, "geometry": { "type": "Point", "coordinates": [ 102.280393413216714, 0.217514942979154 ] } },
{ "type": "Feature", "properties": { "fid": 80, "districtID": "1405", "district": "Siak", "district_en": "Siak", "provinceID": "14", "province": "Riau", "islandID": "1", "island": "Sumatera", "longitude": 101.875421, "latitude": 0.817028 }, "geometry": { "type": "Point", "coordinates": [ 101.87542091062798, 0.817028320784703 ] } },
{ "type": "Feature", "properties": { "fid": 81, "districtID": "1406", "district": "Kampar", "district_en": "Kampar", "provinceID": "14", "province": "Riau", "islandID": "1", "island": "Sumatera", "longitude": 101.065756, "latitude": 0.321407 }, "geometry": { "type": "Point", "coordinates": [ 101.065755526825072, 0.321406788932109 ] } },
{ "type": "Feature", "properties": { "fid": 82, "districtID": "1407", "district": "Rokan Hulu", "district_en": "Rokan Hulu", "provinceID": "14", "province": "Riau", "islandID": "1", "island": "Sumatera", "longitude": 100.505357, "latitude": 0.943056 }, "geometry": { "type": "Point", "coordinates": [ 100.505356962543431, 0.943056247296508 ] } },
{ "type": "Feature", "properties": { "fid": 83, "districtID": "1408", "district": "Bengkalis", "district_en": "Bengkalis", "provinceID": "14", "province": "Riau", "islandID": "1", "island": "Sumatera", "longitude": 101.642866, "latitude": 1.411952 }, "geometry": { "type": "Point", "coordinates": [ 101.642865741181794, 1.41195249335656 ] } },
{ "type": "Feature", "properties": { "fid": 84, "districtID": "1409", "district": "Rokan Hilir", "district_en": "Rokan Hilir", "provinceID": "14", "province": "Riau", "islandID": "1", "island": "Sumatera", "longitude": 100.749182, "latitude": 1.773187 }, "geometry": { "type": "Point", "coordinates": [ 100.749181886098597, 1.773187485868014 ] } },
{ "type": "Feature", "properties": { "fid": 85, "districtID": "1410", "district": "Kepulauan Meranti", "district_en": "Meranti Islands", "provinceID": "14", "province": "Riau", "islandID": "1", "island": "Sumatera", "longitude": 102.64934, "latitude": 1.003268 }, "geometry": { "type": "Point", "coordinates": [ 102.649339790390243, 1.003267916711148 ] } },
{ "type": "Feature", "properties": { "fid": 86, "districtID": "1471", "district": "Kota Pekanbaru", "district_en": "Pekanbaru City", "provinceID": "14", "province": "Riau", "islandID": "1", "island": "Sumatera", "longitude": 101.465728, "latitude": 0.551277 }, "geometry": { "type": "Point", "coordinates": [ 101.465727703904506, 0.551276803808552 ] } },
{ "type": "Feature", "properties": { "fid": 87, "districtID": "1473", "district": "Kota Dumai", "district_en": "Dumai City", "provinceID": "14", "province": "Riau", "islandID": "1", "island": "Sumatera", "longitude": 101.282273, "latitude": 1.820787 }, "geometry": { "type": "Point", "coordinates": [ 101.28227326899335, 1.82078709519666 ] } },
{ "type": "Feature", "properties": { "fid": 88, "districtID": "1501", "district": "Kerinci", "district_en": "Kerinci", "provinceID": "15", "province": "Jambi", "islandID": "1", "island": "Sumatera", "longitude": 101.465333, "latitude": -2.032348 }, "geometry": { "type": "Point", "coordinates": [ 101.465332884144829, -2.032347928224369 ] } },
{ "type": "Feature", "properties": { "fid": 89, "districtID": "1502", "district": "Merangin", "district_en": "Merangin", "provinceID": "15", "province": "Jambi", "islandID": "1", "island": "Sumatera", "longitude": 102.068317, "latitude": -2.193183 }, "geometry": { "type": "Point", "coordinates": [ 102.068317171438181, -2.193183074019994 ] } },
{ "type": "Feature", "properties": { "fid": 90, "districtID": "1503", "district": "Sarolangun", "district_en": "Sarolangun", "provinceID": "15", "province": "Jambi", "islandID": "1", "island": "Sumatera", "longitude": 102.672522, "latitude": -2.306306 }, "geometry": { "type": "Point", "coordinates": [ 102.67252204285893, -2.306306368470974 ] } },
{ "type": "Feature", "properties": { "fid": 91, "districtID": "1504", "district": "Batang Hari", "district_en": "Batang Hari", "provinceID": "15", "province": "Jambi", "islandID": "1", "island": "Sumatera", "longitude": 103.09431, "latitude": -1.749915 }, "geometry": { "type": "Point", "coordinates": [ 103.094309746463054, -1.749915202645236 ] } },
{ "type": "Feature", "properties": { "fid": 92, "districtID": "1505", "district": "Muaro Jambi", "district_en": "Muaro Jambi", "provinceID": "15", "province": "Jambi", "islandID": "1", "island": "Sumatera", "longitude": 103.737824, "latitude": -1.613328 }, "geometry": { "type": "Point", "coordinates": [ 103.737823601269355, -1.613328183811889 ] } },
{ "type": "Feature", "properties": { "fid": 93, "districtID": "1506", "district": "Tanjung Jabung Timur", "district_en": "East Tanjung Jabung", "provinceID": "15", "province": "Jambi", "islandID": "1", "island": "Sumatera", "longitude": 103.965301, "latitude": -1.225386 }, "geometry": { "type": "Point", "coordinates": [ 103.965301052149371, -1.225385756259943 ] } },
{ "type": "Feature", "properties": { "fid": 94, "districtID": "1507", "district": "Tanjung Jabung Barat", "district_en": "West Tanjung Jabung", "provinceID": "15", "province": "Jambi", "islandID": "1", "island": "Sumatera", "longitude": 103.11457, "latitude": -1.071303 }, "geometry": { "type": "Point", "coordinates": [ 103.114570158051109, -1.071303179153754 ] } },
{ "type": "Feature", "properties": { "fid": 95, "districtID": "1508", "district": "Tebo", "district_en": "Tebo", "provinceID": "15", "province": "Jambi", "islandID": "1", "island": "Sumatera", "longitude": 102.364308, "latitude": -1.307599 }, "geometry": { "type": "Point", "coordinates": [ 102.364307934347295, -1.307598894719888 ] } },
{ "type": "Feature", "properties": { "fid": 96, "districtID": "1509", "district": "Bungo", "district_en": "Bungo", "provinceID": "15", "province": "Jambi", "islandID": "1", "island": "Sumatera", "longitude": 101.92711, "latitude": -1.591599 }, "geometry": { "type": "Point", "coordinates": [ 101.927109679774631, -1.591598771413954 ] } },
{ "type": "Feature", "properties": { "fid": 97, "districtID": "1571", "district": "Kota Jambi", "district_en": "Jambi City", "provinceID": "15", "province": "Jambi", "islandID": "1", "island": "Sumatera", "longitude": 103.599789, "latitude": -1.61818 }, "geometry": { "type": "Point", "coordinates": [ 103.599789016045236, -1.618179606758435 ] } },
{ "type": "Feature", "properties": { "fid": 98, "districtID": "1572", "district": "Kota Sungai Penuh", "district_en": "Sungai Penuh City", "provinceID": "15", "province": "Jambi", "islandID": "1", "island": "Sumatera", "longitude": 101.339256, "latitude": -2.113297 }, "geometry": { "type": "Point", "coordinates": [ 101.33925558635525, -2.113297034920724 ] } },
{ "type": "Feature", "properties": { "fid": 99, "districtID": "1601", "district": "Ogan Komering Ulu", "district_en": "Ogan Komering Ulu", "provinceID": "16", "province": "Sumatera Selatan", "islandID": "1", "island": "Sumatera", "longitude": 104.105191, "latitude": -4.093783 }, "geometry": { "type": "Point", "coordinates": [ 104.105191320689627, -4.093783338031244 ] } },
{ "type": "Feature", "properties": { "fid": 100, "districtID": "1602", "district": "Ogan Komering Ilir", "district_en": "Ogan Komering Ilir", "provinceID": "16", "province": "Sumatera Selatan", "islandID": "1", "island": "Sumatera", "longitude": 105.397277, "latitude": -3.363973 }, "geometry": { "type": "Point", "coordinates": [ 105.397276806181566, -3.363973004078357 ] } },
{ "type": "Feature", "properties": { "fid": 101, "districtID": "1603", "district": "Muara Enim", "district_en": "Muara Enim", "provinceID": "16", "province": "Sumatera Selatan", "islandID": "1", "island": "Sumatera", "longitude": 103.997741, "latitude": -3.63523 }, "geometry": { "type": "Point", "coordinates": [ 103.997740608254674, -3.635229986794117 ] } },
{ "type": "Feature", "properties": { "fid": 102, "districtID": "1604", "district": "Lahat", "district_en": "Lahat", "provinceID": "16", "province": "Sumatera Selatan", "islandID": "1", "island": "Sumatera", "longitude": 103.378938, "latitude": -3.82888 }, "geometry": { "type": "Point", "coordinates": [ 103.378938182482472, -3.8288800259924 ] } },
{ "type": "Feature", "properties": { "fid": 103, "districtID": "1605", "district": "Musi Rawas", "district_en": "Musi Rawas", "provinceID": "16", "province": "Sumatera Selatan", "islandID": "1", "island": "Sumatera", "longitude": 103.13656, "latitude": -3.165442 }, "geometry": { "type": "Point", "coordinates": [ 103.136560217329887, -3.165442023494964 ] } },
{ "type": "Feature", "properties": { "fid": 104, "districtID": "1606", "district": "Musi Banyuasin", "district_en": "Musi Banyuasin", "provinceID": "16", "province": "Sumatera Selatan", "islandID": "1", "island": "Sumatera", "longitude": 103.827818, "latitude": -2.450434 }, "geometry": { "type": "Point", "coordinates": [ 103.827818366410469, -2.450433659066284 ] } },
{ "type": "Feature", "properties": { "fid": 105, "districtID": "1607", "district": "Banyuasin", "district_en": "Banyuasin", "provinceID": "16", "province": "Sumatera Selatan", "islandID": "1", "island": "Sumatera", "longitude": 104.687427, "latitude": -2.519521 }, "geometry": { "type": "Point", "coordinates": [ 104.687427312594934, -2.519521398492087 ] } },
{ "type": "Feature", "properties": { "fid": 106, "districtID": "1608", "district": "Ogan Komering Ulu Selatan", "district_en": "South Ogan Komering Ulu", "provinceID": "16", "province": "Sumatera Selatan", "islandID": "1", "island": "Sumatera", "longitude": 103.910168, "latitude": -4.588993 }, "geometry": { "type": "Point", "coordinates": [ 103.910168361115325, -4.588992506041022 ] } },
{ "type": "Feature", "properties": { "fid": 107, "districtID": "1609", "district": "Ogan Komering Ulu Timur", "district_en": "East Ogan Komering Ulu", "provinceID": "16", "province": "Sumatera Selatan", "islandID": "1", "island": "Sumatera", "longitude": 104.566958, "latitude": -4.074387 }, "geometry": { "type": "Point", "coordinates": [ 104.566957757041891, -4.074386566096649 ] } },
{ "type": "Feature", "properties": { "fid": 108, "districtID": "1610", "district": "Ogan Ilir", "district_en": "Ogan Ilir", "provinceID": "16", "province": "Sumatera Selatan", "islandID": "1", "island": "Sumatera", "longitude": 104.605302, "latitude": -3.415351 }, "geometry": { "type": "Point", "coordinates": [ 104.60530151092172, -3.415351033228435 ] } },
{ "type": "Feature", "properties": { "fid": 109, "districtID": "1611", "district": "Empat Lawang", "district_en": "Empat Lawang", "provinceID": "16", "province": "Sumatera Selatan", "islandID": "1", "island": "Sumatera", "longitude": 102.947996, "latitude": -3.751525 }, "geometry": { "type": "Point", "coordinates": [ 102.947995968183491, -3.751524879251194 ] } },
{ "type": "Feature", "properties": { "fid": 110, "districtID": "1612", "district": "Penukal Abab Lematang Ilir", "district_en": "Penukal Abab Lematang Ilir", "provinceID": "16", "province": "Sumatera Selatan", "islandID": "1", "island": "Sumatera", "longitude": 103.994963, "latitude": -3.200995 }, "geometry": { "type": "Point", "coordinates": [ 103.994963118141825, -3.200995120703528 ] } },
{ "type": "Feature", "properties": { "fid": 111, "districtID": "1613", "district": "Musi Rawas Utara", "district_en": "North Musi Rawas", "provinceID": "16", "province": "Sumatera Selatan", "islandID": "1", "island": "Sumatera", "longitude": 102.743724, "latitude": -2.740205 }, "geometry": { "type": "Point", "coordinates": [ 102.74372421253868, -2.740204650593859 ] } },
{ "type": "Feature", "properties": { "fid": 112, "districtID": "1671", "district": "Kota Palembang", "district_en": "Palembang City", "provinceID": "16", "province": "Sumatera Selatan", "islandID": "1", "island": "Sumatera", "longitude": 104.741324, "latitude": -2.971718 }, "geometry": { "type": "Point", "coordinates": [ 104.741324105316608, -2.971717845670281 ] } },
{ "type": "Feature", "properties": { "fid": 113, "districtID": "1672", "district": "Kota Prabumulih", "district_en": "Prabumulih City", "provinceID": "16", "province": "Sumatera Selatan", "islandID": "1", "island": "Sumatera", "longitude": 104.228875, "latitude": -3.447968 }, "geometry": { "type": "Point", "coordinates": [ 104.228875249426167, -3.447967510382607 ] } },
{ "type": "Feature", "properties": { "fid": 114, "districtID": "1673", "district": "Kota Pagar Alam", "district_en": "Pagar Alam City", "provinceID": "16", "province": "Sumatera Selatan", "islandID": "1", "island": "Sumatera", "longitude": 103.266386, "latitude": -4.117615 }, "geometry": { "type": "Point", "coordinates": [ 103.26638602925442, -4.117614757252364 ] } },
{ "type": "Feature", "properties": { "fid": 115, "districtID": "1674", "district": "Kota Lubuklinggau", "district_en": "Lubuklinggau City", "provinceID": "16", "province": "Sumatera Selatan", "islandID": "1", "island": "Sumatera", "longitude": 102.875114, "latitude": -3.263004 }, "geometry": { "type": "Point", "coordinates": [ 102.875114182542376, -3.26300407086378 ] } },
{ "type": "Feature", "properties": { "fid": 116, "districtID": "1701", "district": "Bengkulu Selatan", "district_en": "South Bengkulu", "provinceID": "17", "province": "Bengkulu", "islandID": "1", "island": "Sumatera", "longitude": 103.021161, "latitude": -4.348411 }, "geometry": { "type": "Point", "coordinates": [ 103.021161306532818, -4.348411057778327 ] } },
{ "type": "Feature", "properties": { "fid": 117, "districtID": "1702", "district": "Rejang Lebong", "district_en": "Rejang Lebong", "provinceID": "17", "province": "Bengkulu", "islandID": "1", "island": "Sumatera", "longitude": 102.702052, "latitude": -3.430464 }, "geometry": { "type": "Point", "coordinates": [ 102.702051864195255, -3.430464060474359 ] } },
{ "type": "Feature", "properties": { "fid": 118, "districtID": "1703", "district": "Bengkulu Utara", "district_en": "North Bengkulu", "provinceID": "17", "province": "Bengkulu", "islandID": "1", "island": "Sumatera", "longitude": 102.001961, "latitude": -3.419612 }, "geometry": { "type": "Point", "coordinates": [ 102.001961180903834, -3.419612019087438 ] } },
{ "type": "Feature", "properties": { "fid": 119, "districtID": "1704", "district": "Kaur", "district_en": "Kaur", "provinceID": "17", "province": "Bengkulu", "islandID": "1", "island": "Sumatera", "longitude": 103.412348, "latitude": -4.611188 }, "geometry": { "type": "Point", "coordinates": [ 103.412347784462355, -4.611187948215004 ] } },
{ "type": "Feature", "properties": { "fid": 120, "districtID": "1705", "district": "Seluma", "district_en": "Seluma", "provinceID": "17", "province": "Bengkulu", "islandID": "1", "island": "Sumatera", "longitude": 102.659531, "latitude": -4.052039 }, "geometry": { "type": "Point", "coordinates": [ 102.659531377548831, -4.052038755495795 ] } },
{ "type": "Feature", "properties": { "fid": 121, "districtID": "1706", "district": "Mukomuko", "district_en": "Mukomuko", "provinceID": "17", "province": "Bengkulu", "islandID": "1", "island": "Sumatera", "longitude": 101.481919, "latitude": -2.690362 }, "geometry": { "type": "Point", "coordinates": [ 101.481918737324534, -2.690361958756899 ] } },
{ "type": "Feature", "properties": { "fid": 122, "districtID": "1707", "district": "Lebong", "district_en": "Lebong", "provinceID": "17", "province": "Bengkulu", "islandID": "1", "island": "Sumatera", "longitude": 102.247838, "latitude": -3.090046 }, "geometry": { "type": "Point", "coordinates": [ 102.247837812707985, -3.090046146702705 ] } },
{ "type": "Feature", "properties": { "fid": 123, "districtID": "1708", "district": "Kepahiang", "district_en": "Kepahiang", "provinceID": "17", "province": "Bengkulu", "islandID": "1", "island": "Sumatera", "longitude": 102.644452, "latitude": -3.628948 }, "geometry": { "type": "Point", "coordinates": [ 102.644451991648467, -3.62894841275382 ] } },
{ "type": "Feature", "properties": { "fid": 124, "districtID": "1709", "district": "Bengkulu Tengah", "district_en": "Central Bengkulu", "provinceID": "17", "province": "Bengkulu", "islandID": "1", "island": "Sumatera", "longitude": 102.404357, "latitude": -3.685232 }, "geometry": { "type": "Point", "coordinates": [ 102.404356976860882, -3.68523231242187 ] } },
{ "type": "Feature", "properties": { "fid": 125, "districtID": "1771", "district": "Kota Bengkulu", "district_en": "Bengkulu City", "provinceID": "17", "province": "Bengkulu", "islandID": "1", "island": "Sumatera", "longitude": 102.308164, "latitude": -3.841425 }, "geometry": { "type": "Point", "coordinates": [ 102.308163993047557, -3.841424568093504 ] } },
{ "type": "Feature", "properties": { "fid": 126, "districtID": "1801", "district": "Lampung Barat", "district_en": "West Lampung", "provinceID": "18", "province": "Lampung", "islandID": "1", "island": "Sumatera", "longitude": 104.252977, "latitude": -5.050593 }, "geometry": { "type": "Point", "coordinates": [ 104.252977414205318, -5.050593301226011 ] } },
{ "type": "Feature", "properties": { "fid": 127, "districtID": "1802", "district": "Tanggamus", "district_en": "Tanggamus", "provinceID": "18", "province": "Lampung", "islandID": "1", "island": "Sumatera", "longitude": 104.674084, "latitude": -5.428165 }, "geometry": { "type": "Point", "coordinates": [ 104.674084148887019, -5.428165189257503 ] } },
{ "type": "Feature", "properties": { "fid": 128, "districtID": "1803", "district": "Lampung Selatan", "district_en": "South Lampung", "provinceID": "18", "province": "Lampung", "islandID": "1", "island": "Sumatera", "longitude": 105.50124, "latitude": -5.530023 }, "geometry": { "type": "Point", "coordinates": [ 105.501240012210914, -5.530022716277512 ] } },
{ "type": "Feature", "properties": { "fid": 129, "districtID": "1804", "district": "Lampung Timur", "district_en": "East Lampung", "provinceID": "18", "province": "Lampung", "islandID": "1", "island": "Sumatera", "longitude": 105.64899, "latitude": -5.131438 }, "geometry": { "type": "Point", "coordinates": [ 105.648989629441573, -5.131438091483294 ] } },
{ "type": "Feature", "properties": { "fid": 130, "districtID": "1805", "district": "Lampung Tengah", "district_en": "Central Lampung", "provinceID": "18", "province": "Lampung", "islandID": "1", "island": "Sumatera", "longitude": 105.272011, "latitude": -4.856391 }, "geometry": { "type": "Point", "coordinates": [ 105.272010736738451, -4.856391004805326 ] } },
{ "type": "Feature", "properties": { "fid": 131, "districtID": "1806", "district": "Lampung Utara", "district_en": "North Lampung", "provinceID": "18", "province": "Lampung", "islandID": "1", "island": "Sumatera", "longitude": 104.80736, "latitude": -4.796823 }, "geometry": { "type": "Point", "coordinates": [ 104.807359757069904, -4.796822851225583 ] } },
{ "type": "Feature", "properties": { "fid": 132, "districtID": "1807", "district": "Way Kanan", "district_en": "Way Kanan", "provinceID": "18", "province": "Lampung", "islandID": "1", "island": "Sumatera", "longitude": 104.606133, "latitude": -4.514351 }, "geometry": { "type": "Point", "coordinates": [ 104.606133440340969, -4.514351079444383 ] } },
{ "type": "Feature", "properties": { "fid": 133, "districtID": "1808", "district": "Tulang Bawang", "district_en": "Tulang Bawang", "provinceID": "18", "province": "Lampung", "islandID": "1", "island": "Sumatera", "longitude": 105.527593, "latitude": -4.373201 }, "geometry": { "type": "Point", "coordinates": [ 105.527592809651424, -4.373200636560259 ] } },
{ "type": "Feature", "properties": { "fid": 134, "districtID": "1809", "district": "Pesawaran", "district_en": "Pesawaran", "provinceID": "18", "province": "Lampung", "islandID": "1", "island": "Sumatera", "longitude": 105.11519, "latitude": -5.473544 }, "geometry": { "type": "Point", "coordinates": [ 105.115189527166407, -5.473544261278668 ] } },
{ "type": "Feature", "properties": { "fid": 135, "districtID": "1810", "district": "Pringsewu", "district_en": "Pringsewu", "provinceID": "18", "province": "Lampung", "islandID": "1", "island": "Sumatera", "longitude": 104.933406, "latitude": -5.336377 }, "geometry": { "type": "Point", "coordinates": [ 104.933405950824095, -5.336376871481035 ] } },
{ "type": "Feature", "properties": { "fid": 136, "districtID": "1811", "district": "Mesuji", "district_en": "Mesuji", "provinceID": "18", "province": "Lampung", "islandID": "1", "island": "Sumatera", "longitude": 105.378379, "latitude": -4.024866 }, "geometry": { "type": "Point", "coordinates": [ 105.378378984214208, -4.024866497604366 ] } },
{ "type": "Feature", "properties": { "fid": 137, "districtID": "1812", "district": "Tulang Bawang Barat", "district_en": "West Tulang Bawang", "provinceID": "18", "province": "Lampung", "islandID": "1", "island": "Sumatera", "longitude": 105.087441, "latitude": -4.425747 }, "geometry": { "type": "Point", "coordinates": [ 105.087441118262404, -4.425747346380159 ] } },
{ "type": "Feature", "properties": { "fid": 138, "districtID": "1813", "district": "Pesisir Barat", "district_en": "Pesisir Barat", "provinceID": "18", "province": "Lampung", "islandID": "1", "island": "Sumatera", "longitude": 104.162968, "latitude": -5.335743 }, "geometry": { "type": "Point", "coordinates": [ 104.162968172005563, -5.335742621553663 ] } },
{ "type": "Feature", "properties": { "fid": 139, "districtID": "1871", "district": "Kota Bandar Lampung", "district_en": "Bandar Lampung City", "provinceID": "18", "province": "Lampung", "islandID": "1", "island": "Sumatera", "longitude": 105.262135, "latitude": -5.414201 }, "geometry": { "type": "Point", "coordinates": [ 105.262134942016203, -5.41420144326239 ] } },
{ "type": "Feature", "properties": { "fid": 140, "districtID": "1872", "district": "Kota Metro", "district_en": "Metro City", "provinceID": "18", "province": "Lampung", "islandID": "1", "island": "Sumatera", "longitude": 105.307955, "latitude": -5.117295 }, "geometry": { "type": "Point", "coordinates": [ 105.307955447452073, -5.11729509405071 ] } },
{ "type": "Feature", "properties": { "fid": 141, "districtID": "1901", "district": "Bangka", "district_en": "Bangka", "provinceID": "19", "province": "Kepulauan Bangka Belitung", "islandID": "1", "island": "Sumatera", "longitude": 105.919639, "latitude": -1.904313 }, "geometry": { "type": "Point", "coordinates": [ 105.919638950842241, -1.904312801076751 ] } },
{ "type": "Feature", "properties": { "fid": 142, "districtID": "1902", "district": "Belitung", "district_en": "Belitung", "provinceID": "19", "province": "Kepulauan Bangka Belitung", "islandID": "1", "island": "Sumatera", "longitude": 107.7102, "latitude": -2.867634 }, "geometry": { "type": "Point", "coordinates": [ 107.710199870107346, -2.867633946817961 ] } },
{ "type": "Feature", "properties": { "fid": 143, "districtID": "1903", "district": "Bangka Barat", "district_en": "West Bangka", "provinceID": "19", "province": "Kepulauan Bangka Belitung", "islandID": "1", "island": "Sumatera", "longitude": 105.487621, "latitude": -1.889232 }, "geometry": { "type": "Point", "coordinates": [ 105.487621421539714, -1.889232079113887 ] } },
{ "type": "Feature", "properties": { "fid": 144, "districtID": "1904", "district": "Bangka Tengah", "district_en": "Central Bangka", "provinceID": "19", "province": "Kepulauan Bangka Belitung", "islandID": "1", "island": "Sumatera", "longitude": 106.233935, "latitude": -2.432452 }, "geometry": { "type": "Point", "coordinates": [ 106.233934858945105, -2.432451953449421 ] } },
{ "type": "Feature", "properties": { "fid": 145, "districtID": "1905", "district": "Bangka Selatan", "district_en": "South Bangka", "provinceID": "19", "province": "Kepulauan Bangka Belitung", "islandID": "1", "island": "Sumatera", "longitude": 106.349163, "latitude": -2.778638 }, "geometry": { "type": "Point", "coordinates": [ 106.349163127194231, -2.778638407505105 ] } },
{ "type": "Feature", "properties": { "fid": 146, "districtID": "1906", "district": "Belitung Timur", "district_en": "East Belitung", "provinceID": "19", "province": "Kepulauan Bangka Belitung", "islandID": "1", "island": "Sumatera", "longitude": 108.048156, "latitude": -2.908495 }, "geometry": { "type": "Point", "coordinates": [ 108.048155779012518, -2.908495288766336 ] } },
{ "type": "Feature", "properties": { "fid": 147, "districtID": "1971", "district": "Kota Pangkal Pinang", "district_en": "Pangkal Pinang City", "provinceID": "19", "province": "Kepulauan Bangka Belitung", "islandID": "1", "island": "Sumatera", "longitude": 106.113212, "latitude": -2.110523 }, "geometry": { "type": "Point", "coordinates": [ 106.113211997867694, -2.110522998135277 ] } },
{ "type": "Feature", "properties": { "fid": 148, "districtID": "2101", "district": "Karimun", "district_en": "Karimun", "provinceID": "21", "province": "Kepulauan Riau", "islandID": "2", "island": "Sumatera", "longitude": 103.531049, "latitude": 0.825563 }, "geometry": { "type": "Point", "coordinates": [ 103.531049406223488, 0.825563413296903 ] } },
{ "type": "Feature", "properties": { "fid": 149, "districtID": "2102", "district": "Bintan", "district_en": "Bintan", "provinceID": "21", "province": "Kepulauan Riau", "islandID": "2", "island": "Sumatera", "longitude": 104.703679, "latitude": 1.007664 }, "geometry": { "type": "Point", "coordinates": [ 104.7036787468342, 1.007664017923383 ] } },
{ "type": "Feature", "properties": { "fid": 150, "districtID": "2103", "district": "Natuna", "district_en": "Natuna", "provinceID": "21", "province": "Kepulauan Riau", "islandID": "2", "island": "Sumatera", "longitude": 108.26024, "latitude": 3.78245 }, "geometry": { "type": "Point", "coordinates": [ 108.260239577647781, 3.782450000798246 ] } },
{ "type": "Feature", "properties": { "fid": 151, "districtID": "2104", "district": "Lingga", "district_en": "Lingga", "provinceID": "21", "province": "Kepulauan Riau", "islandID": "2", "island": "Sumatera", "longitude": 104.526959, "latitude": -0.221975 }, "geometry": { "type": "Point", "coordinates": [ 104.526959486751309, -0.221974543114313 ] } },
{ "type": "Feature", "properties": { "fid": 152, "districtID": "2105", "district": "Kepulauan Anambas", "district_en": "Anambas Islands", "provinceID": "21", "province": "Kepulauan Riau", "islandID": "2", "island": "Sumatera", "longitude": 106.064572, "latitude": 3.0877 }, "geometry": { "type": "Point", "coordinates": [ 106.064572424176987, 3.087699731936024 ] } },
{ "type": "Feature", "properties": { "fid": 153, "districtID": "2171", "district": "Kota Batam", "district_en": "Batam City", "provinceID": "21", "province": "Kepulauan Riau", "islandID": "2", "island": "Sumatera", "longitude": 104.063583, "latitude": 0.963041 }, "geometry": { "type": "Point", "coordinates": [ 104.063582817665193, 0.963040920058262 ] } },
{ "type": "Feature", "properties": { "fid": 154, "districtID": "2172", "district": "Kota Tanjung Pinang", "district_en": "Tanjung Pinang City", "provinceID": "21", "province": "Kepulauan Riau", "islandID": "2", "island": "Sumatera", "longitude": 104.487072, "latitude": 0.919584 }, "geometry": { "type": "Point", "coordinates": [ 104.487071808639925, 0.91958448586314 ] } },
{ "type": "Feature", "properties": { "fid": 155, "districtID": "3101", "district": "Administrasi Kepulauan Seribu", "district_en": "Kepulauan Seribu", "provinceID": "31", "province": "DKI Jakarta", "islandID": "3", "island": "Jawa", "longitude": 106.579177, "latitude": -5.701256 }, "geometry": { "type": "Point", "coordinates": [ 106.579176908927252, -5.701256240769609 ] } },
{ "type": "Feature", "properties": { "fid": 156, "districtID": "3171", "district": "Kota Administrasi Jakarta Selatan", "district_en": "South Jakarta City", "provinceID": "31", "province": "DKI Jakarta", "islandID": "3", "island": "Jawa", "longitude": 106.81004, "latitude": -6.272613 }, "geometry": { "type": "Point", "coordinates": [ 106.810039861981437, -6.272612627242711 ] } },
{ "type": "Feature", "properties": { "fid": 157, "districtID": "3172", "district": "Kota Administrasi Jakarta Timur", "district_en": "East Jakarta City", "provinceID": "31", "province": "DKI Jakarta", "islandID": "3", "island": "Jawa", "longitude": 106.900692, "latitude": -6.254977 }, "geometry": { "type": "Point", "coordinates": [ 106.900692097668596, -6.254977209214529 ] } },
{ "type": "Feature", "properties": { "fid": 158, "districtID": "3173", "district": "Kota Administrasi Jakarta Pusat", "district_en": "Central Jakarta City", "provinceID": "31", "province": "DKI Jakarta", "islandID": "3", "island": "Jawa", "longitude": 106.835126, "latitude": -6.181208 }, "geometry": { "type": "Point", "coordinates": [ 106.835126246250098, -6.181208030180118 ] } },
{ "type": "Feature", "properties": { "fid": 159, "districtID": "3174", "district": "Kota Administrasi Jakarta Barat", "district_en": "West Jakarta City", "provinceID": "31", "province": "DKI Jakarta", "islandID": "3", "island": "Jawa", "longitude": 106.7483, "latitude": -6.16533 }, "geometry": { "type": "Point", "coordinates": [ 106.748300198543291, -6.165329680221184 ] } },
{ "type": "Feature", "properties": { "fid": 160, "districtID": "3175", "district": "Kota Administrasi Jakarta Utara", "district_en": "North Jakarta City", "provinceID": "31", "province": "DKI Jakarta", "islandID": "3", "island": "Jawa", "longitude": 106.866622, "latitude": -6.127186 }, "geometry": { "type": "Point", "coordinates": [ 106.866622273500468, -6.127186098984652 ] } },
{ "type": "Feature", "properties": { "fid": 161, "districtID": "3201", "district": "Bogor", "district_en": "Bogor", "provinceID": "32", "province": "Jawa Barat", "islandID": "3", "island": "Jawa", "longitude": 106.767046, "latitude": -6.559833 }, "geometry": { "type": "Point", "coordinates": [ 106.767046285904442, -6.559832581711358 ] } },
{ "type": "Feature", "properties": { "fid": 162, "districtID": "3202", "district": "Sukabumi", "district_en": "Sukabumi", "provinceID": "32", "province": "Jawa Barat", "islandID": "3", "island": "Jawa", "longitude": 106.707556, "latitude": -7.076435 }, "geometry": { "type": "Point", "coordinates": [ 106.70755623298443, -7.076434795974476 ] } },
{ "type": "Feature", "properties": { "fid": 163, "districtID": "3203", "district": "Cianjur", "district_en": "Cianjur", "provinceID": "32", "province": "Jawa Barat", "islandID": "3", "island": "Jawa", "longitude": 107.159208, "latitude": -7.131086 }, "geometry": { "type": "Point", "coordinates": [ 107.159207974727806, -7.131085849405515 ] } },
{ "type": "Feature", "properties": { "fid": 164, "districtID": "3204", "district": "Bandung", "district_en": "Bandung", "provinceID": "32", "province": "Jawa Barat", "islandID": "3", "island": "Jawa", "longitude": 107.608717, "latitude": -7.097619 }, "geometry": { "type": "Point", "coordinates": [ 107.608716946566531, -7.097619361866351 ] } },
{ "type": "Feature", "properties": { "fid": 165, "districtID": "3205", "district": "Garut", "district_en": "Garut", "provinceID": "32", "province": "Jawa Barat", "islandID": "3", "island": "Jawa", "longitude": 107.787908, "latitude": -7.359557 }, "geometry": { "type": "Point", "coordinates": [ 107.787907826256841, -7.359557120245925 ] } },
{ "type": "Feature", "properties": { "fid": 166, "districtID": "3206", "district": "Tasikmalaya", "district_en": "Tasikmalaya", "provinceID": "32", "province": "Jawa Barat", "islandID": "3", "island": "Jawa", "longitude": 108.141572, "latitude": -7.496846 }, "geometry": { "type": "Point", "coordinates": [ 108.141571618737757, -7.496845949258539 ] } },
{ "type": "Feature", "properties": { "fid": 167, "districtID": "3207", "district": "Ciamis", "district_en": "Ciamis", "provinceID": "32", "province": "Jawa Barat", "islandID": "3", "island": "Jawa", "longitude": 108.428672, "latitude": -7.290311 }, "geometry": { "type": "Point", "coordinates": [ 108.428672367399287, -7.29031057609353 ] } },
{ "type": "Feature", "properties": { "fid": 168, "districtID": "3208", "district": "Kuningan", "district_en": "Kuningan", "provinceID": "32", "province": "Jawa Barat", "islandID": "3", "island": "Jawa", "longitude": 108.559817, "latitude": -7.003404 }, "geometry": { "type": "Point", "coordinates": [ 108.559816750172587, -7.003403788250242 ] } },
{ "type": "Feature", "properties": { "fid": 169, "districtID": "3209", "district": "Cirebon", "district_en": "Cirebon", "provinceID": "32", "province": "Jawa Barat", "islandID": "3", "island": "Jawa", "longitude": 108.552179, "latitude": -6.746262 }, "geometry": { "type": "Point", "coordinates": [ 108.552178748831579, -6.746262175659854 ] } },
{ "type": "Feature", "properties": { "fid": 170, "districtID": "3210", "district": "Majalengka", "district_en": "Majalengka", "provinceID": "32", "province": "Jawa Barat", "islandID": "3", "island": "Jawa", "longitude": 108.257202, "latitude": -6.815144 }, "geometry": { "type": "Point", "coordinates": [ 108.257202276532482, -6.815144457103612 ] } },
{ "type": "Feature", "properties": { "fid": 171, "districtID": "3211", "district": "Sumedang", "district_en": "Sumedang", "provinceID": "32", "province": "Jawa Barat", "islandID": "3", "island": "Jawa", "longitude": 107.981274, "latitude": -6.824777 }, "geometry": { "type": "Point", "coordinates": [ 107.981274290860952, -6.824777195303431 ] } },
{ "type": "Feature", "properties": { "fid": 172, "districtID": "3212", "district": "Indramayu", "district_en": "Indramayu", "provinceID": "32", "province": "Jawa Barat", "islandID": "3", "island": "Jawa", "longitude": 108.169028, "latitude": -6.447514 }, "geometry": { "type": "Point", "coordinates": [ 108.169027891474116, -6.447513595742671 ] } },
{ "type": "Feature", "properties": { "fid": 173, "districtID": "3213", "district": "Subang", "district_en": "Subang", "provinceID": "32", "province": "Jawa Barat", "islandID": "3", "island": "Jawa", "longitude": 107.73183, "latitude": -6.484717 }, "geometry": { "type": "Point", "coordinates": [ 107.731829874947721, -6.484716770535077 ] } },
{ "type": "Feature", "properties": { "fid": 174, "districtID": "3214", "district": "Purwakarta", "district_en": "Purwakarta", "provinceID": "32", "province": "Jawa Barat", "islandID": "3", "island": "Jawa", "longitude": 107.430777, "latitude": -6.595277 }, "geometry": { "type": "Point", "coordinates": [ 107.430776730700487, -6.595276663134791 ] } },
{ "type": "Feature", "properties": { "fid": 175, "districtID": "3215", "district": "Karawang", "district_en": "Karawang", "provinceID": "32", "province": "Jawa Barat", "islandID": "3", "island": "Jawa", "longitude": 107.354297, "latitude": -6.252356 }, "geometry": { "type": "Point", "coordinates": [ 107.354297016273819, -6.252356499752105 ] } },
{ "type": "Feature", "properties": { "fid": 176, "districtID": "3216", "district": "Bekasi", "district_en": "Bekasi", "provinceID": "32", "province": "Jawa Barat", "islandID": "3", "island": "Jawa", "longitude": 107.121719, "latitude": -6.219793 }, "geometry": { "type": "Point", "coordinates": [ 107.121718784051211, -6.219792602656589 ] } },
{ "type": "Feature", "properties": { "fid": 177, "districtID": "3217", "district": "Bandung Barat", "district_en": "West Bandung", "provinceID": "32", "province": "Jawa Barat", "islandID": "3", "island": "Jawa", "longitude": 107.414971, "latitude": -6.890473 }, "geometry": { "type": "Point", "coordinates": [ 107.414971352609044, -6.890473119945185 ] } },
{ "type": "Feature", "properties": { "fid": 178, "districtID": "3218", "district": "Pangandaran", "district_en": "Pangandaran", "provinceID": "32", "province": "Jawa Barat", "islandID": "3", "island": "Jawa", "longitude": 108.518582, "latitude": -7.635665 }, "geometry": { "type": "Point", "coordinates": [ 108.518581947418951, -7.635664630793093 ] } },
{ "type": "Feature", "properties": { "fid": 179, "districtID": "3271", "district": "Kota Bogor", "district_en": "Bogor City", "provinceID": "32", "province": "Jawa Barat", "islandID": "3", "island": "Jawa", "longitude": 106.799357, "latitude": -6.593496 }, "geometry": { "type": "Point", "coordinates": [ 106.799356630345557, -6.593495930116803 ] } },
{ "type": "Feature", "properties": { "fid": 180, "districtID": "3272", "district": "Kota Sukabumi", "district_en": "Sukabumi City", "provinceID": "32", "province": "Jawa Barat", "islandID": "3", "island": "Jawa", "longitude": 106.924368, "latitude": -6.939937 }, "geometry": { "type": "Point", "coordinates": [ 106.924367977209457, -6.939937267728299 ] } },
{ "type": "Feature", "properties": { "fid": 181, "districtID": "3273", "district": "Kota Bandung", "district_en": "Bandung City", "provinceID": "32", "province": "Jawa Barat", "islandID": "3", "island": "Jawa", "longitude": 107.636599, "latitude": -6.919241 }, "geometry": { "type": "Point", "coordinates": [ 107.636598513677356, -6.919241434429625 ] } },
{ "type": "Feature", "properties": { "fid": 182, "districtID": "3274", "district": "Kota Cirebon", "district_en": "Cirebon City", "provinceID": "32", "province": "Jawa Barat", "islandID": "3", "island": "Jawa", "longitude": 108.553308, "latitude": -6.741722 }, "geometry": { "type": "Point", "coordinates": [ 108.553307961252244, -6.741722036980565 ] } },
{ "type": "Feature", "properties": { "fid": 183, "districtID": "3275", "district": "Kota Bekasi", "district_en": "Bekasi City", "provinceID": "32", "province": "Jawa Barat", "islandID": "3", "island": "Jawa", "longitude": 106.975365, "latitude": -6.280844 }, "geometry": { "type": "Point", "coordinates": [ 106.975365079025636, -6.280844410316873 ] } },
{ "type": "Feature", "properties": { "fid": 184, "districtID": "3276", "district": "Kota Depok", "district_en": "Depok City", "provinceID": "32", "province": "Jawa Barat", "islandID": "3", "island": "Jawa", "longitude": 106.816839, "latitude": -6.396207 }, "geometry": { "type": "Point", "coordinates": [ 106.816838684058382, -6.396206883337353 ] } },
{ "type": "Feature", "properties": { "fid": 185, "districtID": "3277", "district": "Kota Cimahi", "district_en": "Cimahi City", "provinceID": "32", "province": "Jawa Barat", "islandID": "3", "island": "Jawa", "longitude": 107.542893, "latitude": -6.88632 }, "geometry": { "type": "Point", "coordinates": [ 107.542893243581887, -6.886320381689886 ] } },
{ "type": "Feature", "properties": { "fid": 186, "districtID": "3278", "district": "Kota Tasikmalaya", "district_en": "Tasikmalaya City", "provinceID": "32", "province": "Jawa Barat", "islandID": "3", "island": "Jawa", "longitude": 108.219119, "latitude": -7.360527 }, "geometry": { "type": "Point", "coordinates": [ 108.219119245158964, -7.360526772679768 ] } },
{ "type": "Feature", "properties": { "fid": 187, "districtID": "3279", "district": "Kota Banjar", "district_en": "Banjar City", "provinceID": "32", "province": "Jawa Barat", "islandID": "3", "island": "Jawa", "longitude": 108.567211, "latitude": -7.376987 }, "geometry": { "type": "Point", "coordinates": [ 108.567211311090745, -7.376986808094023 ] } },
{ "type": "Feature", "properties": { "fid": 188, "districtID": "3301", "district": "Cilacap", "district_en": "Cilacap", "provinceID": "33", "province": "Jawa Tengah", "islandID": "3", "island": "Jawa", "longitude": 108.889892, "latitude": -7.489023 }, "geometry": { "type": "Point", "coordinates": [ 108.889892483710383, -7.489023253779206 ] } },
{ "type": "Feature", "properties": { "fid": 189, "districtID": "3302", "district": "Banyumas", "district_en": "Banyumas", "provinceID": "33", "province": "Jawa Tengah", "islandID": "3", "island": "Jawa", "longitude": 109.175797, "latitude": -7.455535 }, "geometry": { "type": "Point", "coordinates": [ 109.175797193525696, -7.455535346598511 ] } },
{ "type": "Feature", "properties": { "fid": 190, "districtID": "3303", "district": "Purbalingga", "district_en": "Purbalingga", "provinceID": "33", "province": "Jawa Tengah", "islandID": "3", "island": "Jawa", "longitude": 109.407206, "latitude": -7.323251 }, "geometry": { "type": "Point", "coordinates": [ 109.407206342071746, -7.323250659537041 ] } },
{ "type": "Feature", "properties": { "fid": 191, "districtID": "3304", "district": "Banjarnegara", "district_en": "Banjarnegara", "provinceID": "33", "province": "Jawa Tengah", "islandID": "3", "island": "Jawa", "longitude": 109.657037, "latitude": -7.351358 }, "geometry": { "type": "Point", "coordinates": [ 109.657036947256401, -7.35135814754446 ] } },
{ "type": "Feature", "properties": { "fid": 192, "districtID": "3305", "district": "Kebumen", "district_en": "Kebumen", "provinceID": "33", "province": "Jawa Tengah", "islandID": "3", "island": "Jawa", "longitude": 109.617358, "latitude": -7.654993 }, "geometry": { "type": "Point", "coordinates": [ 109.617358475421, -7.654993190619009 ] } },
{ "type": "Feature", "properties": { "fid": 193, "districtID": "3306", "district": "Purworejo", "district_en": "Purworejo", "provinceID": "33", "province": "Jawa Tengah", "islandID": "3", "island": "Jawa", "longitude": 109.966126, "latitude": -7.700409 }, "geometry": { "type": "Point", "coordinates": [ 109.966125865808266, -7.700409344490893 ] } },
{ "type": "Feature", "properties": { "fid": 194, "districtID": "3307", "district": "Wonosobo", "district_en": "Wonosobo", "provinceID": "33", "province": "Jawa Tengah", "islandID": "3", "island": "Jawa", "longitude": 109.907351, "latitude": -7.416333 }, "geometry": { "type": "Point", "coordinates": [ 109.907350930906858, -7.416333489403325 ] } },
{ "type": "Feature", "properties": { "fid": 195, "districtID": "3308", "district": "Magelang", "district_en": "Magelang", "provinceID": "33", "province": "Jawa Tengah", "islandID": "3", "island": "Jawa", "longitude": 110.24721, "latitude": -7.501758 }, "geometry": { "type": "Point", "coordinates": [ 110.247209835904371, -7.501758364190289 ] } },
{ "type": "Feature", "properties": { "fid": 196, "districtID": "3309", "district": "Boyolali", "district_en": "Boyolali", "provinceID": "33", "province": "Jawa Tengah", "islandID": "3", "island": "Jawa", "longitude": 110.652486, "latitude": -7.416571 }, "geometry": { "type": "Point", "coordinates": [ 110.652486246507252, -7.416571178508797 ] } },
{ "type": "Feature", "properties": { "fid": 197, "districtID": "3310", "district": "Klaten", "district_en": "Klaten", "provinceID": "33", "province": "Jawa Tengah", "islandID": "3", "island": "Jawa", "longitude": 110.619454, "latitude": -7.685834 }, "geometry": { "type": "Point", "coordinates": [ 110.619453679430848, -7.685833677563321 ] } },
{ "type": "Feature", "properties": { "fid": 198, "districtID": "3311", "district": "Sukoharjo", "district_en": "Sukoharjo", "provinceID": "33", "province": "Jawa Tengah", "islandID": "3", "island": "Jawa", "longitude": 110.83484, "latitude": -7.680862 }, "geometry": { "type": "Point", "coordinates": [ 110.834840343690971, -7.680862260444125 ] } },
{ "type": "Feature", "properties": { "fid": 199, "districtID": "3312", "district": "Wonogiri", "district_en": "Wonogiri", "provinceID": "33", "province": "Jawa Tengah", "islandID": "3", "island": "Jawa", "longitude": 110.999193, "latitude": -7.919333 }, "geometry": { "type": "Point", "coordinates": [ 110.999193398850309, -7.919333326273844 ] } },
{ "type": "Feature", "properties": { "fid": 200, "districtID": "3313", "district": "Karanganyar", "district_en": "Karanganyar", "provinceID": "33", "province": "Jawa Tengah", "islandID": "3", "island": "Jawa", "longitude": 111.019259, "latitude": -7.61417 }, "geometry": { "type": "Point", "coordinates": [ 111.019259466065023, -7.614170254299369 ] } },
{ "type": "Feature", "properties": { "fid": 201, "districtID": "3314", "district": "Sragen", "district_en": "Sragen", "provinceID": "33", "province": "Jawa Tengah", "islandID": "3", "island": "Jawa", "longitude": 110.974145, "latitude": -7.38536 }, "geometry": { "type": "Point", "coordinates": [ 110.97414464865976, -7.385359743319623 ] } },
{ "type": "Feature", "properties": { "fid": 202, "districtID": "3315", "district": "Grobogan", "district_en": "Grobogan", "provinceID": "33", "province": "Jawa Tengah", "islandID": "3", "island": "Jawa", "longitude": 110.927181, "latitude": -7.117657 }, "geometry": { "type": "Point", "coordinates": [ 110.927180643021472, -7.117657496397285 ] } },
{ "type": "Feature", "properties": { "fid": 203, "districtID": "3316", "district": "Blora", "district_en": "Blora", "provinceID": "33", "province": "Jawa Tengah", "islandID": "3", "island": "Jawa", "longitude": 111.387438, "latitude": -7.074484 }, "geometry": { "type": "Point", "coordinates": [ 111.387437893095253, -7.074484407070758 ] } },
{ "type": "Feature", "properties": { "fid": 204, "districtID": "3317", "district": "Rembang", "district_en": "Rembang", "provinceID": "33", "province": "Jawa Tengah", "islandID": "3", "island": "Jawa", "longitude": 111.461521, "latitude": -6.775144 }, "geometry": { "type": "Point", "coordinates": [ 111.461520738243536, -6.77514353057356 ] } },
{ "type": "Feature", "properties": { "fid": 205, "districtID": "3318", "district": "Pati", "district_en": "Pati", "provinceID": "33", "province": "Jawa Tengah", "islandID": "3", "island": "Jawa", "longitude": 111.042282, "latitude": -6.743387 }, "geometry": { "type": "Point", "coordinates": [ 111.042282034805467, -6.743387461115201 ] } },
{ "type": "Feature", "properties": { "fid": 206, "districtID": "3319", "district": "Kudus", "district_en": "Kudus", "provinceID": "33", "province": "Jawa Tengah", "islandID": "3", "island": "Jawa", "longitude": 110.869903, "latitude": -6.790282 }, "geometry": { "type": "Point", "coordinates": [ 110.869902743520583, -6.790281717123515 ] } },
{ "type": "Feature", "properties": { "fid": 207, "districtID": "3320", "district": "Jepara", "district_en": "Jepara", "provinceID": "33", "province": "Jawa Tengah", "islandID": "3", "island": "Jawa", "longitude": 110.768146, "latitude": -6.549119 }, "geometry": { "type": "Point", "coordinates": [ 110.76814567805836, -6.549119329435888 ] } },
{ "type": "Feature", "properties": { "fid": 208, "districtID": "3321", "district": "Demak", "district_en": "Demak", "provinceID": "33", "province": "Jawa Tengah", "islandID": "3", "island": "Jawa", "longitude": 110.634003, "latitude": -6.910806 }, "geometry": { "type": "Point", "coordinates": [ 110.634002925611554, -6.910806003208442 ] } },
{ "type": "Feature", "properties": { "fid": 209, "districtID": "3322", "district": "Semarang", "district_en": "Semarang", "provinceID": "33", "province": "Jawa Tengah", "islandID": "3", "island": "Jawa", "longitude": 110.473516, "latitude": -7.270925 }, "geometry": { "type": "Point", "coordinates": [ 110.473515941696462, -7.270925464327354 ] } },
{ "type": "Feature", "properties": { "fid": 210, "districtID": "3323", "district": "Temanggung", "district_en": "Temanggung", "provinceID": "33", "province": "Jawa Tengah", "islandID": "3", "island": "Jawa", "longitude": 110.136306, "latitude": -7.257717 }, "geometry": { "type": "Point", "coordinates": [ 110.136305528571626, -7.257717015525802 ] } },
{ "type": "Feature", "properties": { "fid": 211, "districtID": "3324", "district": "Kendal", "district_en": "Kendal", "provinceID": "33", "province": "Jawa Tengah", "islandID": "3", "island": "Jawa", "longitude": 110.157339, "latitude": -7.038721 }, "geometry": { "type": "Point", "coordinates": [ 110.157339123000767, -7.038721092443848 ] } },
{ "type": "Feature", "properties": { "fid": 212, "districtID": "3325", "district": "Batang", "district_en": "Batang", "provinceID": "33", "province": "Jawa Tengah", "islandID": "3", "island": "Jawa", "longitude": 109.861591, "latitude": -7.02102 }, "geometry": { "type": "Point", "coordinates": [ 109.8615914015855, -7.021019637446016 ] } },
{ "type": "Feature", "properties": { "fid": 213, "districtID": "3326", "district": "Pekalongan", "district_en": "Pekalongan", "provinceID": "33", "province": "Jawa Tengah", "islandID": "3", "island": "Jawa", "longitude": 109.6205, "latitude": -7.057027 }, "geometry": { "type": "Point", "coordinates": [ 109.620499970531867, -7.057027265733879 ] } },
{ "type": "Feature", "properties": { "fid": 214, "districtID": "3327", "district": "Pemalang", "district_en": "Pemalang", "provinceID": "33", "province": "Jawa Tengah", "islandID": "3", "island": "Jawa", "longitude": 109.395159, "latitude": -7.036849 }, "geometry": { "type": "Point", "coordinates": [ 109.39515873540185, -7.036849498885592 ] } },
{ "type": "Feature", "properties": { "fid": 215, "districtID": "3328", "district": "Tegal", "district_en": "Tegal", "provinceID": "33", "province": "Jawa Tengah", "islandID": "3", "island": "Jawa", "longitude": 109.158504, "latitude": -7.028807 }, "geometry": { "type": "Point", "coordinates": [ 109.158504426022176, -7.028806895503935 ] } },
{ "type": "Feature", "properties": { "fid": 216, "districtID": "3329", "district": "Brebes", "district_en": "Brebes", "provinceID": "33", "province": "Jawa Tengah", "islandID": "3", "island": "Jawa", "longitude": 108.929532, "latitude": -7.062844 }, "geometry": { "type": "Point", "coordinates": [ 108.929531618972533, -7.062843616789989 ] } },
{ "type": "Feature", "properties": { "fid": 217, "districtID": "3371", "district": "Kota Magelang", "district_en": "Magelang City", "provinceID": "33", "province": "Jawa Tengah", "islandID": "3", "island": "Jawa", "longitude": 110.220116, "latitude": -7.476548 }, "geometry": { "type": "Point", "coordinates": [ 110.220115587311355, -7.476548202089236 ] } },
{ "type": "Feature", "properties": { "fid": 218, "districtID": "3372", "district": "Kota Surakarta", "district_en": "Surakarta City", "provinceID": "33", "province": "Jawa Tengah", "islandID": "3", "island": "Jawa", "longitude": 110.823156, "latitude": -7.557894 }, "geometry": { "type": "Point", "coordinates": [ 110.823156048066323, -7.557893782287326 ] } },
{ "type": "Feature", "properties": { "fid": 219, "districtID": "3373", "district": "Kota Salatiga", "district_en": "Salatiga City", "provinceID": "33", "province": "Jawa Tengah", "islandID": "3", "island": "Jawa", "longitude": 110.498372, "latitude": -7.33768 }, "geometry": { "type": "Point", "coordinates": [ 110.498371668407472, -7.337680479286981 ] } },
{ "type": "Feature", "properties": { "fid": 220, "districtID": "3374", "district": "Kota Semarang", "district_en": "Semarang City", "provinceID": "33", "province": "Jawa Tengah", "islandID": "3", "island": "Jawa", "longitude": 110.391523, "latitude": -7.023903 }, "geometry": { "type": "Point", "coordinates": [ 110.391522874010931, -7.023902777358909 ] } },
{ "type": "Feature", "properties": { "fid": 221, "districtID": "3375", "district": "Kota Pekalongan", "district_en": "Pekalongan City", "provinceID": "33", "province": "Jawa Tengah", "islandID": "3", "island": "Jawa", "longitude": 109.677156, "latitude": -6.893409 }, "geometry": { "type": "Point", "coordinates": [ 109.677155591048859, -6.893408744921142 ] } },
{ "type": "Feature", "properties": { "fid": 222, "districtID": "3376", "district": "Kota Tegal", "district_en": "Tegal City", "provinceID": "33", "province": "Jawa Tengah", "islandID": "3", "island": "Jawa", "longitude": 109.115756, "latitude": -6.869162 }, "geometry": { "type": "Point", "coordinates": [ 109.115756304049142, -6.869162262513647 ] } },
{ "type": "Feature", "properties": { "fid": 223, "districtID": "3401", "district": "Kulon Progo", "district_en": "Kulon Progo", "provinceID": "34", "province": "Daerah Istimewa Yogyakarta", "islandID": "3", "island": "Jawa", "longitude": 110.167113, "latitude": -7.818738 }, "geometry": { "type": "Point", "coordinates": [ 110.167112657475542, -7.818737545455343 ] } },
{ "type": "Feature", "properties": { "fid": 224, "districtID": "3402", "district": "Bantul", "district_en": "Bantul", "provinceID": "34", "province": "Daerah Istimewa Yogyakarta", "islandID": "3", "island": "Jawa", "longitude": 110.354877, "latitude": -7.901344 }, "geometry": { "type": "Point", "coordinates": [ 110.354877016614196, -7.90134431222344 ] } },
{ "type": "Feature", "properties": { "fid": 225, "districtID": "3403", "district": "Gunung Kidul", "district_en": "Gunung Kidul", "provinceID": "34", "province": "Daerah Istimewa Yogyakarta", "islandID": "3", "island": "Jawa", "longitude": 110.611798, "latitude": -7.993953 }, "geometry": { "type": "Point", "coordinates": [ 110.611798212593726, -7.993952947641108 ] } },
{ "type": "Feature", "properties": { "fid": 226, "districtID": "3404", "district": "Sleman", "district_en": "Sleman", "provinceID": "34", "province": "Daerah Istimewa Yogyakarta", "islandID": "3", "island": "Jawa", "longitude": 110.383211, "latitude": -7.716477 }, "geometry": { "type": "Point", "coordinates": [ 110.383210505175597, -7.716476944783811 ] } },
{ "type": "Feature", "properties": { "fid": 227, "districtID": "3471", "district": "Kota Yogyakarta", "district_en": "Yogyakarta City", "provinceID": "34", "province": "Daerah Istimewa Yogyakarta", "islandID": "3", "island": "Jawa", "longitude": 110.374356, "latitude": -7.803291 }, "geometry": { "type": "Point", "coordinates": [ 110.374356310260268, -7.803290858062815 ] } },
{ "type": "Feature", "properties": { "fid": 228, "districtID": "3501", "district": "Pacitan", "district_en": "Pacitan", "provinceID": "35", "province": "Jawa Timur", "islandID": "3", "island": "Jawa", "longitude": 111.178084, "latitude": -8.12498 }, "geometry": { "type": "Point", "coordinates": [ 111.178084238224216, -8.124979602620272 ] } },
{ "type": "Feature", "properties": { "fid": 229, "districtID": "3502", "district": "Ponorogo", "district_en": "Ponorogo", "provinceID": "35", "province": "Jawa Timur", "islandID": "3", "island": "Jawa", "longitude": 111.499522, "latitude": -7.93136 }, "geometry": { "type": "Point", "coordinates": [ 111.499521616900608, -7.931360293736762 ] } },
{ "type": "Feature", "properties": { "fid": 230, "districtID": "3503", "district": "Trenggalek", "district_en": "Trenggalek", "provinceID": "35", "province": "Jawa Timur", "islandID": "3", "island": "Jawa", "longitude": 111.627313, "latitude": -8.160695 }, "geometry": { "type": "Point", "coordinates": [ 111.627313403245452, -8.160694640539457 ] } },
{ "type": "Feature", "properties": { "fid": 231, "districtID": "3504", "district": "Tulungagung", "district_en": "Tulungagung", "provinceID": "35", "province": "Jawa Timur", "islandID": "3", "island": "Jawa", "longitude": 111.887729, "latitude": -8.113517 }, "geometry": { "type": "Point", "coordinates": [ 111.887729182344742, -8.113517281368296 ] } },
{ "type": "Feature", "properties": { "fid": 232, "districtID": "3505", "district": "Blitar", "district_en": "Blitar", "provinceID": "35", "province": "Jawa Timur", "islandID": "3", "island": "Jawa", "longitude": 112.237211, "latitude": -8.131061 }, "geometry": { "type": "Point", "coordinates": [ 112.237211292903908, -8.131060832365536 ] } },
{ "type": "Feature", "properties": { "fid": 233, "districtID": "3506", "district": "Kediri", "district_en": "Kediri", "provinceID": "35", "province": "Jawa Timur", "islandID": "3", "island": "Jawa", "longitude": 112.089214, "latitude": -7.828723 }, "geometry": { "type": "Point", "coordinates": [ 112.089213532120283, -7.828723331482284 ] } },
{ "type": "Feature", "properties": { "fid": 234, "districtID": "3507", "district": "Malang", "district_en": "Malang", "provinceID": "35", "province": "Jawa Timur", "islandID": "3", "island": "Jawa", "longitude": 112.640925, "latitude": -8.12603 }, "geometry": { "type": "Point", "coordinates": [ 112.640924504669911, -8.126030027403344 ] } },
{ "type": "Feature", "properties": { "fid": 235, "districtID": "3508", "district": "Lumajang", "district_en": "Lumajang", "provinceID": "35", "province": "Jawa Timur", "islandID": "3", "island": "Jawa", "longitude": 113.138487, "latitude": -8.125483 }, "geometry": { "type": "Point", "coordinates": [ 113.138487270267774, -8.125483203713456 ] } },
{ "type": "Feature", "properties": { "fid": 236, "districtID": "3509", "district": "Jember", "district_en": "Jember", "provinceID": "35", "province": "Jawa Timur", "islandID": "3", "island": "Jawa", "longitude": 113.65595, "latitude": -8.235208 }, "geometry": { "type": "Point", "coordinates": [ 113.655950392695928, -8.235207934990347 ] } },
{ "type": "Feature", "properties": { "fid": 237, "districtID": "3510", "district": "Banyuwangi", "district_en": "Banyuwangi", "provinceID": "35", "province": "Jawa Timur", "islandID": "3", "island": "Jawa", "longitude": 114.205902, "latitude": -8.364832 }, "geometry": { "type": "Point", "coordinates": [ 114.205901877679409, -8.364831993038734 ] } },
{ "type": "Feature", "properties": { "fid": 238, "districtID": "3511", "district": "Bondowoso", "district_en": "Bondowoso", "provinceID": "35", "province": "Jawa Timur", "islandID": "3", "island": "Jawa", "longitude": 113.947709, "latitude": -7.943712 }, "geometry": { "type": "Point", "coordinates": [ 113.947708736651137, -7.943712220804375 ] } },
{ "type": "Feature", "properties": { "fid": 239, "districtID": "3512", "district": "Situbondo", "district_en": "Situbondo", "provinceID": "35", "province": "Jawa Timur", "islandID": "3", "island": "Jawa", "longitude": 114.051378, "latitude": -7.80146 }, "geometry": { "type": "Point", "coordinates": [ 114.051378187927654, -7.801460352187106 ] } },
{ "type": "Feature", "properties": { "fid": 240, "districtID": "3513", "district": "Probolinggo", "district_en": "Probolinggo", "provinceID": "35", "province": "Jawa Timur", "islandID": "3", "island": "Jawa", "longitude": 113.320233, "latitude": -7.866435 }, "geometry": { "type": "Point", "coordinates": [ 113.320232876310058, -7.866434839554353 ] } },
{ "type": "Feature", "properties": { "fid": 241, "districtID": "3514", "district": "Pasuruan", "district_en": "Pasuruan", "provinceID": "35", "province": "Jawa Timur", "islandID": "3", "island": "Jawa", "longitude": 112.831849, "latitude": -7.742459 }, "geometry": { "type": "Point", "coordinates": [ 112.8318493633125, -7.742459177851106 ] } },
{ "type": "Feature", "properties": { "fid": 242, "districtID": "3515", "district": "Sidoarjo", "district_en": "Sidoarjo", "provinceID": "35", "province": "Jawa Timur", "islandID": "3", "island": "Jawa", "longitude": 112.7003, "latitude": -7.451484 }, "geometry": { "type": "Point", "coordinates": [ 112.700299705344449, -7.451483572161517 ] } },
{ "type": "Feature", "properties": { "fid": 243, "districtID": "3516", "district": "Mojokerto", "district_en": "Mojokerto", "provinceID": "35", "province": "Jawa Timur", "islandID": "3", "island": "Jawa", "longitude": 112.484446, "latitude": -7.550737 }, "geometry": { "type": "Point", "coordinates": [ 112.484445935522757, -7.550737101615873 ] } },
{ "type": "Feature", "properties": { "fid": 244, "districtID": "3517", "district": "Jombang", "district_en": "Jombang", "provinceID": "35", "province": "Jawa Timur", "islandID": "3", "island": "Jawa", "longitude": 112.264094, "latitude": -7.544678 }, "geometry": { "type": "Point", "coordinates": [ 112.264093862246781, -7.544678365313744 ] } },
{ "type": "Feature", "properties": { "fid": 245, "districtID": "3518", "district": "Nganjuk", "district_en": "Nganjuk", "provinceID": "35", "province": "Jawa Timur", "islandID": "3", "island": "Jawa", "longitude": 111.938533, "latitude": -7.597534 }, "geometry": { "type": "Point", "coordinates": [ 111.938532767532195, -7.59753437752898 ] } },
{ "type": "Feature", "properties": { "fid": 246, "districtID": "3519", "district": "Madiun", "district_en": "Madiun", "provinceID": "35", "province": "Jawa Timur", "islandID": "3", "island": "Jawa", "longitude": 111.645853, "latitude": -7.623646 }, "geometry": { "type": "Point", "coordinates": [ 111.645853354573489, -7.623646017328834 ] } },
{ "type": "Feature", "properties": { "fid": 247, "districtID": "3520", "district": "Magetan", "district_en": "Magetan", "provinceID": "35", "province": "Jawa Timur", "islandID": "3", "island": "Jawa", "longitude": 111.357429, "latitude": -7.663394 }, "geometry": { "type": "Point", "coordinates": [ 111.357429024758773, -7.663394425809654 ] } },
{ "type": "Feature", "properties": { "fid": 248, "districtID": "3521", "district": "Ngawi", "district_en": "Ngawi", "provinceID": "35", "province": "Jawa Timur", "islandID": "3", "island": "Jawa", "longitude": 111.34341, "latitude": -7.438843 }, "geometry": { "type": "Point", "coordinates": [ 111.343410061883532, -7.438842962052663 ] } },
{ "type": "Feature", "properties": { "fid": 249, "districtID": "3522", "district": "Bojonegoro", "district_en": "Bojonegoro", "provinceID": "35", "province": "Jawa Timur", "islandID": "3", "island": "Jawa", "longitude": 111.809867, "latitude": -7.25561 }, "geometry": { "type": "Point", "coordinates": [ 111.809867071070343, -7.255610415802808 ] } },
{ "type": "Feature", "properties": { "fid": 250, "districtID": "3523", "district": "Tuban", "district_en": "Tuban", "provinceID": "35", "province": "Jawa Timur", "islandID": "3", "island": "Jawa", "longitude": 111.892253, "latitude": -6.953437 }, "geometry": { "type": "Point", "coordinates": [ 111.892252847535985, -6.953436892460545 ] } },
{ "type": "Feature", "properties": { "fid": 251, "districtID": "3524", "district": "Lamongan", "district_en": "Lamongan", "provinceID": "35", "province": "Jawa Timur", "islandID": "3", "island": "Jawa", "longitude": 112.300737, "latitude": -7.131472 }, "geometry": { "type": "Point", "coordinates": [ 112.300736696510512, -7.131471681618232 ] } },
{ "type": "Feature", "properties": { "fid": 252, "districtID": "3525", "district": "Gresik", "district_en": "Gresik", "provinceID": "35", "province": "Jawa Timur", "islandID": "3", "island": "Jawa", "longitude": 112.558607, "latitude": -6.926999 }, "geometry": { "type": "Point", "coordinates": [ 112.558606691525782, -6.92699856865152 ] } },
{ "type": "Feature", "properties": { "fid": 253, "districtID": "3526", "district": "Bangkalan", "district_en": "Bangkalan", "provinceID": "35", "province": "Jawa Timur", "islandID": "3", "island": "Jawa", "longitude": 112.929535, "latitude": -7.044357 }, "geometry": { "type": "Point", "coordinates": [ 112.929534810373696, -7.044357166161342 ] } },
{ "type": "Feature", "properties": { "fid": 254, "districtID": "3527", "district": "Sampang", "district_en": "Sampang", "provinceID": "35", "province": "Jawa Timur", "islandID": "3", "island": "Jawa", "longitude": 113.256337, "latitude": -7.052053 }, "geometry": { "type": "Point", "coordinates": [ 113.256337040484823, -7.052052832847124 ] } },
{ "type": "Feature", "properties": { "fid": 255, "districtID": "3528", "district": "Pamekasan", "district_en": "Pamekasan", "provinceID": "35", "province": "Jawa Timur", "islandID": "3", "island": "Jawa", "longitude": 113.504043, "latitude": -7.065248 }, "geometry": { "type": "Point", "coordinates": [ 113.504042589544497, -7.065247729699139 ] } },
{ "type": "Feature", "properties": { "fid": 256, "districtID": "3529", "district": "Sumenep", "district_en": "Sumenep", "provinceID": "35", "province": "Jawa Timur", "islandID": "3", "island": "Jawa", "longitude": 114.402935, "latitude": -6.966469 }, "geometry": { "type": "Point", "coordinates": [ 114.402935142932478, -6.966468740218883 ] } },
{ "type": "Feature", "properties": { "fid": 257, "districtID": "3571", "district": "Kota Kediri", "district_en": "Kediri City", "provinceID": "35", "province": "Jawa Timur", "islandID": "3", "island": "Jawa", "longitude": 112.016114, "latitude": -7.826365 }, "geometry": { "type": "Point", "coordinates": [ 112.016114470553603, -7.826365069467568 ] } },
{ "type": "Feature", "properties": { "fid": 258, "districtID": "3572", "district": "Kota Blitar", "district_en": "Blitar City", "provinceID": "35", "province": "Jawa Timur", "islandID": "3", "island": "Jawa", "longitude": 112.166973, "latitude": -8.094766 }, "geometry": { "type": "Point", "coordinates": [ 112.166973247758094, -8.094765969922294 ] } },
{ "type": "Feature", "properties": { "fid": 259, "districtID": "3573", "district": "Kota Malang", "district_en": "Malang City", "provinceID": "35", "province": "Jawa Timur", "islandID": "3", "island": "Jawa", "longitude": 112.635911, "latitude": -7.978305 }, "geometry": { "type": "Point", "coordinates": [ 112.635910784103828, -7.978304645938607 ] } },
{ "type": "Feature", "properties": { "fid": 260, "districtID": "3574", "district": "Kota Probolinggo", "district_en": "Probolinggo City", "provinceID": "35", "province": "Jawa Timur", "islandID": "3", "island": "Jawa", "longitude": 113.205466, "latitude": -7.773818 }, "geometry": { "type": "Point", "coordinates": [ 113.205465802998518, -7.77381813469283 ] } },
{ "type": "Feature", "properties": { "fid": 261, "districtID": "3575", "district": "Kota Pasuruan", "district_en": "Pasuruan City", "provinceID": "35", "province": "Jawa Timur", "islandID": "3", "island": "Jawa", "longitude": 112.910004, "latitude": -7.64958 }, "geometry": { "type": "Point", "coordinates": [ 112.910003726151658, -7.649579639175278 ] } },
{ "type": "Feature", "properties": { "fid": 262, "districtID": "3576", "district": "Kota Mojokerto", "district_en": "Mojokerto City", "provinceID": "35", "province": "Jawa Timur", "islandID": "3", "island": "Jawa", "longitude": 112.43751, "latitude": -7.471397 }, "geometry": { "type": "Point", "coordinates": [ 112.437510350567408, -7.471397158204631 ] } },
{ "type": "Feature", "properties": { "fid": 263, "districtID": "3577", "district": "Kota Madiun", "district_en": "Madiun City", "provinceID": "35", "province": "Jawa Timur", "islandID": "3", "island": "Jawa", "longitude": 111.527263, "latitude": -7.629458 }, "geometry": { "type": "Point", "coordinates": [ 111.52726311557015, -7.629457748033909 ] } },
{ "type": "Feature", "properties": { "fid": 264, "districtID": "3578", "district": "Kota Surabaya", "district_en": "Surabaya City", "provinceID": "35", "province": "Jawa Timur", "islandID": "3", "island": "Jawa", "longitude": 112.723584, "latitude": -7.274333 }, "geometry": { "type": "Point", "coordinates": [ 112.723584411076018, -7.274333176754133 ] } },
{ "type": "Feature", "properties": { "fid": 265, "districtID": "3579", "district": "Kota Batu", "district_en": "Batu City", "provinceID": "35", "province": "Jawa Timur", "islandID": "3", "island": "Jawa", "longitude": 112.533754, "latitude": -7.834687 }, "geometry": { "type": "Point", "coordinates": [ 112.533754245457487, -7.834687477740903 ] } },
{ "type": "Feature", "properties": { "fid": 266, "districtID": "3601", "district": "Pandeglang", "district_en": "Pandeglang", "provinceID": "36", "province": "Banten", "islandID": "3", "island": "Jawa", "longitude": 105.74293, "latitude": -6.590322 }, "geometry": { "type": "Point", "coordinates": [ 105.742929879148406, -6.590321584555626 ] } },
{ "type": "Feature", "properties": { "fid": 267, "districtID": "3602", "district": "Lebak", "district_en": "Lebak", "provinceID": "36", "province": "Banten", "islandID": "3", "island": "Jawa", "longitude": 106.212421, "latitude": -6.642104 }, "geometry": { "type": "Point", "coordinates": [ 106.212421400671175, -6.642103528650068 ] } },
{ "type": "Feature", "properties": { "fid": 268, "districtID": "3603", "district": "Tangerang", "district_en": "Tangerang", "provinceID": "36", "province": "Banten", "islandID": "3", "island": "Jawa", "longitude": 106.518934, "latitude": -6.174486 }, "geometry": { "type": "Point", "coordinates": [ 106.518933799171862, -6.174485819155205 ] } },
{ "type": "Feature", "properties": { "fid": 269, "districtID": "3604", "district": "Serang", "district_en": "Serang", "provinceID": "36", "province": "Banten", "islandID": "3", "island": "Jawa", "longitude": 106.146077, "latitude": -6.141765 }, "geometry": { "type": "Point", "coordinates": [ 106.146076839401161, -6.141764533636356 ] } },
{ "type": "Feature", "properties": { "fid": 270, "districtID": "3671", "district": "Kota Tangerang", "district_en": "Tangerang City", "provinceID": "36", "province": "Banten", "islandID": "3", "island": "Jawa", "longitude": 106.651996, "latitude": -6.184379 }, "geometry": { "type": "Point", "coordinates": [ 106.65199558779662, -6.184379124920629 ] } },
{ "type": "Feature", "properties": { "fid": 271, "districtID": "3672", "district": "Kota Cilegon", "district_en": "Cilegon City", "provinceID": "36", "province": "Banten", "islandID": "3", "island": "Jawa", "longitude": 106.018494, "latitude": -5.998908 }, "geometry": { "type": "Point", "coordinates": [ 106.018493861299902, -5.99890786346013 ] } },
{ "type": "Feature", "properties": { "fid": 272, "districtID": "3673", "district": "Kota Serang", "district_en": "Serang City", "provinceID": "36", "province": "Banten", "islandID": "3", "island": "Jawa", "longitude": 106.166747, "latitude": -6.123328 }, "geometry": { "type": "Point", "coordinates": [ 106.166747024065302, -6.123327885791105 ] } },
{ "type": "Feature", "properties": { "fid": 273, "districtID": "3674", "district": "Kota Tangerang Selatan", "district_en": "South Tangerang City", "provinceID": "36", "province": "Banten", "islandID": "3", "island": "Jawa", "longitude": 106.707391, "latitude": -6.302125 }, "geometry": { "type": "Point", "coordinates": [ 106.707390944118529, -6.302124647186924 ] } },
{ "type": "Feature", "properties": { "fid": 274, "districtID": "5101", "district": "Jembrana", "district_en": "Jembrana", "provinceID": "51", "province": "Bali", "islandID": "5", "island": "Bali-Nusa Tenggara", "longitude": 114.682902, "latitude": -8.313138 }, "geometry": { "type": "Point", "coordinates": [ 114.682902090861191, -8.313138379094053 ] } },
{ "type": "Feature", "properties": { "fid": 275, "districtID": "5102", "district": "Tabanan", "district_en": "Tabanan", "provinceID": "51", "province": "Bali", "islandID": "5", "island": "Bali-Nusa Tenggara", "longitude": 115.078274, "latitude": -8.430261 }, "geometry": { "type": "Point", "coordinates": [ 115.078274414760628, -8.430260904213553 ] } },
{ "type": "Feature", "properties": { "fid": 276, "districtID": "5103", "district": "Badung", "district_en": "Badung", "provinceID": "51", "province": "Bali", "islandID": "5", "island": "Bali-Nusa Tenggara", "longitude": 115.188371, "latitude": -8.582973 }, "geometry": { "type": "Point", "coordinates": [ 115.188370536614869, -8.582972564722096 ] } },
{ "type": "Feature", "properties": { "fid": 277, "districtID": "5104", "district": "Gianyar", "district_en": "Gianyar", "provinceID": "51", "province": "Bali", "islandID": "5", "island": "Bali-Nusa Tenggara", "longitude": 115.287487, "latitude": -8.481005 }, "geometry": { "type": "Point", "coordinates": [ 115.287487174401434, -8.481004809575998 ] } },
{ "type": "Feature", "properties": { "fid": 278, "districtID": "5105", "district": "Klungkung", "district_en": "Klungkung", "provinceID": "51", "province": "Bali", "islandID": "5", "island": "Bali-Nusa Tenggara", "longitude": 115.493667, "latitude": -8.666971 }, "geometry": { "type": "Point", "coordinates": [ 115.493666988444417, -8.666970681011621 ] } },
{ "type": "Feature", "properties": { "fid": 279, "districtID": "5106", "district": "Bangli", "district_en": "Bangli", "provinceID": "51", "province": "Bali", "islandID": "5", "island": "Bali-Nusa Tenggara", "longitude": 115.347292, "latitude": -8.29315 }, "geometry": { "type": "Point", "coordinates": [ 115.347291566818896, -8.293149724522733 ] } },
{ "type": "Feature", "properties": { "fid": 280, "districtID": "5107", "district": "Karangasem", "district_en": "Karangasem", "provinceID": "51", "province": "Bali", "islandID": "5", "island": "Bali-Nusa Tenggara", "longitude": 115.529896, "latitude": -8.374293 }, "geometry": { "type": "Point", "coordinates": [ 115.529895743151442, -8.374293219640997 ] } },
{ "type": "Feature", "properties": { "fid": 281, "districtID": "5108", "district": "Buleleng", "district_en": "Buleleng", "provinceID": "51", "province": "Bali", "islandID": "5", "island": "Bali-Nusa Tenggara", "longitude": 114.960906, "latitude": -8.200968 }, "geometry": { "type": "Point", "coordinates": [ 114.960906209186504, -8.20096752372377 ] } },
{ "type": "Feature", "properties": { "fid": 282, "districtID": "5171", "district": "Kota Denpasar", "district_en": "Denpasar City", "provinceID": "51", "province": "Bali", "islandID": "5", "island": "Bali-Nusa Tenggara", "longitude": 115.220818, "latitude": -8.668349 }, "geometry": { "type": "Point", "coordinates": [ 115.220817717254448, -8.668348700446831 ] } },
{ "type": "Feature", "properties": { "fid": 283, "districtID": "5201", "district": "Lombok Barat", "district_en": "West Lombok", "provinceID": "52", "province": "Nusa Tenggara Barat", "islandID": "5", "island": "Bali-Nusa Tenggara", "longitude": 116.093434, "latitude": -8.665524 }, "geometry": { "type": "Point", "coordinates": [ 116.093433827800027, -8.665523629849828 ] } },
{ "type": "Feature", "properties": { "fid": 284, "districtID": "5202", "district": "Lombok Tengah", "district_en": "Central Lombok", "provinceID": "52", "province": "Nusa Tenggara Barat", "islandID": "5", "island": "Bali-Nusa Tenggara", "longitude": 116.289832, "latitude": -8.72221 }, "geometry": { "type": "Point", "coordinates": [ 116.289832268759639, -8.722210467778428 ] } },
{ "type": "Feature", "properties": { "fid": 285, "districtID": "5203", "district": "Lombok Timur", "district_en": "East Lombok", "provinceID": "52", "province": "Nusa Tenggara Barat", "islandID": "5", "island": "Bali-Nusa Tenggara", "longitude": 116.530796, "latitude": -8.532422 }, "geometry": { "type": "Point", "coordinates": [ 116.530796157326108, -8.53242213231794 ] } },
{ "type": "Feature", "properties": { "fid": 286, "districtID": "5204", "district": "Sumbawa", "district_en": "Sumbawa", "provinceID": "52", "province": "Nusa Tenggara Barat", "islandID": "5", "island": "Bali-Nusa Tenggara", "longitude": 117.484281, "latitude": -8.703447 }, "geometry": { "type": "Point", "coordinates": [ 117.48428078012806, -8.703447446721425 ] } },
{ "type": "Feature", "properties": { "fid": 287, "districtID": "5205", "district": "Dompu", "district_en": "Dompu", "provinceID": "52", "province": "Nusa Tenggara Barat", "islandID": "5", "island": "Bali-Nusa Tenggara", "longitude": 118.216934, "latitude": -8.472329 }, "geometry": { "type": "Point", "coordinates": [ 118.216934099551153, -8.472328758171432 ] } },
{ "type": "Feature", "properties": { "fid": 288, "districtID": "5206", "district": "Bima", "district_en": "Bima", "provinceID": "52", "province": "Nusa Tenggara Barat", "islandID": "5", "island": "Bali-Nusa Tenggara", "longitude": 118.619115, "latitude": -8.47496 }, "geometry": { "type": "Point", "coordinates": [ 118.619115378340197, -8.474960260870414 ] } },
{ "type": "Feature", "properties": { "fid": 289, "districtID": "5207", "district": "Sumbawa Barat", "district_en": "West Sumbawa", "provinceID": "52", "province": "Nusa Tenggara Barat", "islandID": "5", "island": "Bali-Nusa Tenggara", "longitude": 116.914432, "latitude": -8.830367 }, "geometry": { "type": "Point", "coordinates": [ 116.914431768926619, -8.830366869850325 ] } },
{ "type": "Feature", "properties": { "fid": 290, "districtID": "5208", "district": "Lombok Utara", "district_en": "North Lombok", "provinceID": "52", "province": "Nusa Tenggara Barat", "islandID": "5", "island": "Bali-Nusa Tenggara", "longitude": 116.28291, "latitude": -8.348908 }, "geometry": { "type": "Point", "coordinates": [ 116.282910181980881, -8.348907636975127 ] } },
{ "type": "Feature", "properties": { "fid": 291, "districtID": "5271", "district": "Kota Mataram", "district_en": "Mataram City", "provinceID": "52", "province": "Nusa Tenggara Barat", "islandID": "5", "island": "Bali-Nusa Tenggara", "longitude": 116.110956, "latitude": -8.590151 }, "geometry": { "type": "Point", "coordinates": [ 116.110955706409626, -8.590151111766762 ] } },
{ "type": "Feature", "properties": { "fid": 292, "districtID": "5272", "district": "Kota Bima", "district_en": "Bima City", "provinceID": "52", "province": "Nusa Tenggara Barat", "islandID": "5", "island": "Bali-Nusa Tenggara", "longitude": 118.782106, "latitude": -8.454877 }, "geometry": { "type": "Point", "coordinates": [ 118.782105630511353, -8.45487684297116 ] } },
{ "type": "Feature", "properties": { "fid": 293, "districtID": "5301", "district": "Sumba Barat", "district_en": "West Sumba", "provinceID": "53", "province": "Nusa Tenggara Timur", "islandID": "5", "island": "Bali-Nusa Tenggara", "longitude": 119.383374, "latitude": -9.641468 }, "geometry": { "type": "Point", "coordinates": [ 119.383373975139037, -9.641467751144447 ] } },
{ "type": "Feature", "properties": { "fid": 294, "districtID": "5302", "district": "Sumba Timur", "district_en": "East Sumba", "provinceID": "53", "province": "Nusa Tenggara Timur", "islandID": "5", "island": "Bali-Nusa Tenggara", "longitude": 120.254853, "latitude": -9.878012 }, "geometry": { "type": "Point", "coordinates": [ 120.254852924445871, -9.878011919095 ] } },
{ "type": "Feature", "properties": { "fid": 295, "districtID": "5303", "district": "Kupang", "district_en": "Kupang", "provinceID": "53", "province": "Nusa Tenggara Timur", "islandID": "5", "island": "Bali-Nusa Tenggara", "longitude": 123.861391, "latitude": -9.916419 }, "geometry": { "type": "Point", "coordinates": [ 123.861390759018846, -9.916418764746608 ] } },
{ "type": "Feature", "properties": { "fid": 296, "districtID": "5304", "district": "Timor Tengah Selatan", "district_en": "South Central Timor", "provinceID": "53", "province": "Nusa Tenggara Timur", "islandID": "5", "island": "Bali-Nusa Tenggara", "longitude": 124.397091, "latitude": -9.82934 }, "geometry": { "type": "Point", "coordinates": [ 124.397091242015549, -9.82933987908169 ] } },
{ "type": "Feature", "properties": { "fid": 297, "districtID": "5305", "district": "Timor Tengah Utara", "district_en": "North Central Timor", "provinceID": "53", "province": "Nusa Tenggara Timur", "islandID": "5", "island": "Bali-Nusa Tenggara", "longitude": 124.569796, "latitude": -9.377788 }, "geometry": { "type": "Point", "coordinates": [ 124.569795636931048, -9.377787565144677 ] } },
{ "type": "Feature", "properties": { "fid": 298, "districtID": "5306", "district": "Belu", "district_en": "Belu", "provinceID": "53", "province": "Nusa Tenggara Timur", "islandID": "5", "island": "Bali-Nusa Tenggara", "longitude": 124.968065, "latitude": -9.154376 }, "geometry": { "type": "Point", "coordinates": [ 124.968065149733235, -9.154376071200685 ] } },
{ "type": "Feature", "properties": { "fid": 299, "districtID": "5307", "district": "Alor", "district_en": "Alor", "provinceID": "53", "province": "Nusa Tenggara Timur", "islandID": "5", "island": "Bali-Nusa Tenggara", "longitude": 124.568415, "latitude": -8.303949 }, "geometry": { "type": "Point", "coordinates": [ 124.568414640224916, -8.303948794017156 ] } },
{ "type": "Feature", "properties": { "fid": 300, "districtID": "5308", "district": "Lembata", "district_en": "Lembata", "provinceID": "53", "province": "Nusa Tenggara Timur", "islandID": "5", "island": "Bali-Nusa Tenggara", "longitude": 123.540794, "latitude": -8.381216 }, "geometry": { "type": "Point", "coordinates": [ 123.540793871169711, -8.381215600738168 ] } },
{ "type": "Feature", "properties": { "fid": 301, "districtID": "5309", "district": "Flores Timur", "district_en": "East Flores", "provinceID": "53", "province": "Nusa Tenggara Timur", "islandID": "5", "island": "Bali-Nusa Tenggara", "longitude": 122.944463, "latitude": -8.365198 }, "geometry": { "type": "Point", "coordinates": [ 122.944462962079598, -8.365198460749729 ] } },
{ "type": "Feature", "properties": { "fid": 302, "districtID": "5310", "district": "Sikka", "district_en": "Sikka", "provinceID": "53", "province": "Nusa Tenggara Timur", "islandID": "5", "island": "Bali-Nusa Tenggara", "longitude": 122.306641, "latitude": -8.609395 }, "geometry": { "type": "Point", "coordinates": [ 122.306641206649843, -8.609394995007971 ] } },
{ "type": "Feature", "properties": { "fid": 303, "districtID": "5311", "district": "Ende", "district_en": "Ende", "provinceID": "53", "province": "Nusa Tenggara Timur", "islandID": "5", "island": "Bali-Nusa Tenggara", "longitude": 121.735432, "latitude": -8.6764 }, "geometry": { "type": "Point", "coordinates": [ 121.735431614799325, -8.676400156746826 ] } },
{ "type": "Feature", "properties": { "fid": 304, "districtID": "5312", "district": "Ngada", "district_en": "Ngada", "provinceID": "53", "province": "Nusa Tenggara Timur", "islandID": "5", "island": "Bali-Nusa Tenggara", "longitude": 121.001562, "latitude": -8.664647 }, "geometry": { "type": "Point", "coordinates": [ 121.001561765864665, -8.664646988031841 ] } },
{ "type": "Feature", "properties": { "fid": 305, "districtID": "5313", "district": "Manggarai", "district_en": "Manggarai", "provinceID": "53", "province": "Nusa Tenggara Timur", "islandID": "5", "island": "Bali-Nusa Tenggara", "longitude": 120.401065, "latitude": -8.568924 }, "geometry": { "type": "Point", "coordinates": [ 120.40106486660882, -8.568923584056432 ] } },
{ "type": "Feature", "properties": { "fid": 306, "districtID": "5314", "district": "Rote Ndao", "district_en": "Rote Ndao", "provinceID": "53", "province": "Nusa Tenggara Timur", "islandID": "5", "island": "Bali-Nusa Tenggara", "longitude": 123.124399, "latitude": -10.726024 }, "geometry": { "type": "Point", "coordinates": [ 123.12439916602446, -10.726024051838225 ] } },
{ "type": "Feature", "properties": { "fid": 307, "districtID": "5315", "district": "Manggarai Barat", "district_en": "West Manggarai", "provinceID": "53", "province": "Nusa Tenggara Timur", "islandID": "5", "island": "Bali-Nusa Tenggara", "longitude": 119.988526, "latitude": -8.602778 }, "geometry": { "type": "Point", "coordinates": [ 119.988526096170091, -8.602777805181853 ] } },
{ "type": "Feature", "properties": { "fid": 308, "districtID": "5316", "district": "Sumba Tengah", "district_en": "Central Sumba", "provinceID": "53", "province": "Nusa Tenggara Timur", "islandID": "5", "island": "Bali-Nusa Tenggara", "longitude": 119.668647, "latitude": -9.543225 }, "geometry": { "type": "Point", "coordinates": [ 119.66864741576596, -9.5432252337629 ] } },
{ "type": "Feature", "properties": { "fid": 309, "districtID": "5317", "district": "Sumba Barat Daya", "district_en": "Southwest Sumba", "provinceID": "53", "province": "Nusa Tenggara Timur", "islandID": "5", "island": "Bali-Nusa Tenggara", "longitude": 119.177336, "latitude": -9.53418 }, "geometry": { "type": "Point", "coordinates": [ 119.177335556178903, -9.534179693245052 ] } },
{ "type": "Feature", "properties": { "fid": 310, "districtID": "5318", "district": "Nagekeo", "district_en": "Nagekeo", "provinceID": "53", "province": "Nusa Tenggara Timur", "islandID": "5", "island": "Bali-Nusa Tenggara", "longitude": 121.273202, "latitude": -8.689786 }, "geometry": { "type": "Point", "coordinates": [ 121.273202153305036, -8.689785623573666 ] } },
{ "type": "Feature", "properties": { "fid": 311, "districtID": "5319", "district": "Manggarai Timur", "district_en": "East Manggarai", "provinceID": "53", "province": "Nusa Tenggara Timur", "islandID": "5", "island": "Bali-Nusa Tenggara", "longitude": 120.689306, "latitude": -8.572887 }, "geometry": { "type": "Point", "coordinates": [ 120.68930612045105, -8.572887028016485 ] } },
{ "type": "Feature", "properties": { "fid": 312, "districtID": "5320", "district": "Sabu Raijua", "district_en": "Sabu Raijua", "provinceID": "53", "province": "Nusa Tenggara Timur", "islandID": "5", "island": "Bali-Nusa Tenggara", "longitude": 121.844459, "latitude": -10.535705 }, "geometry": { "type": "Point", "coordinates": [ 121.844459105000368, -10.535705372045017 ] } },
{ "type": "Feature", "properties": { "fid": 313, "districtID": "5321", "district": "Malaka", "district_en": "Malaka", "provinceID": "53", "province": "Nusa Tenggara Timur", "islandID": "5", "island": "Bali-Nusa Tenggara", "longitude": 124.888434, "latitude": -9.524305 }, "geometry": { "type": "Point", "coordinates": [ 124.888433955119766, -9.524305071897954 ] } },
{ "type": "Feature", "properties": { "fid": 314, "districtID": "5371", "district": "Kota Kupang", "district_en": "Kupang City", "provinceID": "53", "province": "Nusa Tenggara Timur", "islandID": "5", "island": "Bali-Nusa Tenggara", "longitude": 123.604541, "latitude": -10.204511 }, "geometry": { "type": "Point", "coordinates": [ 123.604541068839026, -10.204511299233046 ] } },
{ "type": "Feature", "properties": { "fid": 315, "districtID": "6101", "district": "Sambas", "district_en": "Sambas", "provinceID": "61", "province": "Kalimantan Barat", "islandID": "6", "island": "Kalimantan", "longitude": 109.349579, "latitude": 1.423129 }, "geometry": { "type": "Point", "coordinates": [ 109.349578846763293, 1.423129086035325 ] } },
{ "type": "Feature", "properties": { "fid": 316, "districtID": "6102", "district": "Bengkayang", "district_en": "Bengkayang", "provinceID": "61", "province": "Kalimantan Barat", "islandID": "6", "island": "Kalimantan", "longitude": 109.578412, "latitude": 1.011975 }, "geometry": { "type": "Point", "coordinates": [ 109.578411710157425, 1.01197501009986 ] } },
{ "type": "Feature", "properties": { "fid": 317, "districtID": "6103", "district": "Landak", "district_en": "Landak", "provinceID": "61", "province": "Kalimantan Barat", "islandID": "6", "island": "Kalimantan", "longitude": 109.764082, "latitude": 0.507694 }, "geometry": { "type": "Point", "coordinates": [ 109.764082420911521, 0.507694211420204 ] } },
{ "type": "Feature", "properties": { "fid": 318, "districtID": "6104", "district": "Mempawah", "district_en": "Mempawah", "provinceID": "61", "province": "Kalimantan Barat", "islandID": "6", "island": "Kalimantan", "longitude": 109.154199, "latitude": 0.351784 }, "geometry": { "type": "Point", "coordinates": [ 109.15419855719469, 0.351783785922951 ] } },
{ "type": "Feature", "properties": { "fid": 319, "districtID": "6105", "district": "Sanggau", "district_en": "Sanggau", "provinceID": "61", "province": "Kalimantan Barat", "islandID": "6", "island": "Kalimantan", "longitude": 110.430729, "latitude": 0.268701 }, "geometry": { "type": "Point", "coordinates": [ 110.430728801048545, 0.268700917284741 ] } },
{ "type": "Feature", "properties": { "fid": 320, "districtID": "6106", "district": "Ketapang", "district_en": "Ketapang", "provinceID": "61", "province": "Kalimantan Barat", "islandID": "6", "island": "Kalimantan", "longitude": 110.605439, "latitude": -1.633322 }, "geometry": { "type": "Point", "coordinates": [ 110.605438700460269, -1.633322157461885 ] } },
{ "type": "Feature", "properties": { "fid": 321, "districtID": "6107", "district": "Sintang", "district_en": "Sintang", "provinceID": "61", "province": "Kalimantan Barat", "islandID": "6", "island": "Kalimantan", "longitude": 112.054378, "latitude": 0.092613 }, "geometry": { "type": "Point", "coordinates": [ 112.054377969758391, 0.092612545997673 ] } },
{ "type": "Feature", "properties": { "fid": 322, "districtID": "6108", "district": "Kapuas Hulu", "district_en": "Kapuas Hulu", "provinceID": "61", "province": "Kalimantan Barat", "islandID": "6", "island": "Kalimantan", "longitude": 112.803565, "latitude": 0.825649 }, "geometry": { "type": "Point", "coordinates": [ 112.803565155833155, 0.82564949437066 ] } },
{ "type": "Feature", "properties": { "fid": 323, "districtID": "6109", "district": "Sekadau", "district_en": "Sekadau", "provinceID": "61", "province": "Kalimantan Barat", "islandID": "6", "island": "Kalimantan", "longitude": 110.948927, "latitude": -0.017136 }, "geometry": { "type": "Point", "coordinates": [ 110.948926716962887, -0.017135575166651 ] } },
{ "type": "Feature", "properties": { "fid": 324, "districtID": "6110", "district": "Melawi", "district_en": "Melawi", "provinceID": "61", "province": "Kalimantan Barat", "islandID": "6", "island": "Kalimantan", "longitude": 111.724586, "latitude": -0.630457 }, "geometry": { "type": "Point", "coordinates": [ 111.724586444596341, -0.630457404518346 ] } },
{ "type": "Feature", "properties": { "fid": 325, "districtID": "6111", "district": "Kayong Utara", "district_en": "North Kayong", "provinceID": "61", "province": "Kalimantan Barat", "islandID": "6", "island": "Kalimantan", "longitude": 109.875374, "latitude": -1.104436 }, "geometry": { "type": "Point", "coordinates": [ 109.875373713016003, -1.104435874637264 ] } },
{ "type": "Feature", "properties": { "fid": 326, "districtID": "6112", "district": "Kubu Raya", "district_en": "Kubu Raya", "provinceID": "61", "province": "Kalimantan Barat", "islandID": "6", "island": "Kalimantan", "longitude": 109.540387, "latitude": -0.391847 }, "geometry": { "type": "Point", "coordinates": [ 109.540386729637802, -0.391846884081975 ] } },
{ "type": "Feature", "properties": { "fid": 327, "districtID": "6171", "district": "Kota Pontianak", "district_en": "Pontianak City", "provinceID": "61", "province": "Kalimantan Barat", "islandID": "6", "island": "Kalimantan", "longitude": 109.331699, "latitude": -0.02578 }, "geometry": { "type": "Point", "coordinates": [ 109.331699064281707, -0.025779938112199 ] } },
{ "type": "Feature", "properties": { "fid": 328, "districtID": "6172", "district": "Kota Singkawang", "district_en": "Singkawang City", "provinceID": "61", "province": "Kalimantan Barat", "islandID": "6", "island": "Kalimantan", "longitude": 109.032272, "latitude": 0.886651 }, "geometry": { "type": "Point", "coordinates": [ 109.032271790228691, 0.886650796270673 ] } },
{ "type": "Feature", "properties": { "fid": 329, "districtID": "6201", "district": "Kotawaringin Barat", "district_en": "West Kotawaringin", "provinceID": "62", "province": "Kalimantan Tengah", "islandID": "6", "island": "Kalimantan", "longitude": 111.774174, "latitude": -2.572351 }, "geometry": { "type": "Point", "coordinates": [ 111.77417360055108, -2.572350895443454 ] } },
{ "type": "Feature", "properties": { "fid": 330, "districtID": "6202", "district": "Kotawaringin Timur", "district_en": "East Kotawaringin", "provinceID": "62", "province": "Kalimantan Tengah", "islandID": "6", "island": "Kalimantan", "longitude": 112.715228, "latitude": -2.086032 }, "geometry": { "type": "Point", "coordinates": [ 112.715228446528116, -2.086031582258695 ] } },
{ "type": "Feature", "properties": { "fid": 331, "districtID": "6203", "district": "Kapuas", "district_en": "Kapuas", "provinceID": "62", "province": "Kalimantan Tengah", "islandID": "6", "island": "Kalimantan", "longitude": 114.302778, "latitude": -1.763853 }, "geometry": { "type": "Point", "coordinates": [ 114.302777737393555, -1.76385265078103 ] } },
{ "type": "Feature", "properties": { "fid": 332, "districtID": "6204", "district": "Barito Selatan", "district_en": "South Barito", "provinceID": "62", "province": "Kalimantan Tengah", "islandID": "6", "island": "Kalimantan", "longitude": 114.911061, "latitude": -1.774431 }, "geometry": { "type": "Point", "coordinates": [ 114.911060782942997, -1.774431211002789 ] } },
{ "type": "Feature", "properties": { "fid": 333, "districtID": "6205", "district": "Barito Utara", "district_en": "North Barito", "provinceID": "62", "province": "Kalimantan Tengah", "islandID": "6", "island": "Kalimantan", "longitude": 115.137626, "latitude": -0.928414 }, "geometry": { "type": "Point", "coordinates": [ 115.137625569310288, -0.928413724433536 ] } },
{ "type": "Feature", "properties": { "fid": 334, "districtID": "6206", "district": "Sukamara", "district_en": "Sukamara", "provinceID": "62", "province": "Kalimantan Tengah", "islandID": "6", "island": "Kalimantan", "longitude": 111.159564, "latitude": -2.604457 }, "geometry": { "type": "Point", "coordinates": [ 111.159564414516169, -2.604457435250195 ] } },
{ "type": "Feature", "properties": { "fid": 335, "districtID": "6207", "district": "Lamandau", "district_en": "Lamandau", "provinceID": "62", "province": "Kalimantan Tengah", "islandID": "6", "island": "Kalimantan", "longitude": 111.41785, "latitude": -1.771429 }, "geometry": { "type": "Point", "coordinates": [ 111.41784975040926, -1.771428680479274 ] } },
{ "type": "Feature", "properties": { "fid": 336, "districtID": "6208", "district": "Seruyan", "district_en": "Seruyan", "provinceID": "62", "province": "Kalimantan Tengah", "islandID": "6", "island": "Kalimantan", "longitude": 112.198764, "latitude": -2.2579 }, "geometry": { "type": "Point", "coordinates": [ 112.198764240853308, -2.257899704216276 ] } },
{ "type": "Feature", "properties": { "fid": 337, "districtID": "6209", "district": "Katingan", "district_en": "Katingan", "provinceID": "62", "province": "Kalimantan Tengah", "islandID": "6", "island": "Kalimantan", "longitude": 113.070952, "latitude": -1.686384 }, "geometry": { "type": "Point", "coordinates": [ 113.07095223444739, -1.686383667300356 ] } },
{ "type": "Feature", "properties": { "fid": 338, "districtID": "6210", "district": "Pulang Pisau", "district_en": "Pulang Pisau", "provinceID": "62", "province": "Kalimantan Tengah", "islandID": "6", "island": "Kalimantan", "longitude": 113.967562, "latitude": -2.691113 }, "geometry": { "type": "Point", "coordinates": [ 113.967561528562186, -2.69111278618304 ] } },
{ "type": "Feature", "properties": { "fid": 339, "districtID": "6211", "district": "Gunung Mas", "district_en": "Gunung Mas", "provinceID": "62", "province": "Kalimantan Tengah", "islandID": "6", "island": "Kalimantan", "longitude": 113.55878, "latitude": -1.025154 }, "geometry": { "type": "Point", "coordinates": [ 113.558779531860566, -1.025154165708098 ] } },
{ "type": "Feature", "properties": { "fid": 340, "districtID": "6212", "district": "Barito Timur", "district_en": "East Barito", "provinceID": "62", "province": "Kalimantan Tengah", "islandID": "6", "island": "Kalimantan", "longitude": 115.143954, "latitude": -1.982358 }, "geometry": { "type": "Point", "coordinates": [ 115.14395434874757, -1.982357755818072 ] } },
{ "type": "Feature", "properties": { "fid": 341, "districtID": "6213", "district": "Murung Raya", "district_en": "Murung Raya", "provinceID": "62", "province": "Kalimantan Tengah", "islandID": "6", "island": "Kalimantan", "longitude": 114.262334, "latitude": -0.031788 }, "geometry": { "type": "Point", "coordinates": [ 114.262333909894423, -0.031787721828322 ] } },
{ "type": "Feature", "properties": { "fid": 342, "districtID": "6271", "district": "Kota Palangkaraya", "district_en": "Palangka Raya City", "provinceID": "62", "province": "Kalimantan Tengah", "islandID": "6", "island": "Kalimantan", "longitude": 113.767488, "latitude": -2.007516 }, "geometry": { "type": "Point", "coordinates": [ 113.767488142748988, -2.007516029973372 ] } },
{ "type": "Feature", "properties": { "fid": 343, "districtID": "6301", "district": "Tanah Laut", "district_en": "Tanah Laut", "provinceID": "63", "province": "Kalimantan Selatan", "islandID": "6", "island": "Kalimantan", "longitude": 114.905322, "latitude": -3.819263 }, "geometry": { "type": "Point", "coordinates": [ 114.905322167673404, -3.819262705050575 ] } },
{ "type": "Feature", "properties": { "fid": 344, "districtID": "6302", "district": "Kotabaru", "district_en": "Kotabaru", "provinceID": "63", "province": "Kalimantan Selatan", "islandID": "6", "island": "Kalimantan", "longitude": 116.063178, "latitude": -2.98501 }, "geometry": { "type": "Point", "coordinates": [ 116.063177985071775, -2.98500969305343 ] } },
{ "type": "Feature", "properties": { "fid": 345, "districtID": "6303", "district": "Banjar", "district_en": "Banjar", "provinceID": "63", "province": "Kalimantan Selatan", "islandID": "6", "island": "Kalimantan", "longitude": 115.079892, "latitude": -3.320536 }, "geometry": { "type": "Point", "coordinates": [ 115.07989168533301, -3.320535925970098 ] } },
{ "type": "Feature", "properties": { "fid": 346, "districtID": "6304", "district": "Barito Kuala", "district_en": "Barito Kuala", "provinceID": "63", "province": "Kalimantan Selatan", "islandID": "6", "island": "Kalimantan", "longitude": 114.6302, "latitude": -3.091262 }, "geometry": { "type": "Point", "coordinates": [ 114.630200261183887, -3.091261696269042 ] } },
{ "type": "Feature", "properties": { "fid": 347, "districtID": "6305", "district": "Tapin", "district_en": "Tapin", "provinceID": "63", "province": "Kalimantan Selatan", "islandID": "6", "island": "Kalimantan", "longitude": 115.045137, "latitude": -2.921654 }, "geometry": { "type": "Point", "coordinates": [ 115.045137124982773, -2.921654337789556 ] } },
{ "type": "Feature", "properties": { "fid": 348, "districtID": "6306", "district": "Hulu Sungai Selatan", "district_en": "South Hulu Sungai", "provinceID": "63", "province": "Kalimantan Selatan", "islandID": "6", "island": "Kalimantan", "longitude": 115.205506, "latitude": -2.729225 }, "geometry": { "type": "Point", "coordinates": [ 115.205506018355464, -2.729225402446494 ] } },
{ "type": "Feature", "properties": { "fid": 349, "districtID": "6307", "district": "Hulu Sungai Tengah", "district_en": "Central Hulu Sungai", "provinceID": "63", "province": "Kalimantan Selatan", "islandID": "6", "island": "Kalimantan", "longitude": 115.478657, "latitude": -2.609375 }, "geometry": { "type": "Point", "coordinates": [ 115.478656590329436, -2.609375112982298 ] } },
{ "type": "Feature", "properties": { "fid": 350, "districtID": "6308", "district": "Hulu Sungai Utara", "district_en": "North Hulu Sungai", "provinceID": "63", "province": "Kalimantan Selatan", "islandID": "6", "island": "Kalimantan", "longitude": 115.15128, "latitude": -2.439261 }, "geometry": { "type": "Point", "coordinates": [ 115.151279744409166, -2.439261280776281 ] } },
{ "type": "Feature", "properties": { "fid": 351, "districtID": "6309", "district": "Tabalong", "district_en": "Tabalong", "provinceID": "63", "province": "Kalimantan Selatan", "islandID": "6", "island": "Kalimantan", "longitude": 115.500057, "latitude": -1.861998 }, "geometry": { "type": "Point", "coordinates": [ 115.500057061058627, -1.861998127289904 ] } },
{ "type": "Feature", "properties": { "fid": 352, "districtID": "6310", "district": "Tanah Bumbu", "district_en": "Tanah Bumbu", "provinceID": "63", "province": "Kalimantan Selatan", "islandID": "6", "island": "Kalimantan", "longitude": 115.647127, "latitude": -3.439769 }, "geometry": { "type": "Point", "coordinates": [ 115.647127158356426, -3.439768518350154 ] } },
{ "type": "Feature", "properties": { "fid": 353, "districtID": "6311", "district": "Balangan", "district_en": "Balangan", "provinceID": "63", "province": "Kalimantan Selatan", "islandID": "6", "island": "Kalimantan", "longitude": 115.62277, "latitude": -2.317846 }, "geometry": { "type": "Point", "coordinates": [ 115.622770172506264, -2.317845535199523 ] } },
{ "type": "Feature", "properties": { "fid": 354, "districtID": "6371", "district": "Kota Banjarmasin", "district_en": "Banjarmasin City", "provinceID": "63", "province": "Kalimantan Selatan", "islandID": "6", "island": "Kalimantan", "longitude": 114.591802, "latitude": -3.329117 }, "geometry": { "type": "Point", "coordinates": [ 114.591801646449866, -3.329116720220666 ] } },
{ "type": "Feature", "properties": { "fid": 355, "districtID": "6372", "district": "Kota Banjarbaru", "district_en": "Banjar Baru City", "provinceID": "63", "province": "Kalimantan Selatan", "islandID": "6", "island": "Kalimantan", "longitude": 114.791184, "latitude": -3.474774 }, "geometry": { "type": "Point", "coordinates": [ 114.791183586978931, -3.474773943718294 ] } },
{ "type": "Feature", "properties": { "fid": 356, "districtID": "6401", "district": "Paser", "district_en": "Paser", "provinceID": "64", "province": "Kalimantan Timur", "islandID": "6", "island": "Kalimantan", "longitude": 116.092063, "latitude": -1.741166 }, "geometry": { "type": "Point", "coordinates": [ 116.092063184649874, -1.741166034271387 ] } },
{ "type": "Feature", "properties": { "fid": 357, "districtID": "6402", "district": "Kutai Barat", "district_en": "West Kutai", "provinceID": "64", "province": "Kalimantan Timur", "islandID": "6", "island": "Kalimantan", "longitude": 115.826103, "latitude": -0.503339 }, "geometry": { "type": "Point", "coordinates": [ 115.826103167690093, -0.503339489427638 ] } },
{ "type": "Feature", "properties": { "fid": 358, "districtID": "6403", "district": "Kutai Kartanegara", "district_en": "Kutai Kartanegara", "provinceID": "64", "province": "Kalimantan Timur", "islandID": "6", "island": "Kalimantan", "longitude": 116.480095, "latitude": 0.108002 }, "geometry": { "type": "Point", "coordinates": [ 116.480094546482235, 0.108001930060249 ] } },
{ "type": "Feature", "properties": { "fid": 359, "districtID": "6404", "district": "Kutai Timur", "district_en": "East Kutai", "provinceID": "64", "province": "Kalimantan Timur", "islandID": "6", "island": "Kalimantan", "longitude": 117.12914, "latitude": 0.989935 }, "geometry": { "type": "Point", "coordinates": [ 117.129140306200341, 0.98993547444814 ] } },
{ "type": "Feature", "properties": { "fid": 360, "districtID": "6405", "district": "Berau", "district_en": "Berau", "provinceID": "64", "province": "Kalimantan Timur", "islandID": "6", "island": "Kalimantan", "longitude": 117.340108, "latitude": 1.912601 }, "geometry": { "type": "Point", "coordinates": [ 117.340108118733966, 1.91260127952843 ] } },
{ "type": "Feature", "properties": { "fid": 361, "districtID": "6409", "district": "Penajam Paser Utara", "district_en": "North Penajam Paser", "provinceID": "64", "province": "Kalimantan Timur", "islandID": "6", "island": "Kalimantan", "longitude": 116.59114, "latitude": -1.158962 }, "geometry": { "type": "Point", "coordinates": [ 116.591139730754065, -1.158962326218944 ] } },
{ "type": "Feature", "properties": { "fid": 362, "districtID": "6411", "district": "Mahakam Ulu", "district_en": "Mahakam Ulu", "provinceID": "64", "province": "Kalimantan Timur", "islandID": "6", "island": "Kalimantan", "longitude": 114.833449, "latitude": 0.733878 }, "geometry": { "type": "Point", "coordinates": [ 114.833448607560697, 0.733878486336228 ] } },
{ "type": "Feature", "properties": { "fid": 363, "districtID": "6471", "district": "Kota Balikpapan", "district_en": "Balikpapan City", "provinceID": "64", "province": "Kalimantan Timur", "islandID": "6", "island": "Kalimantan", "longitude": 116.872288, "latitude": -1.156668 }, "geometry": { "type": "Point", "coordinates": [ 116.872288292667008, -1.156667503677208 ] } },
{ "type": "Feature", "properties": { "fid": 364, "districtID": "6472", "district": "Kota Samarinda", "district_en": "Samarinda City", "provinceID": "64", "province": "Kalimantan Timur", "islandID": "6", "island": "Kalimantan", "longitude": 117.177067, "latitude": -0.500283 }, "geometry": { "type": "Point", "coordinates": [ 117.177066511189736, -0.500282514366559 ] } },
{ "type": "Feature", "properties": { "fid": 365, "districtID": "6474", "district": "Kota Bontang", "district_en": "Bontang City", "provinceID": "64", "province": "Kalimantan Timur", "islandID": "6", "island": "Kalimantan", "longitude": 117.458052, "latitude": 0.093259 }, "geometry": { "type": "Point", "coordinates": [ 117.458052138017933, 0.093258727998329 ] } },
{ "type": "Feature", "properties": { "fid": 366, "districtID": "6501", "district": "Malinau", "district_en": "Malinau", "provinceID": "65", "province": "Kalimantan Utara", "islandID": "6", "island": "Kalimantan", "longitude": 115.735635, "latitude": 2.513629 }, "geometry": { "type": "Point", "coordinates": [ 115.735635334873393, 2.513629457665925 ] } },
{ "type": "Feature", "properties": { "fid": 367, "districtID": "6502", "district": "Bulungan", "district_en": "Bulungan", "provinceID": "65", "province": "Kalimantan Utara", "islandID": "6", "island": "Kalimantan", "longitude": 117.032017, "latitude": 2.797597 }, "geometry": { "type": "Point", "coordinates": [ 117.032016881371788, 2.797596934956501 ] } },
{ "type": "Feature", "properties": { "fid": 368, "districtID": "6503", "district": "Tana Tidung", "district_en": "Tana Tidung", "provinceID": "65", "province": "Kalimantan Utara", "islandID": "6", "island": "Kalimantan", "longitude": 117.157731, "latitude": 3.570501 }, "geometry": { "type": "Point", "coordinates": [ 117.15773118848918, 3.570500598787117 ] } },
{ "type": "Feature", "properties": { "fid": 369, "districtID": "6504", "district": "Nunukan", "district_en": "Nunukan", "provinceID": "65", "province": "Kalimantan Utara", "islandID": "6", "island": "Kalimantan", "longitude": 116.642872, "latitude": 4.009257 }, "geometry": { "type": "Point", "coordinates": [ 116.642872356045672, 4.009257149715697 ] } },
{ "type": "Feature", "properties": { "fid": 370, "districtID": "6571", "district": "Kota Tarakan", "district_en": "Tarakan City", "provinceID": "65", "province": "Kalimantan Utara", "islandID": "6", "island": "Kalimantan", "longitude": 117.599504, "latitude": 3.359416 }, "geometry": { "type": "Point", "coordinates": [ 117.599504278571544, 3.359415777529567 ] } },
{ "type": "Feature", "properties": { "fid": 371, "districtID": "7101", "district": "Bolaang Mongondow", "district_en": "Bolaang Mongondow", "provinceID": "71", "province": "Sulawesi Utara", "islandID": "7", "island": "Sulawesi", "longitude": 124.036984, "latitude": 0.708684 }, "geometry": { "type": "Point", "coordinates": [ 124.036983973853651, 0.708684452851331 ] } },
{ "type": "Feature", "properties": { "fid": 372, "districtID": "7102", "district": "Minahasa", "district_en": "Minahasa", "provinceID": "71", "province": "Sulawesi Utara", "islandID": "7", "island": "Sulawesi", "longitude": 124.858105, "latitude": 1.250036 }, "geometry": { "type": "Point", "coordinates": [ 124.858105209714608, 1.250035727652543 ] } },
{ "type": "Feature", "properties": { "fid": 373, "districtID": "7103", "district": "Kepulauan Sangihe", "district_en": "Sangihe Islands", "provinceID": "71", "province": "Sulawesi Utara", "islandID": "7", "island": "Sulawesi", "longitude": 125.540974, "latitude": 3.552721 }, "geometry": { "type": "Point", "coordinates": [ 125.540973648195546, 3.55272071033791 ] } },
{ "type": "Feature", "properties": { "fid": 374, "districtID": "7104", "district": "Kepulauan Talaud", "district_en": "Talaud Islands", "provinceID": "71", "province": "Sulawesi Utara", "islandID": "7", "island": "Sulawesi", "longitude": 126.781076, "latitude": 4.225813 }, "geometry": { "type": "Point", "coordinates": [ 126.781075635921709, 4.225813271929973 ] } },
{ "type": "Feature", "properties": { "fid": 375, "districtID": "7105", "district": "Minahasa Selatan", "district_en": "South Minahasa", "provinceID": "71", "province": "Sulawesi Utara", "islandID": "7", "island": "Sulawesi", "longitude": 124.518904, "latitude": 1.084976 }, "geometry": { "type": "Point", "coordinates": [ 124.518903950217279, 1.084976336262145 ] } },
{ "type": "Feature", "properties": { "fid": 376, "districtID": "7106", "district": "Minahasa Utara", "district_en": "North Minahasa", "provinceID": "71", "province": "Sulawesi Utara", "islandID": "7", "island": "Sulawesi", "longitude": 125.005305, "latitude": 1.548088 }, "geometry": { "type": "Point", "coordinates": [ 125.005304766424942, 1.548088370415189 ] } },
{ "type": "Feature", "properties": { "fid": 377, "districtID": "7107", "district": "Bolaang Mongondow Utara", "district_en": "North Bolaang Mongondow", "provinceID": "71", "province": "Sulawesi Utara", "islandID": "7", "island": "Sulawesi", "longitude": 123.476476, "latitude": 0.767636 }, "geometry": { "type": "Point", "coordinates": [ 123.476475929619625, 0.767636434430476 ] } },
{ "type": "Feature", "properties": { "fid": 378, "districtID": "7108", "district": "Kepulauan Siau Tagulandang Biaro", "district_en": "Siau Tagulandang Biaro Islands", "provinceID": "71", "province": "Sulawesi Utara", "islandID": "7", "island": "Sulawesi", "longitude": 125.396951, "latitude": 2.539218 }, "geometry": { "type": "Point", "coordinates": [ 125.396951084665645, 2.539217719924376 ] } },
{ "type": "Feature", "properties": { "fid": 379, "districtID": "7109", "district": "Minahasa Tenggara", "district_en": "Southeast Minahasa", "provinceID": "71", "province": "Sulawesi Utara", "islandID": "7", "island": "Sulawesi", "longitude": 124.71665, "latitude": 1.012205 }, "geometry": { "type": "Point", "coordinates": [ 124.716649582683729, 1.012204833599188 ] } },
{ "type": "Feature", "properties": { "fid": 380, "districtID": "7110", "district": "Bolaang Mongondow Selatan", "district_en": "South Bolaang Mongondow", "provinceID": "71", "province": "Sulawesi Utara", "islandID": "7", "island": "Sulawesi", "longitude": 123.932498, "latitude": 0.444302 }, "geometry": { "type": "Point", "coordinates": [ 123.932498340484997, 0.444301830988283 ] } },
{ "type": "Feature", "properties": { "fid": 381, "districtID": "7111", "district": "Bolaang Mongondow Timur", "district_en": "East Bolaang Mongondow", "provinceID": "71", "province": "Sulawesi Utara", "islandID": "7", "island": "Sulawesi", "longitude": 124.509522, "latitude": 0.716316 }, "geometry": { "type": "Point", "coordinates": [ 124.509521837671059, 0.716315651349008 ] } },
{ "type": "Feature", "properties": { "fid": 382, "districtID": "7171", "district": "Kota Manado", "district_en": "Manado City", "provinceID": "71", "province": "Sulawesi Utara", "islandID": "7", "island": "Sulawesi", "longitude": 124.847902, "latitude": 1.524915 }, "geometry": { "type": "Point", "coordinates": [ 124.847901718038301, 1.524914561012955 ] } },
{ "type": "Feature", "properties": { "fid": 383, "districtID": "7172", "district": "Kota Bitung", "district_en": "Bitung City", "provinceID": "71", "province": "Sulawesi Utara", "islandID": "7", "island": "Sulawesi", "longitude": 125.157972, "latitude": 1.489814 }, "geometry": { "type": "Point", "coordinates": [ 125.157972418580329, 1.489813892421971 ] } },
{ "type": "Feature", "properties": { "fid": 384, "districtID": "7173", "district": "Kota Tomohon", "district_en": "Tomohon City", "provinceID": "71", "province": "Sulawesi Utara", "islandID": "7", "island": "Sulawesi", "longitude": 124.815051, "latitude": 1.330534 }, "geometry": { "type": "Point", "coordinates": [ 124.815050679573005, 1.330533957378455 ] } },
{ "type": "Feature", "properties": { "fid": 385, "districtID": "7174", "district": "Kota Kotamobagu", "district_en": "Kotamobagu City", "provinceID": "71", "province": "Sulawesi Utara", "islandID": "7", "island": "Sulawesi", "longitude": 124.318306, "latitude": 0.711077 }, "geometry": { "type": "Point", "coordinates": [ 124.318306265734677, 0.711076987005645 ] } },
{ "type": "Feature", "properties": { "fid": 386, "districtID": "7201", "district": "Banggai Kepulauan", "district_en": "Banggai Islands", "provinceID": "72", "province": "Sulawesi Tengah", "islandID": "7", "island": "Sulawesi", "longitude": 123.143289, "latitude": -1.371795 }, "geometry": { "type": "Point", "coordinates": [ 123.14328937084548, -1.371794530599501 ] } },
{ "type": "Feature", "properties": { "fid": 387, "districtID": "7202", "district": "Banggai", "district_en": "Banggai", "provinceID": "72", "province": "Sulawesi Tengah", "islandID": "7", "island": "Sulawesi", "longitude": 122.588284, "latitude": -1.018513 }, "geometry": { "type": "Point", "coordinates": [ 122.588283975586791, -1.018513290619831 ] } },
{ "type": "Feature", "properties": { "fid": 388, "districtID": "7203", "district": "Morowali", "district_en": "Morowali", "provinceID": "72", "province": "Sulawesi Tengah", "islandID": "7", "island": "Sulawesi", "longitude": 121.923699, "latitude": -2.71603 }, "geometry": { "type": "Point", "coordinates": [ 121.923698997599942, -2.716029992446177 ] } },
{ "type": "Feature", "properties": { "fid": 389, "districtID": "7204", "district": "Poso", "district_en": "Poso", "provinceID": "72", "province": "Sulawesi Tengah", "islandID": "7", "island": "Sulawesi", "longitude": 120.533728, "latitude": -1.678422 }, "geometry": { "type": "Point", "coordinates": [ 120.533727796140056, -1.678421865347115 ] } },
{ "type": "Feature", "properties": { "fid": 390, "districtID": "7205", "district": "Donggala", "district_en": "Donggala", "provinceID": "72", "province": "Sulawesi Tengah", "islandID": "7", "island": "Sulawesi", "longitude": 119.830645, "latitude": -0.436095 }, "geometry": { "type": "Point", "coordinates": [ 119.830645485212457, -0.436095440491724 ] } },
{ "type": "Feature", "properties": { "fid": 391, "districtID": "7206", "district": "Tolitoli", "district_en": "Tolitoli", "provinceID": "72", "province": "Sulawesi Tengah", "islandID": "7", "island": "Sulawesi", "longitude": 120.730012, "latitude": 0.927344 }, "geometry": { "type": "Point", "coordinates": [ 120.730011669849304, 0.927343602898573 ] } },
{ "type": "Feature", "properties": { "fid": 392, "districtID": "7207", "district": "Buol", "district_en": "Buol", "provinceID": "72", "province": "Sulawesi Tengah", "islandID": "7", "island": "Sulawesi", "longitude": 121.388447, "latitude": 0.978886 }, "geometry": { "type": "Point", "coordinates": [ 121.388446912637562, 0.978886403201069 ] } },
{ "type": "Feature", "properties": { "fid": 393, "districtID": "7208", "district": "Parigi Moutong", "district_en": "Parigi Moutong", "provinceID": "72", "province": "Sulawesi Tengah", "islandID": "7", "island": "Sulawesi", "longitude": 120.449055, "latitude": 0.016894 }, "geometry": { "type": "Point", "coordinates": [ 120.44905534106789, 0.016893549902513 ] } },
{ "type": "Feature", "properties": { "fid": 394, "districtID": "7209", "district": "Tojo Una-Una", "district_en": "Tojo Una-Una", "provinceID": "72", "province": "Sulawesi Tengah", "islandID": "7", "island": "Sulawesi", "longitude": 121.572409, "latitude": -1.124209 }, "geometry": { "type": "Point", "coordinates": [ 121.572409301300482, -1.12420863225303 ] } },
{ "type": "Feature", "properties": { "fid": 395, "districtID": "7210", "district": "Sigi", "district_en": "Sigi", "provinceID": "72", "province": "Sulawesi Tengah", "islandID": "7", "island": "Sulawesi", "longitude": 119.974227, "latitude": -1.408791 }, "geometry": { "type": "Point", "coordinates": [ 119.974227456262639, -1.408790720996937 ] } },
{ "type": "Feature", "properties": { "fid": 396, "districtID": "7211", "district": "Banggai Laut", "district_en": "Banggai Laut", "provinceID": "72", "province": "Sulawesi Tengah", "islandID": "7", "island": "Sulawesi", "longitude": 123.529442, "latitude": -1.779974 }, "geometry": { "type": "Point", "coordinates": [ 123.529442220251056, -1.779974040064714 ] } },
{ "type": "Feature", "properties": { "fid": 397, "districtID": "7212", "district": "Morowali Utara", "district_en": "North Morowali", "provinceID": "72", "province": "Sulawesi Tengah", "islandID": "7", "island": "Sulawesi", "longitude": 121.396031, "latitude": -1.827089 }, "geometry": { "type": "Point", "coordinates": [ 121.396031376766885, -1.827089200766232 ] } },
{ "type": "Feature", "properties": { "fid": 398, "districtID": "7271", "district": "Kota Palu", "district_en": "Palu City", "provinceID": "72", "province": "Sulawesi Tengah", "islandID": "7", "island": "Sulawesi", "longitude": 119.911966, "latitude": -0.836936 }, "geometry": { "type": "Point", "coordinates": [ 119.911965994090863, -0.836935598376505 ] } },
{ "type": "Feature", "properties": { "fid": 399, "districtID": "7301", "district": "Kepulauan Selayar", "district_en": "Selayar Islands", "provinceID": "73", "province": "Sulawesi Selatan", "islandID": "7", "island": "Sulawesi", "longitude": 120.718188, "latitude": -6.558848 }, "geometry": { "type": "Point", "coordinates": [ 120.718187501983493, -6.558848037162003 ] } },
{ "type": "Feature", "properties": { "fid": 400, "districtID": "7302", "district": "Bulukumba", "district_en": "Bulukumba", "provinceID": "73", "province": "Sulawesi Selatan", "islandID": "7", "island": "Sulawesi", "longitude": 120.234331, "latitude": -5.431464 }, "geometry": { "type": "Point", "coordinates": [ 120.234331367917946, -5.431464438902043 ] } },
{ "type": "Feature", "properties": { "fid": 401, "districtID": "7303", "district": "Bantaeng", "district_en": "Bantaeng", "provinceID": "73", "province": "Sulawesi Selatan", "islandID": "7", "island": "Sulawesi", "longitude": 119.987363, "latitude": -5.490192 }, "geometry": { "type": "Point", "coordinates": [ 119.987363198804289, -5.490191590199892 ] } },
{ "type": "Feature", "properties": { "fid": 402, "districtID": "7304", "district": "Jeneponto", "district_en": "Jeneponto", "provinceID": "73", "province": "Sulawesi Selatan", "islandID": "7", "island": "Sulawesi", "longitude": 119.698883, "latitude": -5.56704 }, "geometry": { "type": "Point", "coordinates": [ 119.698882777595557, -5.567039516942712 ] } },
{ "type": "Feature", "properties": { "fid": 403, "districtID": "7305", "district": "Takalar", "district_en": "Takalar", "provinceID": "73", "province": "Sulawesi Selatan", "islandID": "7", "island": "Sulawesi", "longitude": 119.474164, "latitude": -5.418459 }, "geometry": { "type": "Point", "coordinates": [ 119.474164103062549, -5.418459182587549 ] } },
{ "type": "Feature", "properties": { "fid": 404, "districtID": "7306", "district": "Gowa", "district_en": "Gowa", "provinceID": "73", "province": "Sulawesi Selatan", "islandID": "7", "island": "Sulawesi", "longitude": 119.718721, "latitude": -5.30893 }, "geometry": { "type": "Point", "coordinates": [ 119.718720760643663, -5.308930468904378 ] } },
{ "type": "Feature", "properties": { "fid": 405, "districtID": "7307", "district": "Sinjai", "district_en": "Sinjai", "provinceID": "73", "province": "Sulawesi Selatan", "islandID": "7", "island": "Sulawesi", "longitude": 120.135413, "latitude": -5.209292 }, "geometry": { "type": "Point", "coordinates": [ 120.135412749972176, -5.209292040289252 ] } },
{ "type": "Feature", "properties": { "fid": 406, "districtID": "7308", "district": "Maros", "district_en": "Maros", "provinceID": "73", "province": "Sulawesi Selatan", "islandID": "7", "island": "Sulawesi", "longitude": 119.726303, "latitude": -4.999704 }, "geometry": { "type": "Point", "coordinates": [ 119.726303131633458, -4.999704019673401 ] } },
{ "type": "Feature", "properties": { "fid": 407, "districtID": "7309", "district": "Pangkajene dan Kepulauan", "district_en": "Pangkajene Islands", "provinceID": "73", "province": "Sulawesi Selatan", "islandID": "7", "island": "Sulawesi", "longitude": 119.479548, "latitude": -4.93904 }, "geometry": { "type": "Point", "coordinates": [ 119.47954776826414, -4.939039602340845 ] } },
{ "type": "Feature", "properties": { "fid": 408, "districtID": "7310", "district": "Barru", "district_en": "Barru", "provinceID": "73", "province": "Sulawesi Selatan", "islandID": "7", "island": "Sulawesi", "longitude": 119.694851, "latitude": -4.440067 }, "geometry": { "type": "Point", "coordinates": [ 119.694850856555462, -4.440066579040783 ] } },
{ "type": "Feature", "properties": { "fid": 409, "districtID": "7311", "district": "Bone", "district_en": "Bone", "provinceID": "73", "province": "Sulawesi Selatan", "islandID": "7", "island": "Sulawesi", "longitude": 120.13003, "latitude": -4.695101 }, "geometry": { "type": "Point", "coordinates": [ 120.130030154637723, -4.695100915552047 ] } },
{ "type": "Feature", "properties": { "fid": 410, "districtID": "7312", "district": "Soppeng", "district_en": "Soppeng", "provinceID": "73", "province": "Sulawesi Selatan", "islandID": "7", "island": "Sulawesi", "longitude": 119.89338, "latitude": -4.337066 }, "geometry": { "type": "Point", "coordinates": [ 119.893380379248356, -4.337066484340358 ] } },
{ "type": "Feature", "properties": { "fid": 411, "districtID": "7313", "district": "Wajo", "district_en": "Wajo", "provinceID": "73", "province": "Sulawesi Selatan", "islandID": "7", "island": "Sulawesi", "longitude": 120.172824, "latitude": -3.991875 }, "geometry": { "type": "Point", "coordinates": [ 120.172824335171541, -3.991875157639992 ] } },
{ "type": "Feature", "properties": { "fid": 412, "districtID": "7314", "district": "Sidenreng Rappang", "district_en": "Sidenreng Rappang", "provinceID": "73", "province": "Sulawesi Selatan", "islandID": "7", "island": "Sulawesi", "longitude": 119.958464, "latitude": -3.813153 }, "geometry": { "type": "Point", "coordinates": [ 119.958463566482891, -3.813153199135867 ] } },
{ "type": "Feature", "properties": { "fid": 413, "districtID": "7315", "district": "Pinrang", "district_en": "Pinrang", "provinceID": "73", "province": "Sulawesi Selatan", "islandID": "7", "island": "Sulawesi", "longitude": 119.602578, "latitude": -3.628146 }, "geometry": { "type": "Point", "coordinates": [ 119.602577762627632, -3.628145915147855 ] } },
{ "type": "Feature", "properties": { "fid": 414, "districtID": "7316", "district": "Enrekang", "district_en": "Enrekang", "provinceID": "73", "province": "Sulawesi Selatan", "islandID": "7", "island": "Sulawesi", "longitude": 119.874578, "latitude": -3.503885 }, "geometry": { "type": "Point", "coordinates": [ 119.874577631818369, -3.503884535348402 ] } },
{ "type": "Feature", "properties": { "fid": 415, "districtID": "7317", "district": "Luwu", "district_en": "Luwu", "provinceID": "73", "province": "Sulawesi Selatan", "islandID": "7", "island": "Sulawesi", "longitude": 120.183137, "latitude": -3.199306 }, "geometry": { "type": "Point", "coordinates": [ 120.183137367858848, -3.199306206892957 ] } },
{ "type": "Feature", "properties": { "fid": 416, "districtID": "7318", "district": "Tana Toraja", "district_en": "Tana Toraja", "provinceID": "73", "province": "Sulawesi Selatan", "islandID": "7", "island": "Sulawesi", "longitude": 119.71163, "latitude": -3.115632 }, "geometry": { "type": "Point", "coordinates": [ 119.711630326692045, -3.115632089232498 ] } },
{ "type": "Feature", "properties": { "fid": 417, "districtID": "7322", "district": "Luwu Utara", "district_en": "North Luwu", "provinceID": "73", "province": "Sulawesi Selatan", "islandID": "7", "island": "Sulawesi", "longitude": 120.164441, "latitude": -2.395989 }, "geometry": { "type": "Point", "coordinates": [ 120.16444145015565, -2.395988890144271 ] } },
{ "type": "Feature", "properties": { "fid": 418, "districtID": "7325", "district": "Luwu Timur", "district_en": "East Luwu", "provinceID": "73", "province": "Sulawesi Selatan", "islandID": "7", "island": "Sulawesi", "longitude": 121.128369, "latitude": -2.556088 }, "geometry": { "type": "Point", "coordinates": [ 121.128368720900056, -2.556088387047515 ] } },
{ "type": "Feature", "properties": { "fid": 419, "districtID": "7326", "district": "Toraja Utara", "district_en": "North Toraja", "provinceID": "73", "province": "Sulawesi Selatan", "islandID": "7", "island": "Sulawesi", "longitude": 119.864266, "latitude": -2.879638 }, "geometry": { "type": "Point", "coordinates": [ 119.864265855431114, -2.879638243530961 ] } },
{ "type": "Feature", "properties": { "fid": 420, "districtID": "7371", "district": "Kota Makassar", "district_en": "Makassar City", "provinceID": "73", "province": "Sulawesi Selatan", "islandID": "7", "island": "Sulawesi", "longitude": 119.46391, "latitude": -5.135622 }, "geometry": { "type": "Point", "coordinates": [ 119.463910323924296, -5.135622222224781 ] } },
{ "type": "Feature", "properties": { "fid": 421, "districtID": "7372", "district": "Kota Parepare", "district_en": "Parepare City", "provinceID": "73", "province": "Sulawesi Selatan", "islandID": "7", "island": "Sulawesi", "longitude": 119.663555, "latitude": -4.031643 }, "geometry": { "type": "Point", "coordinates": [ 119.663554584688484, -4.031642901082371 ] } },
{ "type": "Feature", "properties": { "fid": 422, "districtID": "7373", "district": "Kota Palopo", "district_en": "Palopo City", "provinceID": "73", "province": "Sulawesi Selatan", "islandID": "7", "island": "Sulawesi", "longitude": 120.147765, "latitude": -2.97971 }, "geometry": { "type": "Point", "coordinates": [ 120.147764523987831, -2.979709850481379 ] } },
{ "type": "Feature", "properties": { "fid": 423, "districtID": "7401", "district": "Buton", "district_en": "Buton", "provinceID": "74", "province": "Sulawesi Tenggara", "islandID": "7", "island": "Sulawesi", "longitude": 122.92293, "latitude": -5.316537 }, "geometry": { "type": "Point", "coordinates": [ 122.922929964265776, -5.316537050678934 ] } },
{ "type": "Feature", "properties": { "fid": 424, "districtID": "7402", "district": "Muna", "district_en": "Muna", "provinceID": "74", "province": "Sulawesi Tenggara", "islandID": "7", "island": "Sulawesi", "longitude": 122.629575, "latitude": -4.944731 }, "geometry": { "type": "Point", "coordinates": [ 122.629575145017043, -4.944730557871717 ] } },
{ "type": "Feature", "properties": { "fid": 425, "districtID": "7403", "district": "Konawe", "district_en": "Konawe", "provinceID": "74", "province": "Sulawesi Tenggara", "islandID": "7", "island": "Sulawesi", "longitude": 121.863396, "latitude": -3.531075 }, "geometry": { "type": "Point", "coordinates": [ 121.863395650308561, -3.53107474808648 ] } },
{ "type": "Feature", "properties": { "fid": 426, "districtID": "7404", "district": "Kolaka", "district_en": "Kolaka", "provinceID": "74", "province": "Sulawesi Tenggara", "islandID": "7", "island": "Sulawesi", "longitude": 121.522027, "latitude": -4.074643 }, "geometry": { "type": "Point", "coordinates": [ 121.52202660288286, -4.074643023632955 ] } },
{ "type": "Feature", "properties": { "fid": 427, "districtID": "7405", "district": "Konawe Selatan", "district_en": "South Konawe", "provinceID": "74", "province": "Sulawesi Tenggara", "islandID": "7", "island": "Sulawesi", "longitude": 122.423302, "latitude": -4.262752 }, "geometry": { "type": "Point", "coordinates": [ 122.42330180780516, -4.262751704353463 ] } },
{ "type": "Feature", "properties": { "fid": 428, "districtID": "7406", "district": "Bombana", "district_en": "Bombana", "provinceID": "74", "province": "Sulawesi Tenggara", "islandID": "7", "island": "Sulawesi", "longitude": 121.852417, "latitude": -4.801049 }, "geometry": { "type": "Point", "coordinates": [ 121.852416913433714, -4.801049288901 ] } },
{ "type": "Feature", "properties": { "fid": 429, "districtID": "7407", "district": "Wakatobi", "district_en": "Wakatobi", "provinceID": "74", "province": "Sulawesi Tenggara", "islandID": "7", "island": "Sulawesi", "longitude": 123.785456, "latitude": -5.571405 }, "geometry": { "type": "Point", "coordinates": [ 123.785456195442364, -5.571404614721051 ] } },
{ "type": "Feature", "properties": { "fid": 430, "districtID": "7408", "district": "Kolaka Utara", "district_en": "North Kolaka", "provinceID": "74", "province": "Sulawesi Tenggara", "islandID": "7", "island": "Sulawesi", "longitude": 121.134035, "latitude": -3.262805 }, "geometry": { "type": "Point", "coordinates": [ 121.134035359225919, -3.262804851978899 ] } },
{ "type": "Feature", "properties": { "fid": 431, "districtID": "7409", "district": "Buton Utara", "district_en": "North Buton", "provinceID": "74", "province": "Sulawesi Tenggara", "islandID": "7", "island": "Sulawesi", "longitude": 123.012367, "latitude": -4.703828 }, "geometry": { "type": "Point", "coordinates": [ 123.012367256860855, -4.703828187298488 ] } },
{ "type": "Feature", "properties": { "fid": 432, "districtID": "7410", "district": "Konawe Utara", "district_en": "North Konawe", "provinceID": "74", "province": "Sulawesi Tenggara", "islandID": "7", "island": "Sulawesi", "longitude": 122.030471, "latitude": -3.39075 }, "geometry": { "type": "Point", "coordinates": [ 122.030471014329521, -3.390749890317645 ] } },
{ "type": "Feature", "properties": { "fid": 433, "districtID": "7411", "district": "Kolaka Timur", "district_en": "East Kolaka", "provinceID": "74", "province": "Sulawesi Tenggara", "islandID": "7", "island": "Sulawesi", "longitude": 121.608686, "latitude": -3.795658 }, "geometry": { "type": "Point", "coordinates": [ 121.608685599425996, -3.795658136082543 ] } },
{ "type": "Feature", "properties": { "fid": 434, "districtID": "7412", "district": "Konawe Kepulauan", "district_en": "Konawe Islands", "provinceID": "74", "province": "Sulawesi Tenggara", "islandID": "7", "island": "Sulawesi", "longitude": 123.09625, "latitude": -4.114592 }, "geometry": { "type": "Point", "coordinates": [ 123.09624974956931, -4.114592110906719 ] } },
{ "type": "Feature", "properties": { "fid": 435, "districtID": "7413", "district": "Muna Barat", "district_en": "West Muna", "provinceID": "74", "province": "Sulawesi Tenggara", "islandID": "7", "island": "Sulawesi", "longitude": 122.492578, "latitude": -4.816969 }, "geometry": { "type": "Point", "coordinates": [ 122.492577693837646, -4.816968613828669 ] } },
{ "type": "Feature", "properties": { "fid": 436, "districtID": "7414", "district": "Buton Tengah", "district_en": "Central Buton", "provinceID": "74", "province": "Sulawesi Tenggara", "islandID": "7", "island": "Sulawesi", "longitude": 122.398655, "latitude": -5.317026 }, "geometry": { "type": "Point", "coordinates": [ 122.398654558762885, -5.317025546936833 ] } },
{ "type": "Feature", "properties": { "fid": 437, "districtID": "7415", "district": "Buton Selatan", "district_en": "South Buton", "provinceID": "74", "province": "Sulawesi Tenggara", "islandID": "7", "island": "Sulawesi", "longitude": 122.671559, "latitude": -5.604739 }, "geometry": { "type": "Point", "coordinates": [ 122.671558965804593, -5.60473932173411 ] } },
{ "type": "Feature", "properties": { "fid": 438, "districtID": "7471", "district": "Kota Kendari", "district_en": "Kendari City", "provinceID": "74", "province": "Sulawesi Tenggara", "islandID": "7", "island": "Sulawesi", "longitude": 122.532883, "latitude": -3.997707 }, "geometry": { "type": "Point", "coordinates": [ 122.532882587930047, -3.997706602621615 ] } },
{ "type": "Feature", "properties": { "fid": 439, "districtID": "7472", "district": "Kota Baubau", "district_en": "Baubau City", "provinceID": "74", "province": "Sulawesi Tenggara", "islandID": "7", "island": "Sulawesi", "longitude": 122.675795, "latitude": -5.428775 }, "geometry": { "type": "Point", "coordinates": [ 122.675795028123773, -5.428775447488321 ] } },
{ "type": "Feature", "properties": { "fid": 440, "districtID": "7501", "district": "Boalemo", "district_en": "Boalemo", "provinceID": "75", "province": "Gorontalo", "islandID": "7", "island": "Sulawesi", "longitude": 122.327085, "latitude": 0.652915 }, "geometry": { "type": "Point", "coordinates": [ 122.327084654725397, 0.652915331953963 ] } },
{ "type": "Feature", "properties": { "fid": 441, "districtID": "7502", "district": "Gorontalo", "district_en": "Gorontalo", "provinceID": "75", "province": "Gorontalo", "islandID": "7", "island": "Sulawesi", "longitude": 122.71252, "latitude": 0.692901 }, "geometry": { "type": "Point", "coordinates": [ 122.712519608919948, 0.69290055330599 ] } },
{ "type": "Feature", "properties": { "fid": 442, "districtID": "7503", "district": "Pohuwato", "district_en": "Pohuwato", "provinceID": "75", "province": "Gorontalo", "islandID": "7", "island": "Sulawesi", "longitude": 121.709782, "latitude": 0.688297 }, "geometry": { "type": "Point", "coordinates": [ 121.7097817907718, 0.688296536118176 ] } },
{ "type": "Feature", "properties": { "fid": 443, "districtID": "7504", "district": "Bone Bolango", "district_en": "Bone Bolango", "provinceID": "75", "province": "Gorontalo", "islandID": "7", "island": "Sulawesi", "longitude": 123.292313, "latitude": 0.532369 }, "geometry": { "type": "Point", "coordinates": [ 123.292312741579252, 0.532368662395357 ] } },
{ "type": "Feature", "properties": { "fid": 444, "districtID": "7505", "district": "Gorontalo Utara", "district_en": "North Gorontalo", "provinceID": "75", "province": "Gorontalo", "islandID": "7", "island": "Sulawesi", "longitude": 122.664532, "latitude": 0.885575 }, "geometry": { "type": "Point", "coordinates": [ 122.664531741965376, 0.885574962630615 ] } },
{ "type": "Feature", "properties": { "fid": 445, "districtID": "7571", "district": "Kota Gorontalo", "district_en": "Gorontalo City", "provinceID": "75", "province": "Gorontalo", "islandID": "7", "island": "Sulawesi", "longitude": 123.055301, "latitude": 0.538408 }, "geometry": { "type": "Point", "coordinates": [ 123.055301142294908, 0.538408318334291 ] } },
{ "type": "Feature", "properties": { "fid": 446, "districtID": "7601", "district": "Majene", "district_en": "Majene", "provinceID": "76", "province": "Sulawesi Barat", "islandID": "7", "island": "Sulawesi", "longitude": 118.918462, "latitude": -3.173212 }, "geometry": { "type": "Point", "coordinates": [ 118.91846196571376, -3.173212445630562 ] } },
{ "type": "Feature", "properties": { "fid": 447, "districtID": "7602", "district": "Polewali Mandar", "district_en": "Polewali Mandar", "provinceID": "76", "province": "Sulawesi Barat", "islandID": "7", "island": "Sulawesi", "longitude": 119.147153, "latitude": -3.310112 }, "geometry": { "type": "Point", "coordinates": [ 119.147152625730115, -3.310112256778575 ] } },
{ "type": "Feature", "properties": { "fid": 448, "districtID": "7603", "district": "Mamasa", "district_en": "Mamasa", "provinceID": "76", "province": "Sulawesi Barat", "islandID": "7", "island": "Sulawesi", "longitude": 119.314388, "latitude": -2.945748 }, "geometry": { "type": "Point", "coordinates": [ 119.314387986918874, -2.945748456186467 ] } },
{ "type": "Feature", "properties": { "fid": 449, "districtID": "7604", "district": "Mamuju", "district_en": "Mamuju", "provinceID": "76", "province": "Sulawesi Barat", "islandID": "7", "island": "Sulawesi", "longitude": 119.344566, "latitude": -2.519741 }, "geometry": { "type": "Point", "coordinates": [ 119.344566057921483, -2.519740999879924 ] } },
{ "type": "Feature", "properties": { "fid": 450, "districtID": "7605", "district": "Pasangkayu", "district_en": "Pasangkayu", "provinceID": "76", "province": "Sulawesi Barat", "islandID": "7", "island": "Sulawesi", "longitude": 119.507637, "latitude": -1.489687 }, "geometry": { "type": "Point", "coordinates": [ 119.507636694490969, -1.489686927551887 ] } },
{ "type": "Feature", "properties": { "fid": 451, "districtID": "7606", "district": "Mamuju Tengah", "district_en": "Central Mamuju", "provinceID": "76", "province": "Sulawesi Barat", "islandID": "7", "island": "Sulawesi", "longitude": 119.511085, "latitude": -2.002667 }, "geometry": { "type": "Point", "coordinates": [ 119.511084868043909, -2.002667445185512 ] } },
{ "type": "Feature", "properties": { "fid": 452, "districtID": "8101", "district": "Kepulauan Tanimbar", "district_en": "Tanimbar Islands", "provinceID": "81", "province": "Maluku", "islandID": "8", "island": "Maluku", "longitude": 131.366536, "latitude": -7.584627 }, "geometry": { "type": "Point", "coordinates": [ 131.366536465490839, -7.584626793548699 ] } },
{ "type": "Feature", "properties": { "fid": 453, "districtID": "8102", "district": "Maluku Tenggara", "district_en": "Southeast Maluku", "provinceID": "81", "province": "Maluku", "islandID": "8", "island": "Maluku", "longitude": 132.888075, "latitude": -5.677004 }, "geometry": { "type": "Point", "coordinates": [ 132.888074891209641, -5.677003921956292 ] } },
{ "type": "Feature", "properties": { "fid": 454, "districtID": "8103", "district": "Maluku Tengah", "district_en": "Central Maluku", "provinceID": "81", "province": "Maluku", "islandID": "8", "island": "Maluku", "longitude": 129.295409, "latitude": -3.181405 }, "geometry": { "type": "Point", "coordinates": [ 129.295409177231619, -3.181404956272545 ] } },
{ "type": "Feature", "properties": { "fid": 455, "districtID": "8104", "district": "Buru", "district_en": "Buru", "provinceID": "81", "province": "Maluku", "islandID": "8", "island": "Maluku", "longitude": 126.72702, "latitude": -3.329419 }, "geometry": { "type": "Point", "coordinates": [ 126.727019892197617, -3.329418982856112 ] } },
{ "type": "Feature", "properties": { "fid": 456, "districtID": "8105", "district": "Kepulauan Aru", "district_en": "Aru Islands", "provinceID": "81", "province": "Maluku", "islandID": "8", "island": "Maluku", "longitude": 134.450912, "latitude": -6.196638 }, "geometry": { "type": "Point", "coordinates": [ 134.450912369625001, -6.196637975315644 ] } },
{ "type": "Feature", "properties": { "fid": 457, "districtID": "8106", "district": "Seram Bagian Barat", "district_en": "West Seram", "provinceID": "81", "province": "Maluku", "islandID": "8", "island": "Maluku", "longitude": 128.355993, "latitude": -3.135939 }, "geometry": { "type": "Point", "coordinates": [ 128.355992658641014, -3.135938942907906 ] } },
{ "type": "Feature", "properties": { "fid": 458, "districtID": "8107", "district": "Seram Bagian Timur", "district_en": "East Seram", "provinceID": "81", "province": "Maluku", "islandID": "8", "island": "Maluku", "longitude": 130.442695, "latitude": -3.419957 }, "geometry": { "type": "Point", "coordinates": [ 130.442695104450848, -3.419957043979721 ] } },
{ "type": "Feature", "properties": { "fid": 459, "districtID": "8108", "district": "Maluku Barat Daya", "district_en": "Southwest Maluku", "provinceID": "81", "province": "Maluku", "islandID": "8", "island": "Maluku", "longitude": 127.304226, "latitude": -7.833301 }, "geometry": { "type": "Point", "coordinates": [ 127.304226175010086, -7.833300717286487 ] } },
{ "type": "Feature", "properties": { "fid": 460, "districtID": "8109", "district": "Buru Selatan", "district_en": "South Buru", "provinceID": "81", "province": "Maluku", "islandID": "8", "island": "Maluku", "longitude": 126.524267, "latitude": -3.567643 }, "geometry": { "type": "Point", "coordinates": [ 126.524266620079842, -3.56764330397084 ] } },
{ "type": "Feature", "properties": { "fid": 461, "districtID": "8171", "district": "Kota Ambon", "district_en": "Ambon City", "provinceID": "81", "province": "Maluku", "islandID": "8", "island": "Maluku", "longitude": 128.194978, "latitude": -3.685353 }, "geometry": { "type": "Point", "coordinates": [ 128.194977855498053, -3.685352835991133 ] } },
{ "type": "Feature", "properties": { "fid": 462, "districtID": "8172", "district": "Kota Tual", "district_en": "Tual City", "provinceID": "81", "province": "Maluku", "islandID": "8", "island": "Maluku", "longitude": 132.48261, "latitude": -5.556903 }, "geometry": { "type": "Point", "coordinates": [ 132.48261018293249, -5.556902933485954 ] } },
{ "type": "Feature", "properties": { "fid": 463, "districtID": "8201", "district": "Halmahera Barat", "district_en": "West Halmahera", "provinceID": "82", "province": "Maluku Utara", "islandID": "8", "island": "Maluku", "longitude": 127.590808, "latitude": 1.351786 }, "geometry": { "type": "Point", "coordinates": [ 127.590807647467926, 1.351786053855042 ] } },
{ "type": "Feature", "properties": { "fid": 464, "districtID": "8202", "district": "Halmahera Tengah", "district_en": "Central Halmahera", "provinceID": "82", "province": "Maluku Utara", "islandID": "8", "island": "Maluku", "longitude": 128.295269, "latitude": 0.401884 }, "geometry": { "type": "Point", "coordinates": [ 128.295268696285149, 0.401883802176463 ] } },
{ "type": "Feature", "properties": { "fid": 465, "districtID": "8203", "district": "Kepulauan Sula", "district_en": "Sula Islands", "provinceID": "82", "province": "Maluku Utara", "islandID": "8", "island": "Maluku", "longitude": 125.839699, "latitude": -1.963821 }, "geometry": { "type": "Point", "coordinates": [ 125.839699412726191, -1.963821094089877 ] } },
{ "type": "Feature", "properties": { "fid": 466, "districtID": "8204", "district": "Halmahera Selatan", "district_en": "South Halmahera", "provinceID": "82", "province": "Maluku Utara", "islandID": "8", "island": "Maluku", "longitude": 127.705166, "latitude": -0.827191 }, "geometry": { "type": "Point", "coordinates": [ 127.705165737380909, -0.827191136472381 ] } },
{ "type": "Feature", "properties": { "fid": 467, "districtID": "8205", "district": "Halmahera Utara", "district_en": "North Halmahera", "provinceID": "82", "province": "Maluku Utara", "islandID": "8", "island": "Maluku", "longitude": 127.834803, "latitude": 1.554441 }, "geometry": { "type": "Point", "coordinates": [ 127.834802630315835, 1.554441494770772 ] } },
{ "type": "Feature", "properties": { "fid": 468, "districtID": "8206", "district": "Halmahera Timur", "district_en": "East Halmahera", "provinceID": "82", "province": "Maluku Utara", "islandID": "8", "island": "Maluku", "longitude": 128.308644, "latitude": 1.029521 }, "geometry": { "type": "Point", "coordinates": [ 128.308643824096976, 1.029521008550238 ] } },
{ "type": "Feature", "properties": { "fid": 469, "districtID": "8207", "district": "Pulau Morotai", "district_en": "Morotai Island", "provinceID": "82", "province": "Maluku Utara", "islandID": "8", "island": "Maluku", "longitude": 128.448386, "latitude": 2.316471 }, "geometry": { "type": "Point", "coordinates": [ 128.448385863604358, 2.316471219429793 ] } },
{ "type": "Feature", "properties": { "fid": 470, "districtID": "8208", "district": "Pulau Taliabu", "district_en": "Taliabu Island", "provinceID": "82", "province": "Maluku Utara", "islandID": "8", "island": "Maluku", "longitude": 124.739407, "latitude": -1.819433 }, "geometry": { "type": "Point", "coordinates": [ 124.739407018377165, -1.819433367377514 ] } },
{ "type": "Feature", "properties": { "fid": 471, "districtID": "8271", "district": "Kota Ternate", "district_en": "Ternate City", "provinceID": "82", "province": "Maluku Utara", "islandID": "8", "island": "Maluku", "longitude": 127.172567, "latitude": 0.83851 }, "geometry": { "type": "Point", "coordinates": [ 127.172567438324194, 0.838509525882388 ] } },
{ "type": "Feature", "properties": { "fid": 472, "districtID": "8272", "district": "Kota Tidore Kepulauan", "district_en": "Tidore Islands City", "provinceID": "82", "province": "Maluku Utara", "islandID": "8", "island": "Maluku", "longitude": 127.675012, "latitude": 0.479284 }, "geometry": { "type": "Point", "coordinates": [ 127.675011885145835, 0.479283989567298 ] } },
{ "type": "Feature", "properties": { "fid": 473, "districtID": "9101", "district": "Fakfak", "district_en": "Fakfak", "provinceID": "91", "province": "Papua Barat", "islandID": "9", "island": "Papua", "longitude": 132.842778, "latitude": -3.111823 }, "geometry": { "type": "Point", "coordinates": [ 132.842777648923573, -3.11182286977758 ] } },
{ "type": "Feature", "properties": { "fid": 474, "districtID": "9102", "district": "Kaimana", "district_en": "Kaimana", "provinceID": "91", "province": "Papua Barat", "islandID": "9", "island": "Papua", "longitude": 134.056303, "latitude": -3.585484 }, "geometry": { "type": "Point", "coordinates": [ 134.056302704636323, -3.585483906364105 ] } },
{ "type": "Feature", "properties": { "fid": 475, "districtID": "9103", "district": "Teluk Wondama", "district_en": "Teluk Wondama", "provinceID": "91", "province": "Papua Barat", "islandID": "9", "island": "Papua", "longitude": 134.404159, "latitude": -2.850122 }, "geometry": { "type": "Point", "coordinates": [ 134.404158920033325, -2.850121933786367 ] } },
{ "type": "Feature", "properties": { "fid": 476, "districtID": "9104", "district": "Teluk Bintuni", "district_en": "Teluk Bintuni", "provinceID": "91", "province": "Papua Barat", "islandID": "9", "island": "Papua", "longitude": 133.45373, "latitude": -2.154591 }, "geometry": { "type": "Point", "coordinates": [ 133.453730249933699, -2.154591345259361 ] } },
{ "type": "Feature", "properties": { "fid": 477, "districtID": "9105", "district": "Manokwari", "district_en": "Manokwari", "provinceID": "91", "province": "Papua Barat", "islandID": "9", "island": "Papua", "longitude": 133.801073, "latitude": -0.933565 }, "geometry": { "type": "Point", "coordinates": [ 133.801073076114051, -0.933564605989176 ] } },
{ "type": "Feature", "properties": { "fid": 478, "districtID": "9111", "district": "Manokwari Selatan", "district_en": "South Manokwari", "provinceID": "91", "province": "Papua Barat", "islandID": "9", "island": "Papua", "longitude": 134.017667, "latitude": -1.548015 }, "geometry": { "type": "Point", "coordinates": [ 134.017666709150063, -1.548015104469924 ] } },
{ "type": "Feature", "properties": { "fid": 479, "districtID": "9112", "district": "Pegunungan Arfak", "district_en": "Pegunungan Arfak", "provinceID": "91", "province": "Papua Barat", "islandID": "9", "island": "Papua", "longitude": 133.700961, "latitude": -1.283693 }, "geometry": { "type": "Point", "coordinates": [ 133.700961055206562, -1.283693022157656 ] } },
{ "type": "Feature", "properties": { "fid": 480, "districtID": "9201", "district": "Raja Ampat", "district_en": "Raja Ampat", "provinceID": "92", "province": "Papua Barat Daya", "islandID": "9", "island": "Papua", "longitude": 130.569423, "latitude": -0.897406 }, "geometry": { "type": "Point", "coordinates": [ 130.56942321346034, -0.897406399782766 ] } },
{ "type": "Feature", "properties": { "fid": 481, "districtID": "9202", "district": "Sorong", "district_en": "Sorong", "provinceID": "92", "province": "Papua Barat Daya", "islandID": "9", "island": "Papua", "longitude": 131.556699, "latitude": -1.123138 }, "geometry": { "type": "Point", "coordinates": [ 131.556698590940414, -1.123138302403808 ] } },
{ "type": "Feature", "properties": { "fid": 482, "districtID": "9203", "district": "Sorong Selatan", "district_en": "South Sorong", "provinceID": "92", "province": "Papua Barat Daya", "islandID": "9", "island": "Papua", "longitude": 132.196169, "latitude": -1.731976 }, "geometry": { "type": "Point", "coordinates": [ 132.196169038604836, -1.731976178395945 ] } },
{ "type": "Feature", "properties": { "fid": 483, "districtID": "9204", "district": "Maybrat", "district_en": "Maybrat", "provinceID": "92", "province": "Papua Barat Daya", "islandID": "9", "island": "Papua", "longitude": 132.512055, "latitude": -1.380044 }, "geometry": { "type": "Point", "coordinates": [ 132.512054691569574, -1.380043552742106 ] } },
{ "type": "Feature", "properties": { "fid": 484, "districtID": "9205", "district": "Tambrauw", "district_en": "Tambrauw", "provinceID": "92", "province": "Papua Barat Daya", "islandID": "9", "island": "Papua", "longitude": 132.762804, "latitude": -0.801178 }, "geometry": { "type": "Point", "coordinates": [ 132.762804492073315, -0.801178349321411 ] } },
{ "type": "Feature", "properties": { "fid": 485, "districtID": "9271", "district": "Kota Sorong", "district_en": "Sorong City", "provinceID": "92", "province": "Papua Barat Daya", "islandID": "9", "island": "Papua", "longitude": 131.317834, "latitude": -0.866613 }, "geometry": { "type": "Point", "coordinates": [ 131.317833827929832, -0.866613056930777 ] } },
{ "type": "Feature", "properties": { "fid": 486, "districtID": "9403", "district": "Jayapura", "district_en": "Jayapura", "provinceID": "94", "province": "Papua", "islandID": "9", "island": "Papua", "longitude": 139.988701, "latitude": -3.010197 }, "geometry": { "type": "Point", "coordinates": [ 139.988700598194214, -3.010196536886294 ] } },
{ "type": "Feature", "properties": { "fid": 487, "districtID": "9408", "district": "Kepulauan Yapen", "district_en": "Yapen Islands", "provinceID": "94", "province": "Papua", "islandID": "9", "island": "Papua", "longitude": 136.174167, "latitude": -1.745484 }, "geometry": { "type": "Point", "coordinates": [ 136.174167121194415, -1.745484236466951 ] } },
{ "type": "Feature", "properties": { "fid": 488, "districtID": "9409", "district": "Biak Numfor", "district_en": "Biak Numfor", "provinceID": "94", "province": "Papua", "islandID": "9", "island": "Papua", "longitude": 135.844387, "latitude": -1.002846 }, "geometry": { "type": "Point", "coordinates": [ 135.844386749965821, -1.002846144172888 ] } },
{ "type": "Feature", "properties": { "fid": 489, "districtID": "9419", "district": "Sarmi", "district_en": "Sarmi", "provinceID": "94", "province": "Papua", "islandID": "9", "island": "Papua", "longitude": 139.01303, "latitude": -2.452067 }, "geometry": { "type": "Point", "coordinates": [ 139.013030151925932, -2.452066635595828 ] } },
{ "type": "Feature", "properties": { "fid": 490, "districtID": "9420", "district": "Keerom", "district_en": "Keerom", "provinceID": "94", "province": "Papua", "islandID": "9", "island": "Papua", "longitude": 140.692387, "latitude": -3.353365 }, "geometry": { "type": "Point", "coordinates": [ 140.692387238970866, -3.353365354060468 ] } },
{ "type": "Feature", "properties": { "fid": 491, "districtID": "9426", "district": "Waropen", "district_en": "Waropen", "provinceID": "94", "province": "Papua", "islandID": "9", "island": "Papua", "longitude": 136.754732, "latitude": -2.754032 }, "geometry": { "type": "Point", "coordinates": [ 136.754732126036288, -2.754031804990887 ] } },
{ "type": "Feature", "properties": { "fid": 492, "districtID": "9427", "district": "Supiori", "district_en": "Supiori", "provinceID": "94", "province": "Papua", "islandID": "9", "island": "Papua", "longitude": 135.564292, "latitude": -0.736599 }, "geometry": { "type": "Point", "coordinates": [ 135.564292020233808, -0.736599053065383 ] } },
{ "type": "Feature", "properties": { "fid": 493, "districtID": "9428", "district": "Mamberamo Raya", "district_en": "Mamberamo Raya", "provinceID": "94", "province": "Papua", "islandID": "9", "island": "Papua", "longitude": 137.960964, "latitude": -2.434818 }, "geometry": { "type": "Point", "coordinates": [ 137.960964217331821, -2.434818138764873 ] } },
{ "type": "Feature", "properties": { "fid": 494, "districtID": "9471", "district": "Kota Jayapura", "district_en": "Jayapura City", "provinceID": "94", "province": "Papua", "islandID": "9", "island": "Papua", "longitude": 140.800136, "latitude": -2.664532 }, "geometry": { "type": "Point", "coordinates": [ 140.800135534911931, -2.664532240636216 ] } },
{ "type": "Feature", "properties": { "fid": 495, "districtID": "9501", "district": "Merauke", "district_en": "Merauke", "provinceID": "95", "province": "Papua Selatan", "islandID": "9", "island": "Papua", "longitude": 139.692428, "latitude": -7.829903 }, "geometry": { "type": "Point", "coordinates": [ 139.692428037230513, -7.829903373400214 ] } },
{ "type": "Feature", "properties": { "fid": 496, "districtID": "9502", "district": "Boven Digoel", "district_en": "Boven Digoel", "provinceID": "95", "province": "Papua Selatan", "islandID": "9", "island": "Papua", "longitude": 140.391183, "latitude": -6.015913 }, "geometry": { "type": "Point", "coordinates": [ 140.391182869370169, -6.015913203632103 ] } },
{ "type": "Feature", "properties": { "fid": 497, "districtID": "9503", "district": "Mappi", "district_en": "Mappi", "provinceID": "95", "province": "Papua Selatan", "islandID": "9", "island": "Papua", "longitude": 139.378394, "latitude": -6.503158 }, "geometry": { "type": "Point", "coordinates": [ 139.378393864358827, -6.50315768280266 ] } },
{ "type": "Feature", "properties": { "fid": 498, "districtID": "9504", "district": "Asmat", "district_en": "Asmat", "provinceID": "95", "province": "Papua Selatan", "islandID": "9", "island": "Papua", "longitude": 138.657497, "latitude": -5.373048 }, "geometry": { "type": "Point", "coordinates": [ 138.657496525148304, -5.373048451450315 ] } },
{ "type": "Feature", "properties": { "fid": 499, "districtID": "9601", "district": "Mimika", "district_en": "Mimika", "provinceID": "96", "province": "Papua Tengah", "islandID": "9", "island": "Papua", "longitude": 136.84497, "latitude": -4.524243 }, "geometry": { "type": "Point", "coordinates": [ 136.84497000083104, -4.524243090958158 ] } },
{ "type": "Feature", "properties": { "fid": 500, "districtID": "9602", "district": "Dogiyai", "district_en": "Dogiyai", "provinceID": "96", "province": "Papua Tengah", "islandID": "9", "island": "Papua", "longitude": 135.607127, "latitude": -4.047037 }, "geometry": { "type": "Point", "coordinates": [ 135.607126569098909, -4.047036860557778 ] } },
{ "type": "Feature", "properties": { "fid": 501, "districtID": "9603", "district": "Deiyai", "district_en": "Deiyai", "provinceID": "96", "province": "Papua Tengah", "islandID": "9", "island": "Papua", "longitude": 136.394858, "latitude": -4.189883 }, "geometry": { "type": "Point", "coordinates": [ 136.394858057054194, -4.189882849042127 ] } },
{ "type": "Feature", "properties": { "fid": 502, "districtID": "9604", "district": "Nabire", "district_en": "Nabire", "provinceID": "96", "province": "Papua Tengah", "islandID": "9", "island": "Papua", "longitude": 135.618338, "latitude": -3.39769 }, "geometry": { "type": "Point", "coordinates": [ 135.618338305651577, -3.397689914130417 ] } },
{ "type": "Feature", "properties": { "fid": 503, "districtID": "9605", "district": "Paniai", "district_en": "Paniai", "provinceID": "96", "province": "Papua Tengah", "islandID": "9", "island": "Papua", "longitude": 136.470843, "latitude": -3.797855 }, "geometry": { "type": "Point", "coordinates": [ 136.470843337729633, -3.797855405732503 ] } },
{ "type": "Feature", "properties": { "fid": 504, "districtID": "9606", "district": "Intan Jaya", "district_en": "Intan Jaya", "provinceID": "96", "province": "Papua Tengah", "islandID": "9", "island": "Papua", "longitude": 136.811948, "latitude": -3.511791 }, "geometry": { "type": "Point", "coordinates": [ 136.811947789329935, -3.51179132055694 ] } },
{ "type": "Feature", "properties": { "fid": 505, "districtID": "9607", "district": "Puncak", "district_en": "Puncak", "provinceID": "96", "province": "Papua Tengah", "islandID": "9", "island": "Papua", "longitude": 137.501696, "latitude": -3.706013 }, "geometry": { "type": "Point", "coordinates": [ 137.501696339570429, -3.706012741811835 ] } },
{ "type": "Feature", "properties": { "fid": 506, "districtID": "9608", "district": "Puncak Jaya", "district_en": "Puncak Jaya", "provinceID": "96", "province": "Papua Tengah", "islandID": "9", "island": "Papua", "longitude": 137.868218, "latitude": -3.447166 }, "geometry": { "type": "Point", "coordinates": [ 137.868217677034039, -3.447165526064614 ] } },
{ "type": "Feature", "properties": { "fid": 507, "districtID": "9701", "district": "Nduga", "district_en": "Nduga", "provinceID": "97", "province": "Papua Pegunungan", "islandID": "9", "island": "Papua", "longitude": 138.336732, "latitude": -4.415828 }, "geometry": { "type": "Point", "coordinates": [ 138.336731965900583, -4.415828234446448 ] } },
{ "type": "Feature", "properties": { "fid": 508, "districtID": "9702", "district": "Jayawijaya", "district_en": "Jayawijaya", "provinceID": "97", "province": "Papua Pegunungan", "islandID": "9", "island": "Papua", "longitude": 138.86675, "latitude": -4.093507 }, "geometry": { "type": "Point", "coordinates": [ 138.866749924267225, -4.0935074753564 ] } },
{ "type": "Feature", "properties": { "fid": 509, "districtID": "9703", "district": "Lanny Jaya", "district_en": "Lanny Jaya", "provinceID": "97", "province": "Papua Pegunungan", "islandID": "9", "island": "Papua", "longitude": 138.384405, "latitude": -3.962163 }, "geometry": { "type": "Point", "coordinates": [ 138.384404964531598, -3.962163158715105 ] } },
{ "type": "Feature", "properties": { "fid": 510, "districtID": "9704", "district": "Tolikara", "district_en": "Tolikara", "provinceID": "97", "province": "Papua Pegunungan", "islandID": "9", "island": "Papua", "longitude": 138.420351, "latitude": -3.367629 }, "geometry": { "type": "Point", "coordinates": [ 138.42035065924955, -3.36762851460784 ] } },
{ "type": "Feature", "properties": { "fid": 511, "districtID": "9705", "district": "Mamberamo Tengah", "district_en": "Central Mamberamo", "provinceID": "97", "province": "Papua Pegunungan", "islandID": "9", "island": "Papua", "longitude": 139.019827, "latitude": -3.586677 }, "geometry": { "type": "Point", "coordinates": [ 139.019826902674055, -3.586676711996124 ] } },
{ "type": "Feature", "properties": { "fid": 512, "districtID": "9706", "district": "Yalimo", "district_en": "Yalimo", "provinceID": "97", "province": "Papua Pegunungan", "islandID": "9", "island": "Papua", "longitude": 139.467016, "latitude": -3.827736 }, "geometry": { "type": "Point", "coordinates": [ 139.467016250005003, -3.827736040491432 ] } },
{ "type": "Feature", "properties": { "fid": 513, "districtID": "9707", "district": "Yahukimo", "district_en": "Yahukimo", "provinceID": "97", "province": "Papua Pegunungan", "islandID": "9", "island": "Papua", "longitude": 139.564807, "latitude": -4.472796 }, "geometry": { "type": "Point", "coordinates": [ 139.564807178777357, -4.472796048397727 ] } },
{ "type": "Feature", "properties": { "fid": 514, "districtID": "9708", "district": "Pegunungan Bintang", "district_en": "Pegunungan Bintang", "provinceID": "97", "province": "Papua Pegunungan", "islandID": "9", "island": "Papua", "longitude": 140.535295, "latitude": -4.541302 }, "geometry": { "type": "Point", "coordinates": [ 140.535294912588824, -4.541302220218968 ] } }
]
}
