{
"type": "FeatureCollection",
"name": "mapindonesia514_new_tp",
"crs": { "type": "name", "properties": { "name": "urn:ogc:def:crs:OGC:1.3:CRS84" } },
"features": [
{ "type": "Feature", "properties": { "districtID": "1101", "district": "Simeulue", "distr_t_en": "Simeulue", "provinceID": "11", "province": "Aceh", "islandID": "1", "island": "Sumatera", "longitude": 96.086233, "latitude": 2.612859 }, "geometry": { "type": "Polygon", "coordinates": [ [ [ 94.39582840413604, -0.303116303614004 ], [ 94.39582840413604, 3.449365424409924 ], [ 95.133773703766622, 3.585068887451524 ], [ 95.676311566956358, 3.557185338225967 ], [ 96.170745791898966, 3.422871403376636 ], [ 96.679337652808442, 3.089055156360441 ], [ 96.955187640195234, 2.410838202122978 ], [ 96.91673591193458, 2.155492860344324 ], [ 94.46843529416627, -0.238641226076064 ], [ 94.39582840413604, -0.303116303614004 ] ] ] } },
{ "type": "Feature", "properties": { "districtID": "1102", "district": "Aceh Singkil", "distr_t_en": "Aceh Singkil", "provinceID": "11", "province": "Aceh", "islandID": "1", "island": "Sumatera", "longitude": 97.845101, "latitude": 2.347996 }, "geometry": { "type": "Polygon", "coordinates": [ [ [ 96.91673591193458, 2.155492860344324 ], [ 96.955187640195234, 2.410838202122978 ], [ 97.429412812627717, 2.648906101894811 ], [ 98.012898043027391, 2.510316682669067 ], [ 98.193501679971774, 2.153497837005609 ], [ 98.171666380839085, 1.969249455166601 ], [ 98.023161379515884, 1.734704178795885 ], [ 97.581221959979899, 1.840503856817193 ], [ 96.91673591193458, 2.155492860344324 ] ] ] } },
{ "type": "Feature", "properties": { "districtID": "1103", "district": "Aceh Selatan", "distr_t_en": "South Aceh", "provinceID": "11", "province": "Aceh", "islandID": "1", "island": "Sumatera", "longitude": 97.436445, "latitude": 3.162028 }, "geometry": { "type": "Polygon", "coordinates": [ [ [ 96.679337652808442, 3.089055156360441 ], [ 97.235441903923103, 3.557228247237383 ], [ 97.328920135469588, 3.565927634092581 ], [ 97.755937697376652, 3.027138568910377 ], [ 97.429412812627717, 2.648906101894811 ], [ 96.955187640195234, 2.410838202122978 ], [ 96.679337652808442, 3.089055156360441 ] ] ] } },
{ "type": "Feature", "properties": { "districtID": "1104", "district": "Aceh Tenggara", "distr_t_en": "Southeast Aceh", "provinceID": "11", "province": "Aceh", "islandID": "1", "island": "Sumatera", "longitude": 97.697585, "latitude": 3.368995 }, "geometry": { "type": "Polygon", "coordinates": [ [ [ 97.328920135469588, 3.565927634092581 ], [ 97.782160141456401, 3.815181917686827 ], [ 98.058864817869548, 3.386863715916773 ], [ 97.937777035478078, 3.095068437665825 ], [ 97.755937697376652, 3.027138568910377 ], [ 97.328920135469588, 3.565927634092581 ] ] ] } },
{ "type": "Feature", "properties": { "districtID": "1105", "district": "Aceh Timur", "distr_t_en": "East Aceh", "provinceID": "11", "province": "Aceh", "islandID": "1", "island": "Sumatera", "longitude": 97.626086, "latitude": 4.630561 }, "geometry": { "type": "Polygon", "coordinates": [ [ [ 97.266964790946147, 4.485720941754924 ], [ 97.32123466477978, 4.727672496842453 ], [ 97.979648025821376, 5.48710728556472 ], [ 98.339455225280901, 5.833926112830968 ], [ 97.71711841021029, 4.350697328734855 ], [ 97.61162775270472, 4.257965981651193 ], [ 97.280599791553314, 4.393896297925824 ], [ 97.266964790946147, 4.485720941754924 ] ] ] } },
{ "type": "Feature", "properties": { "districtID": "1106", "district": "Aceh Tengah", "distr_t_en": "Central Aceh", "provinceID": "11", "province": "Aceh", "islandID": "1", "island": "Sumatera", "longitude": 96.881252, "latitude": 4.519961 }, "geometry": { "type": "Polygon", "coordinates": [ [ [ 96.511580088898683, 4.695778798958376 ], [ 96.677726171517392, 4.775167402511 ], [ 97.266964790946147, 4.485720941754924 ], [ 97.280599791553314, 4.393896297925824 ], [ 97.030618459139077, 4.171095702567882 ], [ 96.857078288430316, 4.171337078979226 ], [ 96.528318966825069, 4.516656667726121 ], [ 96.511580088898683, 4.695778798958376 ] ] ] } },
{ "type": "Feature", "properties": { "districtID": "1107", "district": "Aceh Barat", "distr_t_en": "West Aceh", "provinceID": "11", "province": "Aceh", "islandID": "1", "island": "Sumatera", "longitude": 96.180884, "latitude": 4.454512 }, "geometry": { "type": "Polygon", "coordinates": [ [ [ 95.133773703766622, 3.585068887451524 ], [ 95.991125044892271, 4.72553333637274 ], [ 96.242591822078936, 4.787439387371226 ], [ 96.384360260375672, 4.780577929578396 ], [ 96.511580088898683, 4.695778798958376 ], [ 96.528318966825069, 4.516656667726121 ], [ 95.676311566956358, 3.557185338225967 ], [ 95.133773703766622, 3.585068887451524 ] ] ] } },
{ "type": "Feature", "properties": { "districtID": "1108", "district": "Aceh Besar", "distr_t_en": "Aceh Besar", "provinceID": "11", "province": "Aceh", "islandID": "1", "island": "Sumatera", "longitude": 95.515151, "latitude": 5.380163 }, "geometry": { "type": "Polygon", "coordinates": [ [ [ 94.869531980470271, 4.890068821353962 ], [ 95.665577889865006, 5.725735699610693 ], [ 96.112120895071897, 5.930111377609942 ], [ 95.957796538481091, 5.508231407632275 ], [ 95.729509902739764, 5.145876043087521 ], [ 94.869531980470271, 4.890068821353962 ] ] ] } },
{ "type": "Feature", "properties": { "districtID": "1109", "district": "Pidie", "distr_t_en": "Pidie", "provinceID": "11", "province": "Aceh", "islandID": "1", "island": "Sumatera", "longitude": 96.033383, "latitude": 5.053673 }, "geometry": { "type": "Polygon", "coordinates": [ [ [ 95.729509902739764, 5.145876043087521 ], [ 95.957796538481091, 5.508231407632275 ], [ 96.242591822078936, 4.787439387371226 ], [ 95.991125044892271, 4.72553333637274 ], [ 95.729509902739764, 5.145876043087521 ] ] ] } },
{ "type": "Feature", "properties": { "districtID": "1110", "district": "Bireuen", "distr_t_en": "Bireuen", "provinceID": "11", "province": "Aceh", "islandID": "1", "island": "Sumatera", "longitude": 96.607036, "latitude": 5.093846 }, "geometry": { "type": "Polygon", "coordinates": [ [ [ 96.384360260375672, 4.780577929578396 ], [ 96.51492322007401, 6.442864090168817 ], [ 96.641295729028158, 6.66392671400291 ], [ 96.874835384791893, 5.0168998300854 ], [ 96.677726171517392, 4.775167402511 ], [ 96.511580088898683, 4.695778798958376 ], [ 96.384360260375672, 4.780577929578396 ] ] ] } },
{ "type": "Feature", "properties": { "districtID": "1111", "district": "Aceh Utara", "distr_t_en": "North Aceh", "provinceID": "11", "province": "Aceh", "islandID": "1", "island": "Sumatera", "longitude": 97.181882, "latitude": 5.015676 }, "geometry": { "type": "Polygon", "coordinates": [ [ [ 96.949440207307646, 4.996780265595547 ], [ 97.979648025821376, 5.48710728556472 ], [ 97.32123466477978, 4.727672496842453 ], [ 96.949440207307646, 4.996780265595547 ] ] ] } },
{ "type": "Feature", "properties": { "districtID": "1112", "district": "Aceh Barat Daya", "distr_t_en": "Southwest Aceh", "provinceID": "11", "province": "Aceh", "islandID": "1", "island": "Sumatera", "longitude": 96.880283, "latitude": 3.822647 }, "geometry": { "type": "Polygon", "coordinates": [ [ [ 96.170745791898966, 3.422871403376636 ], [ 96.857078288430316, 4.171337078979226 ], [ 97.030618459139077, 4.171095702567882 ], [ 97.235441903923103, 3.557228247237383 ], [ 96.679337652808442, 3.089055156360441 ], [ 96.170745791898966, 3.422871403376636 ] ] ] } },
{ "type": "Feature", "properties": { "districtID": "1113", "district": "Gayo Lues", "distr_t_en": "Gayo Lues", "provinceID": "11", "province": "Aceh", "islandID": "1", "island": "Sumatera", "longitude": 97.360067, "latitude": 3.982733 }, "geometry": { "type": "Polygon", "coordinates": [ [ [ 97.030618459139077, 4.171095702567882 ], [ 97.280599791553314, 4.393896297925824 ], [ 97.61162775270472, 4.257965981651193 ], [ 97.782763597661628, 3.817084793146474 ], [ 97.782160141456401, 3.815181917686827 ], [ 97.328920135469588, 3.565927634092581 ], [ 97.235441903923103, 3.557228247237383 ], [ 97.030618459139077, 4.171095702567882 ] ] ] } },
{ "type": "Feature", "properties": { "districtID": "1114", "district": "Aceh Tamiang", "distr_t_en": "Aceh Tamiang", "provinceID": "11", "province": "Aceh", "islandID": "1", "island": "Sumatera", "longitude": 97.983001, "latitude": 4.224536 }, "geometry": { "type": "Polygon", "coordinates": [ [ [ 97.61162775270472, 4.257965981651193 ], [ 97.71711841021029, 4.350697328734855 ], [ 98.70206004572249, 4.359920734960584 ], [ 98.535273649788408, 4.168285115721206 ], [ 97.782763597661628, 3.817084793146474 ], [ 97.61162775270472, 4.257965981651193 ] ] ] } },
{ "type": "Feature", "properties": { "districtID": "1115", "district": "Nagan Raya", "distr_t_en": "Nagan Raya", "provinceID": "11", "province": "Aceh", "islandID": "1", "island": "Sumatera", "longitude": 96.507688, "latitude": 4.164311 }, "geometry": { "type": "Polygon", "coordinates": [ [ [ 95.676311566956358, 3.557185338225967 ], [ 96.528318966825069, 4.516656667726121 ], [ 96.857078288430316, 4.171337078979226 ], [ 96.170745791898966, 3.422871403376636 ], [ 95.676311566956358, 3.557185338225967 ] ] ] } },
{ "type": "Feature", "properties": { "districtID": "1116", "district": "Aceh Jaya", "distr_t_en": "Aceh Jaya", "provinceID": "11", "province": "Aceh", "islandID": "1", "island": "Sumatera", "longitude": 95.678051, "latitude": 4.83252 }, "geometry": { "type": "Polygon", "coordinates": [ [ [ 94.39582840413604, 3.449365424409924 ], [ 94.39582840413604, 4.661539720093009 ], [ 94.869531980470271, 4.890068821353962 ], [ 95.729509902739764, 5.145876043087521 ], [ 95.991125044892271, 4.72553333637274 ], [ 95.133773703766622, 3.585068887451524 ], [ 94.39582840413604, 3.449365424409924 ] ] ] } },
{ "type": "Feature", "properties": { "districtID": "1117", "district": "Bener Meriah", "distr_t_en": "Bener Meriah", "provinceID": "11", "province": "Aceh", "islandID": "1", "island": "Sumatera", "longitude": 97.004111, "latitude": 4.77007 }, "geometry": { "type": "Polygon", "coordinates": [ [ [ 96.677726171517392, 4.775167402511 ], [ 96.874835384791893, 5.0168998300854 ], [ 96.949440207307646, 4.996780265595547 ], [ 97.32123466477978, 4.727672496842453 ], [ 97.266964790946147, 4.485720941754924 ], [ 96.677726171517392, 4.775167402511 ] ] ] } },
{ "type": "Feature", "properties": { "districtID": "1118", "district": "Pidie Jaya", "distr_t_en": "Pidie Jaya", "provinceID": "11", "province": "Aceh", "islandID": "1", "island": "Sumatera", "longitude": 96.213324, "latitude": 5.12477 }, "geometry": { "type": "Polygon", "coordinates": [ [ [ 95.957796538481091, 5.508231407632275 ], [ 96.112120895071897, 5.930111377609942 ], [ 96.51492322007401, 6.442864090168817 ], [ 96.384360260375672, 4.780577929578396 ], [ 96.242591822078936, 4.787439387371226 ], [ 95.957796538481091, 5.508231407632275 ] ] ] } },
{ "type": "Feature", "properties": { "districtID": "1171", "district": "Kota Banda Aceh", "distr_t_en": "Banda Aceh City", "provinceID": "11", "province": "Aceh", "islandID": "1", "island": "Sumatera", "longitude": 95.327713, "latitude": 5.558713 }, "geometry": { "type": "Polygon", "coordinates": [ [ [ 94.39582840413604, 4.661539720093009 ], [ 94.39582840413604, 5.625643488261497 ], [ 95.665577889865006, 5.725735699610693 ], [ 94.869531980470271, 4.890068821353962 ], [ 94.39582840413604, 4.661539720093009 ] ] ] } },
{ "type": "Feature", "properties": { "districtID": "1172", "district": "Kota Sabang", "distr_t_en": "Sabang City", "provinceID": "11", "province": "Aceh", "islandID": "1", "island": "Sumatera", "longitude": 95.305717, "latitude": 5.837758 }, "geometry": { "type": "Polygon", "coordinates": [ [ [ 94.39582840413604, 5.625643488261497 ], [ 96.672487862045955, 6.747645941745089 ], [ 96.641295729028158, 6.66392671400291 ], [ 96.51492322007401, 6.442864090168817 ], [ 96.112120895071897, 5.930111377609942 ], [ 95.665577889865006, 5.725735699610693 ], [ 94.39582840413604, 5.625643488261497 ] ] ] } },
{ "type": "Feature", "properties": { "districtID": "1173", "district": "Kota Langsa", "distr_t_en": "Langsa City", "provinceID": "11", "province": "Aceh", "islandID": "1", "island": "Sumatera", "longitude": 97.980592, "latitude": 4.481816 }, "geometry": { "type": "Polygon", "coordinates": [ [ [ 97.71711841021029, 4.350697328734855 ], [ 98.339455225280901, 5.833926112830968 ], [ 99.057323455981262, 6.747645941745089 ], [ 101.140473222551705, 6.747645941745089 ], [ 100.056966621620603, 5.450835530850407 ], [ 98.70206004572249, 4.359920734960584 ], [ 97.71711841021029, 4.350697328734855 ] ] ] } },
{ "type": "Feature", "properties": { "districtID": "1174", "district": "Kota Lhokseumawe", "distr_t_en": "Lhokseumawe City", "provinceID": "11", "province": "Aceh", "islandID": "1", "island": "Sumatera", "longitude": 97.110687, "latitude": 5.165261 }, "geometry": { "type": "Polygon", "coordinates": [ [ [ 96.641295729028158, 6.66392671400291 ], [ 96.672487862045955, 6.747645941745089 ], [ 99.057323455981262, 6.747645941745089 ], [ 98.339455225280901, 5.833926112830968 ], [ 97.979648025821376, 5.48710728556472 ], [ 96.949440207307646, 4.996780265595547 ], [ 96.874835384791893, 5.0168998300854 ], [ 96.641295729028158, 6.66392671400291 ] ] ] } },
{ "type": "Feature", "properties": { "districtID": "1175", "district": "Kota Subulussalam", "distr_t_en": "Subulussalam City", "provinceID": "11", "province": "Aceh", "islandID": "1", "island": "Sumatera", "longitude": 97.936014, "latitude": 2.730754 }, "geometry": { "type": "Polygon", "coordinates": [ [ [ 97.429412812627717, 2.648906101894811 ], [ 97.755937697376652, 3.027138568910377 ], [ 97.937777035478078, 3.095068437665825 ], [ 98.039199147074655, 2.999497082278397 ], [ 98.131457030074344, 2.711071438372061 ], [ 98.012898043027391, 2.510316682669067 ], [ 97.429412812627717, 2.648906101894811 ] ] ] } },
{ "type": "Feature", "properties": { "districtID": "1201", "district": "Nias", "distr_t_en": "Nias", "provinceID": "12", "province": "Sumatera Utara", "islandID": "1", "island": "Sumatera", "longitude": 97.72459, "latitude": 1.069868 }, "geometry": { "type": "Polygon", "coordinates": [ [ [ 97.594998800857383, 1.127108423112084 ], [ 98.143722451692483, 1.508024026011284 ], [ 98.352849753395375, 1.254421736537859 ], [ 98.511756165921355, 1.002907607899154 ], [ 97.68591622337992, 0.585497203915049 ], [ 97.594998800857383, 1.127108423112084 ] ] ] } },
{ "type": "Feature", "properties": { "districtID": "1202", "district": "Mandailing Natal", "distr_t_en": "Mandailing Natal", "provinceID": "12", "province": "Sumatera Utara", "islandID": "1", "island": "Sumatera", "longitude": 99.368663, "latitude": 0.776414 }, "geometry": { "type": "Polygon", "coordinates": [ [ [ 98.588546348668515, 0.965389069613463 ], [ 98.628321985347966, 0.989240856484086 ], [ 99.498202817248654, 1.106704981295106 ], [ 99.79662008651664, 0.713111827150554 ], [ 99.74043286168201, 0.607912789784173 ], [ 98.881587969356204, 0.132983443137915 ], [ 98.588546348668515, 0.965389069613463 ] ] ] } },
{ "type": "Feature", "properties": { "districtID": "1203", "district": "Tapanuli Selatan", "distr_t_en": "South Tapanuli", "provinceID": "12", "province": "Sumatera Utara", "islandID": "1", "island": "Sumatera", "longitude": 99.266966, "latitude": 1.500668 }, "geometry": { "type": "Polygon", "coordinates": [ [ [ 98.907198680109829, 1.382794739531791 ], [ 99.075049844971673, 1.714251212754419 ], [ 99.456325148896369, 1.868033507237547 ], [ 99.525442680215718, 1.488215595909674 ], [ 98.907198680109829, 1.382794739531791 ] ] ] } },
{ "type": "Feature", "properties": { "districtID": "1204", "district": "Tapanuli Tengah", "distr_t_en": "Central Tapanuli", "provinceID": "12", "province": "Sumatera Utara", "islandID": "1", "island": "Sumatera", "longitude": 98.653689, "latitude": 1.836029 }, "geometry": { "type": "Polygon", "coordinates": [ [ [ 98.023161379515884, 1.734704178795885 ], [ 98.171666380839085, 1.969249455166601 ], [ 98.794369774328402, 2.080530359768824 ], [ 98.841438134844481, 1.963311774893594 ], [ 98.352849753395375, 1.254421736537859 ], [ 98.143722451692483, 1.508024026011284 ], [ 98.023161379515884, 1.734704178795885 ] ] ] } },
{ "type": "Feature", "properties": { "districtID": "1205", "district": "Tapanuli Utara", "distr_t_en": "North Tapanuli", "provinceID": "12", "province": "Sumatera Utara", "islandID": "1", "island": "Sumatera", "longitude": 99.065076, "latitude": 2.001218 }, "geometry": { "type": "Polygon", "coordinates": [ [ [ 98.794369774328402, 2.080530359768824 ], [ 98.903902534088942, 2.285881283392369 ], [ 98.930086351970942, 2.301566857297162 ], [ 99.518925415911596, 2.024446110939154 ], [ 99.533649016937318, 1.999558059999295 ], [ 99.456325148896369, 1.868033507237547 ], [ 99.075049844971673, 1.714251212754419 ], [ 98.841438134844481, 1.963311774893594 ], [ 98.794369774328402, 2.080530359768824 ] ] ] } },
{ "type": "Feature", "properties": { "districtID": "1206", "district": "Toba", "distr_t_en": "Toba Samosir", "provinceID": "12", "province": "Sumatera Utara", "islandID": "1", "island": "Sumatera", "longitude": 99.247563, "latitude": 2.388975 }, "geometry": { "type": "Polygon", "coordinates": [ [ [ 98.930086351970942, 2.301566857297162 ], [ 99.04279407158441, 2.638808275837199 ], [ 99.254588054687787, 2.70855658813136 ], [ 99.497210239296024, 2.526689920410465 ], [ 99.518925415911596, 2.024446110939154 ], [ 98.930086351970942, 2.301566857297162 ] ] ] } },
{ "type": "Feature", "properties": { "districtID": "1207", "district": "Labuhanbatu", "distr_t_en": "Labuhan Batu", "provinceID": "12", "province": "Sumatera Utara", "islandID": "1", "island": "Sumatera", "longitude": 100.061603, "latitude": 2.285672 }, "geometry": { "type": "Polygon", "coordinates": [ [ [ 99.768017067365818, 2.005003496269046 ], [ 100.042339876802885, 2.669754640731188 ], [ 101.059084195622489, 3.069778856110757 ], [ 100.931899200549466, 2.735822800462996 ], [ 100.481121556656277, 2.131032558883893 ], [ 99.768017067365818, 2.005003496269046 ] ] ] } },
{ "type": "Feature", "properties": { "districtID": "1208", "district": "Asahan", "distr_t_en": "Asahan", "provinceID": "12", "province": "Sumatera Utara", "islandID": "1", "island": "Sumatera", "longitude": 99.559368, "latitude": 2.804945 }, "geometry": { "type": "Polygon", "coordinates": [ [ [ 99.254588054687787, 2.70855658813136 ], [ 99.340986100569921, 2.984800001612351 ], [ 99.577059816669092, 3.032426272813408 ], [ 99.811746089403911, 2.685147868679945 ], [ 99.497210239296024, 2.526689920410465 ], [ 99.254588054687787, 2.70855658813136 ] ] ] } },
{ "type": "Feature", "properties": { "districtID": "1209", "district": "Simalungun", "distr_t_en": "Simalungun", "provinceID": "12", "province": "Sumatera Utara", "islandID": "1", "island": "Sumatera", "longitude": 99.021563, "latitude": 2.969724 }, "geometry": { "type": "Polygon", "coordinates": [ [ [ 98.642320269009673, 2.951433085323368 ], [ 98.674560965979865, 3.107560824453813 ], [ 98.802778798113422, 3.189596467178372 ], [ 99.037577968616631, 3.168193350138678 ], [ 99.081508955352817, 3.151718514963456 ], [ 98.979545181009257, 2.691115292775493 ], [ 98.64592663524617, 2.930710786686072 ], [ 98.642320269009673, 2.951433085323368 ] ] ] } },
{ "type": "Feature", "properties": { "districtID": "1210", "district": "Dairi", "distr_t_en": "Dairi", "provinceID": "12", "province": "Sumatera Utara", "islandID": "1", "island": "Sumatera", "longitude": 98.279196, "latitude": 2.840527 }, "geometry": { "type": "Polygon", "coordinates": [ [ [ 98.039199147074655, 2.999497082278397 ], [ 98.642320269009673, 2.951433085323368 ], [ 98.64592663524617, 2.930710786686072 ], [ 98.483054111508295, 2.667426836056139 ], [ 98.131457030074344, 2.711071438372061 ], [ 98.039199147074655, 2.999497082278397 ] ] ] } },
{ "type": "Feature", "properties": { "districtID": "1211", "district": "Karo", "distr_t_en": "Karo", "provinceID": "12", "province": "Sumatera Utara", "islandID": "1", "island": "Sumatera", "longitude": 98.301344, "latitude": 3.11845 }, "geometry": { "type": "Polygon", "coordinates": [ [ [ 97.937777035478078, 3.095068437665825 ], [ 98.058864817869548, 3.386863715916773 ], [ 98.257642068065095, 3.413014784102714 ], [ 98.469650174289768, 3.330336043274261 ], [ 98.674560965979865, 3.107560824453813 ], [ 98.642320269009673, 2.951433085323368 ], [ 98.039199147074655, 2.999497082278397 ], [ 97.937777035478078, 3.095068437665825 ] ] ] } },
{ "type": "Feature", "properties": { "districtID": "1212", "district": "Deli Serdang", "distr_t_en": "Deli Serdang", "provinceID": "12", "province": "Sumatera Utara", "islandID": "1", "island": "Sumatera", "longitude": 98.694834, "latitude": 3.480386 }, "geometry": { "type": "Polygon", "coordinates": [ [ [ 98.469650174289768, 3.330336043274261 ], [ 98.590641568185305, 3.53792288528488 ], [ 98.932268802157736, 3.601427272418382 ], [ 98.802778798113422, 3.189596467178372 ], [ 98.674560965979865, 3.107560824453813 ], [ 98.469650174289768, 3.330336043274261 ] ] ] } },
{ "type": "Feature", "properties": { "districtID": "1213", "district": "Langkat", "distr_t_en": "Langkat", "provinceID": "12", "province": "Sumatera Utara", "islandID": "1", "island": "Sumatera", "longitude": 98.22367, "latitude": 3.708859 }, "geometry": { "type": "Polygon", "coordinates": [ [ [ 97.782160141456401, 3.815181917686827 ], [ 97.782763597661628, 3.817084793146474 ], [ 98.535273649788408, 4.168285115721206 ], [ 98.510667161551751, 4.031523572573754 ], [ 98.257642068065095, 3.413014784102714 ], [ 98.058864817869548, 3.386863715916773 ], [ 97.782160141456401, 3.815181917686827 ] ] ] } },
{ "type": "Feature", "properties": { "districtID": "1214", "district": "Nias Selatan", "distr_t_en": "South Nias", "provinceID": "12", "province": "Sumatera Utara", "islandID": "1", "island": "Sumatera", "longitude": 98.098855, "latitude": 0.329388 }, "geometry": { "type": "Polygon", "coordinates": [ [ [ 94.39582840413604, -3.215714544327999 ], [ 94.39582840413604, -2.265248584235446 ], [ 97.68591622337992, 0.585497203915049 ], [ 98.511756165921355, 1.002907607899154 ], [ 98.588546348668515, 0.965389069613463 ], [ 98.881587969356204, 0.132983443137915 ], [ 98.815092516111122, -0.70478354365807 ], [ 94.39582840413604, -3.215714544327999 ] ] ] } },
{ "type": "Feature", "properties": { "districtID": "1215", "district": "Humbang Hasundutan", "distr_t_en": "Humbang Hasundutan", "provinceID": "12", "province": "Sumatera Utara", "islandID": "1", "island": "Sumatera", "longitude": 98.577713, "latitude": 2.261174 }, "geometry": { "type": "Polygon", "coordinates": [ [ [ 98.171666380839085, 1.969249455166601 ], [ 98.193501679971774, 2.153497837005609 ], [ 98.487622828823845, 2.494968066129712 ], [ 98.903902534088942, 2.285881283392369 ], [ 98.794369774328402, 2.080530359768824 ], [ 98.171666380839085, 1.969249455166601 ] ] ] } },
{ "type": "Feature", "properties": { "districtID": "1216", "district": "Pakpak Bharat", "distr_t_en": "Pakpak Bharat", "provinceID": "12", "province": "Sumatera Utara", "islandID": "1", "island": "Sumatera", "longitude": 98.24306, "latitude": 2.549423 }, "geometry": { "type": "Polygon", "coordinates": [ [ [ 98.012898043027391, 2.510316682669067 ], [ 98.131457030074344, 2.711071438372061 ], [ 98.483054111508295, 2.667426836056139 ], [ 98.487622828823845, 2.494968066129712 ], [ 98.193501679971774, 2.153497837005609 ], [ 98.012898043027391, 2.510316682669067 ] ] ] } },
{ "type": "Feature", "properties": { "districtID": "1217", "district": "Samosir", "distr_t_en": "Samosir", "provinceID": "12", "province": "Sumatera Utara", "islandID": "1", "island": "Sumatera", "longitude": 98.728959, "latitude": 2.562295 }, "geometry": { "type": "Polygon", "coordinates": [ [ [ 98.483054111508295, 2.667426836056139 ], [ 98.64592663524617, 2.930710786686072 ], [ 98.979545181009257, 2.691115292775493 ], [ 99.04279407158441, 2.638808275837199 ], [ 98.930086351970942, 2.301566857297162 ], [ 98.903902534088942, 2.285881283392369 ], [ 98.487622828823845, 2.494968066129712 ], [ 98.483054111508295, 2.667426836056139 ] ] ] } },
{ "type": "Feature", "properties": { "districtID": "1218", "district": "Serdang Bedagai", "distr_t_en": "Serdang Bedagai", "provinceID": "12", "province": "Sumatera Utara", "islandID": "1", "island": "Sumatera", "longitude": 99.057712, "latitude": 3.366288 }, "geometry": { "type": "Polygon", "coordinates": [ [ [ 98.802778798113422, 3.189596467178372 ], [ 98.932268802157736, 3.601427272418382 ], [ 99.57445733535566, 4.555808078156938 ], [ 99.037577968616631, 3.168193350138678 ], [ 98.802778798113422, 3.189596467178372 ] ] ] } },
{ "type": "Feature", "properties": { "districtID": "1219", "district": "Batu Bara", "distr_t_en": "Batu Bara", "provinceID": "12", "province": "Sumatera Utara", "islandID": "1", "island": "Sumatera", "longitude": 99.472556, "latitude": 3.235256 }, "geometry": { "type": "Polygon", "coordinates": [ [ [ 99.262059951395727, 3.103987663354694 ], [ 99.792866580731442, 4.910729877653468 ], [ 100.056966621620603, 5.450835530850407 ], [ 101.140473222551705, 6.747645941745089 ], [ 102.705201138186098, 6.747645941745089 ], [ 99.577059816669092, 3.032426272813408 ], [ 99.340986100569921, 2.984800001612351 ], [ 99.262059951395727, 3.103987663354694 ] ] ] } },
{ "type": "Feature", "properties": { "districtID": "1220", "district": "Padang Lawas Utara", "distr_t_en": "North Padang Lawas", "provinceID": "12", "province": "Sumatera Utara", "islandID": "1", "island": "Sumatera", "longitude": 99.762963, "latitude": 1.590927 }, "geometry": { "type": "Polygon", "coordinates": [ [ [ 99.456325148896369, 1.868033507237547 ], [ 99.533649016937318, 1.999558059999295 ], [ 99.762044821169482, 2.000992325592675 ], [ 100.140727954851229, 1.432216546477424 ], [ 99.594008834445262, 1.324692138493603 ], [ 99.525442680215718, 1.488215595909674 ], [ 99.456325148896369, 1.868033507237547 ] ] ] } },
{ "type": "Feature", "properties": { "districtID": "1221", "district": "Padang Lawas", "distr_t_en": "Padang Lawas", "provinceID": "12", "province": "Sumatera Utara", "islandID": "1", "island": "Sumatera", "longitude": 99.851201, "latitude": 1.142268 }, "geometry": { "type": "Polygon", "coordinates": [ [ [ 99.498202817248654, 1.106704981295106 ], [ 99.594008834445262, 1.324692138493603 ], [ 100.140727954851229, 1.432216546477424 ], [ 100.279470746758804, 1.374946920021253 ], [ 100.107751222828924, 0.811068397749722 ], [ 99.79662008651664, 0.713111827150554 ], [ 99.498202817248654, 1.106704981295106 ] ] ] } },
{ "type": "Feature", "properties": { "districtID": "1222", "district": "Labuhanbatu Selatan", "distr_t_en": "South Labuhanbatu", "provinceID": "12", "province": "Sumatera Utara", "islandID": "1", "island": "Sumatera", "longitude": 100.14002, "latitude": 1.841967 }, "geometry": { "type": "Polygon", "coordinates": [ [ [ 99.762044821169482, 2.000992325592675 ], [ 99.768017067365818, 2.005003496269046 ], [ 100.481121556656277, 2.131032558883893 ], [ 100.401346037010171, 1.424479734774142 ], [ 100.279470746758804, 1.374946920021253 ], [ 100.140727954851229, 1.432216546477424 ], [ 99.762044821169482, 2.000992325592675 ] ] ] } },
{ "type": "Feature", "properties": { "districtID": "1223", "district": "Labuhanbatu Utara", "distr_t_en": "North Labuhanbatu", "provinceID": "12", "province": "Sumatera Utara", "islandID": "1", "island": "Sumatera", "longitude": 99.757813, "latitude": 2.411037 }, "geometry": { "type": "Polygon", "coordinates": [ [ [ 99.497210239296024, 2.526689920410465 ], [ 99.811746089403911, 2.685147868679945 ], [ 100.042339876802885, 2.669754640731188 ], [ 99.768017067365818, 2.005003496269046 ], [ 99.762044821169482, 2.000992325592675 ], [ 99.533649016937318, 1.999558059999295 ], [ 99.518925415911596, 2.024446110939154 ], [ 99.497210239296024, 2.526689920410465 ] ] ] } },
{ "type": "Feature", "properties": { "districtID": "1224", "district": "Nias Utara", "distr_t_en": "North Nias", "provinceID": "12", "province": "Sumatera Utara", "islandID": "1", "island": "Sumatera", "longitude": 97.35541, "latitude": 1.314967 }, "geometry": { "type": "Polygon", "coordinates": [ [ [ 94.46843529416627, -0.238641226076064 ], [ 96.91673591193458, 2.155492860344324 ], [ 97.581221959979899, 1.840503856817193 ], [ 97.449698844359375, 1.185435908262962 ], [ 94.46843529416627, -0.238641226076064 ] ] ] } },
{ "type": "Feature", "properties": { "districtID": "1225", "district": "Nias Barat", "distr_t_en": "West Nias", "provinceID": "12", "province": "Sumatera Utara", "islandID": "1", "island": "Sumatera", "longitude": 97.491202, "latitude": 1.03069 }, "geometry": { "type": "Polygon", "coordinates": [ [ [ 94.39582840413604, -2.265248584235446 ], [ 94.39582840413604, -0.303116303614004 ], [ 94.46843529416627, -0.238641226076064 ], [ 97.449698844359375, 1.185435908262962 ], [ 97.594998800857383, 1.127108423112084 ], [ 97.68591622337992, 0.585497203915049 ], [ 94.39582840413604, -2.265248584235446 ] ] ] } },
{ "type": "Feature", "properties": { "districtID": "1271", "district": "Kota Sibolga", "distr_t_en": "Sibolga City", "provinceID": "12", "province": "Sumatera Utara", "islandID": "1", "island": "Sumatera", "longitude": 98.789308, "latitude": 1.742556 }, "geometry": { "type": "Polygon", "coordinates": [ [ [ 98.352849753395375, 1.254421736537859 ], [ 98.841438134844481, 1.963311774893594 ], [ 99.075049844971673, 1.714251212754419 ], [ 98.907198680109829, 1.382794739531791 ], [ 98.628321985347966, 0.989240856484086 ], [ 98.588546348668515, 0.965389069613463 ], [ 98.511756165921355, 1.002907607899154 ], [ 98.352849753395375, 1.254421736537859 ] ] ] } },
{ "type": "Feature", "properties": { "districtID": "1272", "district": "Kota Tanjung Balai", "distr_t_en": "Tanjung Balai City", "provinceID": "12", "province": "Sumatera Utara", "islandID": "1", "island": "Sumatera", "longitude": 99.794725, "latitude": 2.963996 }, "geometry": { "type": "Polygon", "coordinates": [ [ [ 99.577059816669092, 3.032426272813408 ], [ 102.705201138186098, 6.747645941745089 ], [ 102.856217725824365, 6.747645941745089 ], [ 102.881983178161107, 5.441743019074137 ], [ 101.059084195622489, 3.069778856110757 ], [ 100.042339876802885, 2.669754640731188 ], [ 99.811746089403911, 2.685147868679945 ], [ 99.577059816669092, 3.032426272813408 ] ] ] } },
{ "type": "Feature", "properties": { "districtID": "1273", "district": "Kota Pematangsiantar", "distr_t_en": "Pematang Siantar City", "provinceID": "12", "province": "Sumatera Utara", "islandID": "1", "island": "Sumatera", "longitude": 99.059042, "latitude": 2.961427 }, "geometry": { "type": "Polygon", "coordinates": [ [ [ 98.979545181009257, 2.691115292775493 ], [ 99.081508955352817, 3.151718514963456 ], [ 99.262059951395727, 3.103987663354694 ], [ 99.340986100569921, 2.984800001612351 ], [ 99.254588054687787, 2.70855658813136 ], [ 99.04279407158441, 2.638808275837199 ], [ 98.979545181009257, 2.691115292775493 ] ] ] } },
{ "type": "Feature", "properties": { "districtID": "1274", "district": "Kota Tebing Tinggi", "distr_t_en": "Tebing Tinggi City", "provinceID": "12", "province": "Sumatera Utara", "islandID": "1", "island": "Sumatera", "longitude": 99.156017, "latitude": 3.328253 }, "geometry": { "type": "Polygon", "coordinates": [ [ [ 99.037577968616631, 3.168193350138678 ], [ 99.57445733535566, 4.555808078156938 ], [ 99.792866580731442, 4.910729877653468 ], [ 99.262059951395727, 3.103987663354694 ], [ 99.081508955352817, 3.151718514963456 ], [ 99.037577968616631, 3.168193350138678 ] ] ] } },
{ "type": "Feature", "properties": { "districtID": "1275", "district": "Kota Medan", "distr_t_en": "Medan City", "provinceID": "12", "province": "Sumatera Utara", "islandID": "1", "island": "Sumatera", "longitude": 98.667197, "latitude": 3.629059 }, "geometry": { "type": "Polygon", "coordinates": [ [ [ 98.510667161551751, 4.031523572573754 ], [ 98.535273649788408, 4.168285115721206 ], [ 98.70206004572249, 4.359920734960584 ], [ 100.056966621620603, 5.450835530850407 ], [ 99.792866580731442, 4.910729877653468 ], [ 99.57445733535566, 4.555808078156938 ], [ 98.932268802157736, 3.601427272418382 ], [ 98.590641568185305, 3.53792288528488 ], [ 98.510667161551751, 4.031523572573754 ] ] ] } },
{ "type": "Feature", "properties": { "districtID": "1276", "district": "Kota Binjai", "distr_t_en": "Binjai City", "provinceID": "12", "province": "Sumatera Utara", "islandID": "1", "island": "Sumatera", "longitude": 98.489226, "latitude": 3.600224 }, "geometry": { "type": "Polygon", "coordinates": [ [ [ 98.257642068065095, 3.413014784102714 ], [ 98.510667161551751, 4.031523572573754 ], [ 98.590641568185305, 3.53792288528488 ], [ 98.469650174289768, 3.330336043274261 ], [ 98.257642068065095, 3.413014784102714 ] ] ] } },
{ "type": "Feature", "properties": { "districtID": "1277", "district": "Kota Padangsidempuan", "distr_t_en": "Padangsidempuan City", "provinceID": "12", "province": "Sumatera Utara", "islandID": "1", "island": "Sumatera", "longitude": 99.285699, "latitude": 1.390808 }, "geometry": { "type": "Polygon", "coordinates": [ [ [ 98.628321985347966, 0.989240856484086 ], [ 98.907198680109829, 1.382794739531791 ], [ 99.525442680215718, 1.488215595909674 ], [ 99.594008834445262, 1.324692138493603 ], [ 99.498202817248654, 1.106704981295106 ], [ 98.628321985347966, 0.989240856484086 ] ] ] } },
{ "type": "Feature", "properties": { "districtID": "1278", "district": "Kota Gunungsitoli", "distr_t_en": "Gunungsitoli City", "provinceID": "12", "province": "Sumatera Utara", "islandID": "1", "island": "Sumatera", "longitude": 97.586679, "latitude": 1.268533 }, "geometry": { "type": "Polygon", "coordinates": [ [ [ 97.449698844359375, 1.185435908262962 ], [ 97.581221959979899, 1.840503856817193 ], [ 98.023161379515884, 1.734704178795885 ], [ 98.143722451692483, 1.508024026011284 ], [ 97.594998800857383, 1.127108423112084 ], [ 97.449698844359375, 1.185435908262962 ] ] ] } },
{ "type": "Feature", "properties": { "districtID": "1301", "district": "Kepulauan Mentawai", "distr_t_en": "Mentawai Islands", "provinceID": "13", "province": "Sumatera Barat", "islandID": "1", "island": "Sumatera", "longitude": 99.336833, "latitude": -1.849464 }, "geometry": { "type": "Polygon", "coordinates": [ [ [ 94.39582840413604, -3.215714544327999 ], [ 98.815092516111122, -0.70478354365807 ], [ 98.965044080546491, -0.730251506071843 ], [ 99.792734212618214, -1.264720885285547 ], [ 100.095176691779557, -1.614963411693877 ], [ 100.183775357404073, -2.845408076123397 ], [ 99.465135481396445, -4.678620807030573 ], [ 98.533980188509929, -6.259139874279078 ], [ 94.92942833962455, -11.635912426951478 ], [ 94.39582840413604, -3.215714544327999 ] ] ] } },
{ "type": "Feature", "properties": { "districtID": "1302", "district": "Pesisir Selatan", "distr_t_en": "South Pesisir", "provinceID": "13", "province": "Sumatera Barat", "islandID": "1", "island": "Sumatera", "longitude": 100.879294, "latitude": -1.738399 }, "geometry": { "type": "Polygon", "coordinates": [ [ [ 100.095176691779557, -1.614963411693877 ], [ 100.54807695404692, -1.376713354126837 ], [ 100.893798445281021, -1.359307755730379 ], [ 101.22884107642966, -1.772675540790965 ], [ 101.220394391871679, -1.78951548558654 ], [ 100.547382098848288, -2.615232726826948 ], [ 100.183775357404073, -2.845408076123397 ], [ 100.095176691779557, -1.614963411693877 ] ] ] } },
{ "type": "Feature", "properties": { "districtID": "1303", "district": "Solok", "distr_t_en": "Solok", "provinceID": "13", "province": "Sumatera Barat", "islandID": "1", "island": "Sumatera", "longitude": 100.841293, "latitude": -0.98359 }, "geometry": { "type": "Polygon", "coordinates": [ [ [ 100.54807695404692, -1.376713354126837 ], [ 100.627829887091039, -0.996721365706984 ], [ 100.797210419043253, -0.818312769593959 ], [ 100.912390558682446, -0.788068761557012 ], [ 101.202735975426236, -1.040560353130719 ], [ 101.197740841718044, -1.064779898775976 ], [ 100.893798445281021, -1.359307755730379 ], [ 100.54807695404692, -1.376713354126837 ] ] ] } },
{ "type": "Feature", "properties": { "districtID": "1304", "district": "Sijunjung", "distr_t_en": "Sijunjung", "provinceID": "13", "province": "Sumatera Barat", "islandID": "1", "island": "Sumatera", "longitude": 101.096152, "latitude": -0.690522 }, "geometry": { "type": "Polygon", "coordinates": [ [ [ 100.912390558682446, -0.788068761557012 ], [ 100.959390940027745, -0.363398604076869 ], [ 101.107276616109814, -0.215355095837836 ], [ 101.421899629628882, -0.811277835190801 ], [ 101.202735975426236, -1.040560353130719 ], [ 100.912390558682446, -0.788068761557012 ] ] ] } },
{ "type": "Feature", "properties": { "districtID": "1305", "district": "Tanah Datar", "distr_t_en": "Tanah Datar", "provinceID": "13", "province": "Sumatera Barat", "islandID": "1", "island": "Sumatera", "longitude": 100.58406, "latitude": -0.467654 }, "geometry": { "type": "Polygon", "coordinates": [ [ [ 100.490493254223935, -0.368282046246431 ], [ 100.520972171135313, -0.329922805665364 ], [ 100.848338905971474, -0.395298118106052 ], [ 100.596955260945251, -0.626714272960703 ], [ 100.497692244223259, -0.641139693739611 ], [ 100.490493254223935, -0.368282046246431 ] ] ] } },
{ "type": "Feature", "properties": { "districtID": "1306", "district": "Padang Pariaman", "distr_t_en": "Padang Pariaman", "provinceID": "13", "province": "Sumatera Barat", "islandID": "1", "island": "Sumatera", "longitude": 100.227938, "latitude": -0.565004 }, "geometry": { "type": "Polygon", "coordinates": [ [ [ 100.104824886369357, -0.425677366155796 ], [ 100.242157362151843, -0.400651263888331 ], [ 100.25662289077826, -0.408532745551682 ], [ 100.404416406370117, -0.686953266309084 ], [ 100.271992433817445, -0.770135320586979 ], [ 100.104824886369357, -0.425677366155796 ] ] ] } },
{ "type": "Feature", "properties": { "districtID": "1307", "district": "Agam", "distr_t_en": "Agam", "provinceID": "13", "province": "Sumatera Barat", "islandID": "1", "island": "Sumatera", "longitude": 100.170877, "latitude": -0.251879 }, "geometry": { "type": "Polygon", "coordinates": [ [ [ 99.595475986544471, -0.378879690327544 ], [ 100.001378537559873, 0.053804428211656 ], [ 100.233909085340983, 0.083987892696946 ], [ 100.325185204154309, -0.049724152422307 ], [ 100.242157362151843, -0.400651263888331 ], [ 100.104824886369357, -0.425677366155796 ], [ 99.595475986544471, -0.378879690327544 ] ] ] } },
{ "type": "Feature", "properties": { "districtID": "1308", "district": "Lima Puluh Kota", "distr_t_en": "Lima Puluh Kota", "provinceID": "13", "province": "Sumatera Barat", "islandID": "1", "island": "Sumatera", "longitude": 100.56966, "latitude": 0.020343 }, "geometry": { "type": "Polygon", "coordinates": [ [ [ 100.233909085340983, 0.083987892696946 ], [ 100.541000288066002, 0.481943068805792 ], [ 100.625363221334212, 0.487822262358733 ], [ 100.933181548206619, -0.019403696002938 ], [ 100.467044080070522, -0.13712391257539 ], [ 100.325185204154309, -0.049724152422307 ], [ 100.233909085340983, 0.083987892696946 ] ] ] } },
{ "type": "Feature", "properties": { "districtID": "1309", "district": "Pasaman", "distr_t_en": "Pasaman", "provinceID": "13", "province": "Sumatera Barat", "islandID": "1", "island": "Sumatera", "longitude": 100.087217, "latitude": 0.392632 }, "geometry": { "type": "Polygon", "coordinates": [ [ [ 99.74043286168201, 0.607912789784173 ], [ 99.79662008651664, 0.713111827150554 ], [ 100.107751222828924, 0.811068397749722 ], [ 100.541000288066002, 0.481943068805792 ], [ 100.233909085340983, 0.083987892696946 ], [ 100.001378537559873, 0.053804428211656 ], [ 99.74043286168201, 0.607912789784173 ] ] ] } },
{ "type": "Feature", "properties": { "districtID": "1310", "district": "Solok Selatan", "distr_t_en": "South Solok", "provinceID": "13", "province": "Sumatera Barat", "islandID": "1", "island": "Sumatera", "longitude": 101.267678, "latitude": -1.423606 }, "geometry": { "type": "Polygon", "coordinates": [ [ [ 100.893798445281021, -1.359307755730379 ], [ 101.197740841718044, -1.064779898775976 ], [ 101.606957642726826, -1.470061710720241 ], [ 101.557010596110246, -1.666121142698524 ], [ 101.22884107642966, -1.772675540790965 ], [ 100.893798445281021, -1.359307755730379 ] ] ] } },
{ "type": "Feature", "properties": { "districtID": "1311", "district": "Dharmasraya", "distr_t_en": "Dharmasraya", "provinceID": "13", "province": "Sumatera Barat", "islandID": "1", "island": "Sumatera", "longitude": 101.557226, "latitude": -1.131247 }, "geometry": { "type": "Polygon", "coordinates": [ [ [ 101.197740841718044, -1.064779898775976 ], [ 101.202735975426236, -1.040560353130719 ], [ 101.421899629628882, -0.811277835190801 ], [ 101.897213335483031, -0.774163852352913 ], [ 102.022191066303449, -0.938311630614191 ], [ 101.969682689586151, -1.178618787349546 ], [ 101.606957642726826, -1.470061710720241 ], [ 101.197740841718044, -1.064779898775976 ] ] ] } },
{ "type": "Feature", "properties": { "districtID": "1312", "district": "Pasaman Barat", "distr_t_en": "West Pasaman", "provinceID": "13", "province": "Sumatera Barat", "islandID": "1", "island": "Sumatera", "longitude": 99.685503, "latitude": 0.203453 }, "geometry": { "type": "Polygon", "coordinates": [ [ [ 98.815092516111122, -0.70478354365807 ], [ 98.881587969356204, 0.132983443137915 ], [ 99.74043286168201, 0.607912789784173 ], [ 100.001378537559873, 0.053804428211656 ], [ 99.595475986544471, -0.378879690327544 ], [ 98.965044080546491, -0.730251506071843 ], [ 98.815092516111122, -0.70478354365807 ] ] ] } },
{ "type": "Feature", "properties": { "districtID": "1371", "district": "Kota Padang", "distr_t_en": "Padang City", "provinceID": "13", "province": "Sumatera Barat", "islandID": "1", "island": "Sumatera", "longitude": 100.437659, "latitude": -0.898876 }, "geometry": { "type": "Polygon", "coordinates": [ [ [ 99.792734212618214, -1.264720885285547 ], [ 100.271992433817445, -0.770135320586979 ], [ 100.404416406370117, -0.686953266309084 ], [ 100.439127605476685, -0.684074718483126 ], [ 100.627829887091039, -0.996721365706984 ], [ 100.54807695404692, -1.376713354126837 ], [ 100.095176691779557, -1.614963411693877 ], [ 99.792734212618214, -1.264720885285547 ] ] ] } },
{ "type": "Feature", "properties": { "districtID": "1372", "district": "Kota Solok", "distr_t_en": "Solok City", "provinceID": "13", "province": "Sumatera Barat", "islandID": "1", "island": "Sumatera", "longitude": 100.629868, "latitude": -0.782865 }, "geometry": { "type": "Polygon", "coordinates": [ [ [ 100.439127605476685, -0.684074718483126 ], [ 100.497692244223259, -0.641139693739611 ], [ 100.596955260945251, -0.626714272960703 ], [ 100.797210419043253, -0.818312769593959 ], [ 100.627829887091039, -0.996721365706984 ], [ 100.439127605476685, -0.684074718483126 ] ] ] } },
{ "type": "Feature", "properties": { "districtID": "1373", "district": "Kota Sawahlunto", "distr_t_en": "Sawahlunto City", "provinceID": "13", "province": "Sumatera Barat", "islandID": "1", "island": "Sumatera", "longitude": 100.754407, "latitude": -0.652699 }, "geometry": { "type": "Polygon", "coordinates": [ [ [ 100.596955260945251, -0.626714272960703 ], [ 100.848338905971474, -0.395298118106052 ], [ 100.959390940027745, -0.363398604076869 ], [ 100.912390558682446, -0.788068761557012 ], [ 100.797210419043253, -0.818312769593959 ], [ 100.596955260945251, -0.626714272960703 ] ] ] } },
{ "type": "Feature", "properties": { "districtID": "1374", "district": "Kota Padang Panjang", "distr_t_en": "Padang Panjang City", "provinceID": "13", "province": "Sumatera Barat", "islandID": "1", "island": "Sumatera", "longitude": 100.402296, "latitude": -0.47245 }, "geometry": { "type": "Polygon", "coordinates": [ [ [ 100.25662289077826, -0.408532745551682 ], [ 100.490493254223935, -0.368282046246431 ], [ 100.497692244223259, -0.641139693739611 ], [ 100.439127605476685, -0.684074718483126 ], [ 100.404416406370117, -0.686953266309084 ], [ 100.25662289077826, -0.408532745551682 ] ] ] } },
{ "type": "Feature", "properties": { "districtID": "1375", "district": "Kota Bukittinggi", "distr_t_en": "Bukittinggi City", "provinceID": "13", "province": "Sumatera Barat", "islandID": "1", "island": "Sumatera", "longitude": 100.372546, "latitude": -0.299593 }, "geometry": { "type": "Polygon", "coordinates": [ [ [ 100.242157362151843, -0.400651263888331 ], [ 100.325185204154309, -0.049724152422307 ], [ 100.467044080070522, -0.13712391257539 ], [ 100.520972171135313, -0.329922805665364 ], [ 100.490493254223935, -0.368282046246431 ], [ 100.25662289077826, -0.408532745551682 ], [ 100.242157362151843, -0.400651263888331 ] ] ] } },
{ "type": "Feature", "properties": { "districtID": "1376", "district": "Kota Payakumbuh", "distr_t_en": "Payakumbuh City", "provinceID": "13", "province": "Sumatera Barat", "islandID": "1", "island": "Sumatera", "longitude": 100.632122, "latitude": -0.226987 }, "geometry": { "type": "Polygon", "coordinates": [ [ [ 100.467044080070522, -0.13712391257539 ], [ 100.933181548206619, -0.019403696002938 ], [ 101.120751850436051, -0.167722061369787 ], [ 101.107276616109814, -0.215355095837836 ], [ 100.959390940027745, -0.363398604076869 ], [ 100.848338905971474, -0.395298118106052 ], [ 100.520972171135313, -0.329922805665364 ], [ 100.467044080070522, -0.13712391257539 ] ] ] } },
{ "type": "Feature", "properties": { "districtID": "1377", "district": "Kota Pariaman", "distr_t_en": "Pariaman City", "provinceID": "13", "province": "Sumatera Barat", "islandID": "1", "island": "Sumatera", "longitude": 100.138102, "latitude": -0.608602 }, "geometry": { "type": "Polygon", "coordinates": [ [ [ 98.965044080546491, -0.730251506071843 ], [ 99.595475986544471, -0.378879690327544 ], [ 100.104824886369357, -0.425677366155796 ], [ 100.271992433817445, -0.770135320586979 ], [ 99.792734212618214, -1.264720885285547 ], [ 98.965044080546491, -0.730251506071843 ] ] ] } },
{ "type": "Feature", "properties": { "districtID": "1401", "district": "Kuantan Singingi", "distr_t_en": "Kuantan Singingi", "provinceID": "14", "province": "Riau", "islandID": "1", "island": "Sumatera", "longitude": 101.50592, "latitude": -0.474181 }, "geometry": { "type": "Polygon", "coordinates": [ [ [ 101.107276616109814, -0.215355095837836 ], [ 101.120751850436051, -0.167722061369787 ], [ 101.494171739037895, 0.038874949430532 ], [ 101.735376648989472, 0.048328809500877 ], [ 101.945071197786177, -0.186460535115618 ], [ 101.897213335483031, -0.774163852352913 ], [ 101.421899629628882, -0.811277835190801 ], [ 101.107276616109814, -0.215355095837836 ] ] ] } },
{ "type": "Feature", "properties": { "districtID": "1402", "district": "Indragiri Hulu", "distr_t_en": "Indragiri Hulu", "provinceID": "14", "province": "Riau", "islandID": "1", "island": "Sumatera", "longitude": 102.331886, "latitude": -0.541441 }, "geometry": { "type": "Polygon", "coordinates": [ [ [ 101.897213335483031, -0.774163852352913 ], [ 101.945071197786177, -0.186460535115618 ], [ 102.655591197758895, -0.138254076381591 ], [ 102.839403650121156, -0.63476389790225 ], [ 102.651949092358464, -0.911661901273176 ], [ 102.022191066303449, -0.938311630614191 ], [ 101.897213335483031, -0.774163852352913 ] ] ] } },
{ "type": "Feature", "properties": { "districtID": "1403", "district": "Indragiri Hilir", "distr_t_en": "Indragiri Hilir", "provinceID": "14", "province": "Riau", "islandID": "1", "island": "Sumatera", "longitude": 103.163805, "latitude": -0.233457 }, "geometry": { "type": "Polygon", "coordinates": [ [ [ 102.655591197758895, -0.138254076381591 ], [ 102.926995557680044, 0.393401073860034 ], [ 102.990511761224695, 0.41982317508827 ], [ 103.842416081751423, 0.124402093011907 ], [ 103.847681347522482, -0.500648798376327 ], [ 103.624597267247765, -0.680904753571999 ], [ 102.839403650121156, -0.63476389790225 ], [ 102.655591197758895, -0.138254076381591 ] ] ] } },
{ "type": "Feature", "properties": { "districtID": "1404", "district": "Pelalawan", "distr_t_en": "Pelalawan", "provinceID": "14", "province": "Riau", "islandID": "1", "island": "Sumatera", "longitude": 102.280393, "latitude": 0.217515 }, "geometry": { "type": "Polygon", "coordinates": [ [ [ 101.735376648989472, 0.048328809500877 ], [ 101.869945865216309, 0.376793343693015 ], [ 102.317910082442751, 0.679394086832128 ], [ 102.926995557680044, 0.393401073860034 ], [ 102.655591197758895, -0.138254076381591 ], [ 101.945071197786177, -0.186460535115618 ], [ 101.735376648989472, 0.048328809500877 ] ] ] } },
{ "type": "Feature", "properties": { "districtID": "1405", "district": "Siak", "distr_t_en": "Siak", "provinceID": "14", "province": "Riau", "islandID": "1", "island": "Sumatera", "longitude": 101.875421, "latitude": 0.817028 }, "geometry": { "type": "Polygon", "coordinates": [ [ [ 101.465809285620409, 0.999826460761218 ], [ 102.174166125453468, 1.276722335474613 ], [ 102.317910082442751, 0.679394086832128 ], [ 101.869945865216309, 0.376793343693015 ], [ 101.465809285620409, 0.999826460761218 ] ] ] } },
{ "type": "Feature", "properties": { "districtID": "1406", "district": "Kampar", "distr_t_en": "Kampar", "provinceID": "14", "province": "Riau", "islandID": "1", "island": "Sumatera", "longitude": 101.065756, "latitude": 0.321407 }, "geometry": { "type": "Polygon", "coordinates": [ [ [ 100.625363221334212, 0.487822262358733 ], [ 101.027705868838225, 0.850522213809855 ], [ 101.494171739037895, 0.038874949430532 ], [ 101.120751850436051, -0.167722061369787 ], [ 100.933181548206619, -0.019403696002938 ], [ 100.625363221334212, 0.487822262358733 ] ] ] } },
{ "type": "Feature", "properties": { "districtID": "1407", "district": "Rokan Hulu", "distr_t_en": "Rokan Hulu", "provinceID": "14", "province": "Riau", "islandID": "1", "island": "Sumatera", "longitude": 100.505357, "latitude": 0.943056 }, "geometry": { "type": "Polygon", "coordinates": [ [ [ 100.107751222828924, 0.811068397749722 ], [ 100.279470746758804, 1.374946920021253 ], [ 100.401346037010171, 1.424479734774142 ], [ 101.050956130554155, 1.233677225697344 ], [ 101.117830431146672, 1.071444946505315 ], [ 101.027705868838225, 0.850522213809855 ], [ 100.625363221334212, 0.487822262358733 ], [ 100.541000288066002, 0.481943068805792 ], [ 100.107751222828924, 0.811068397749722 ] ] ] } },
{ "type": "Feature", "properties": { "districtID": "1408", "district": "Bengkalis", "distr_t_en": "Bengkalis", "provinceID": "14", "province": "Riau", "islandID": "1", "island": "Sumatera", "longitude": 101.642866, "latitude": 1.411952 }, "geometry": { "type": "Polygon", "coordinates": [ [ [ 101.050956130554155, 1.233677225697344 ], [ 101.063298842971633, 1.264212702414408 ], [ 102.78608940314578, 2.783715498746613 ], [ 102.174166125453468, 1.276722335474613 ], [ 101.465809285620409, 0.999826460761218 ], [ 101.117830431146672, 1.071444946505315 ], [ 101.050956130554155, 1.233677225697344 ] ] ] } },
{ "type": "Feature", "properties": { "districtID": "1409", "district": "Rokan Hilir", "distr_t_en": "Rokan Hilir", "provinceID": "14", "province": "Riau", "islandID": "1", "island": "Sumatera", "longitude": 100.749182, "latitude": 1.773187 }, "geometry": { "type": "Polygon", "coordinates": [ [ [ 100.401346037010171, 1.424479734774142 ], [ 100.481121556656277, 2.131032558883893 ], [ 100.931899200549466, 2.735822800462996 ], [ 101.063298842971633, 1.264212702414408 ], [ 101.050956130554155, 1.233677225697344 ], [ 100.401346037010171, 1.424479734774142 ] ] ] } },
{ "type": "Feature", "properties": { "districtID": "1410", "district": "Kepulauan Meranti", "distr_t_en": "Meranti Islands", "provinceID": "14", "province": "Riau", "islandID": "1", "island": "Sumatera", "longitude": 102.64934, "latitude": 1.003268 }, "geometry": { "type": "Polygon", "coordinates": [ [ [ 102.174166125453468, 1.276722335474613 ], [ 102.78608940314578, 2.783715498746613 ], [ 103.340525869118565, 3.710851568412229 ], [ 103.429883924122691, 3.56444306535349 ], [ 103.397938024263809, 2.441334767189502 ], [ 102.990511761224695, 0.41982317508827 ], [ 102.926995557680044, 0.393401073860034 ], [ 102.317910082442751, 0.679394086832128 ], [ 102.174166125453468, 1.276722335474613 ] ] ] } },
{ "type": "Feature", "properties": { "districtID": "1471", "district": "Kota Pekanbaru", "distr_t_en": "Pekanbaru City", "provinceID": "14", "province": "Riau", "islandID": "1", "island": "Sumatera", "longitude": 101.465728, "latitude": 0.551277 }, "geometry": { "type": "Polygon", "coordinates": [ [ [ 101.027705868838225, 0.850522213809855 ], [ 101.117830431146672, 1.071444946505315 ], [ 101.465809285620409, 0.999826460761218 ], [ 101.869945865216309, 0.376793343693015 ], [ 101.735376648989472, 0.048328809500877 ], [ 101.494171739037895, 0.038874949430532 ], [ 101.027705868838225, 0.850522213809855 ] ] ] } },
{ "type": "Feature", "properties": { "districtID": "1473", "district": "Kota Dumai", "distr_t_en": "Dumai City", "provinceID": "14", "province": "Riau", "islandID": "1", "island": "Sumatera", "longitude": 101.282273, "latitude": 1.820787 }, "geometry": { "type": "Polygon", "coordinates": [ [ [ 100.931899200549466, 2.735822800462996 ], [ 101.059084195622489, 3.069778856110757 ], [ 102.881983178161107, 5.441743019074137 ], [ 103.340525869118565, 3.710851568412229 ], [ 102.78608940314578, 2.783715498746613 ], [ 101.063298842971633, 1.264212702414408 ], [ 100.931899200549466, 2.735822800462996 ] ] ] } },
{ "type": "Feature", "properties": { "districtID": "1501", "district": "Kerinci", "distr_t_en": "Kerinci", "provinceID": "15", "province": "Jambi", "islandID": "1", "island": "Sumatera", "longitude": 101.465333, "latitude": -2.032348 }, "geometry": { "type": "Polygon", "coordinates": [ [ [ 101.220394391871679, -1.78951548558654 ], [ 101.22884107642966, -1.772675540790965 ], [ 101.557010596110246, -1.666121142698524 ], [ 101.814110776585821, -1.935487247280916 ], [ 101.702054042408861, -2.355597248952709 ], [ 101.58573480302104, -2.358529176008155 ], [ 101.220394391871679, -1.78951548558654 ] ] ] } },
{ "type": "Feature", "properties": { "districtID": "1502", "district": "Merangin", "distr_t_en": "Merangin", "provinceID": "15", "province": "Jambi", "islandID": "1", "island": "Sumatera", "longitude": 102.068317, "latitude": -2.193183 }, "geometry": { "type": "Polygon", "coordinates": [ [ [ 101.702054042408861, -2.355597248952709 ], [ 101.814110776585821, -1.935487247280916 ], [ 102.375707395339873, -1.803665908225248 ], [ 102.449330341608189, -1.828273070785869 ], [ 102.306883485807987, -2.589098453093058 ], [ 102.284911856598271, -2.616226802555534 ], [ 101.975533883570336, -2.678153470484707 ], [ 101.702054042408861, -2.355597248952709 ] ] ] } },
{ "type": "Feature", "properties": { "districtID": "1503", "district": "Sarolangun", "distr_t_en": "Sarolangun", "provinceID": "15", "province": "Jambi", "islandID": "1", "island": "Sumatera", "longitude": 102.672522, "latitude": -2.306306 }, "geometry": { "type": "Polygon", "coordinates": [ [ [ 102.306883485807987, -2.589098453093058 ], [ 102.449330341608189, -1.828273070785869 ], [ 102.570483372544814, -1.790883671883677 ], [ 103.258402682446373, -2.312379937410158 ], [ 103.243046094618009, -2.435475360510948 ], [ 102.306883485807987, -2.589098453093058 ] ] ] } },
{ "type": "Feature", "properties": { "districtID": "1504", "district": "Batang Hari", "distr_t_en": "Batang Hari", "provinceID": "15", "province": "Jambi", "islandID": "1", "island": "Sumatera", "longitude": 103.09431, "latitude": -1.749915 }, "geometry": { "type": "Polygon", "coordinates": [ [ [ 102.570483372544814, -1.790883671883677 ], [ 102.80628944624695, -1.401707741074702 ], [ 103.277130890643605, -1.415765010472168 ], [ 103.456691602927009, -2.104752815689851 ], [ 103.258402682446373, -2.312379937410158 ], [ 102.570483372544814, -1.790883671883677 ] ] ] } },
{ "type": "Feature", "properties": { "districtID": "1505", "district": "Muaro Jambi", "distr_t_en": "Muaro Jambi", "provinceID": "15", "province": "Jambi", "islandID": "1", "island": "Sumatera", "longitude": 103.737824, "latitude": -1.613328 }, "geometry": { "type": "Polygon", "coordinates": [ [ [ 103.657912708960524, -1.305806855126013 ], [ 104.479013912347455, -1.787275197135466 ], [ 104.298494365084665, -1.976442396781556 ], [ 103.683805881742131, -2.042525760661777 ], [ 103.657912708960524, -1.305806855126013 ] ] ] } },
{ "type": "Feature", "properties": { "districtID": "1506", "district": "Tanjung Jabung Timur", "distr_t_en": "East Tanjung Jabung", "provinceID": "15", "province": "Jambi", "islandID": "1", "island": "Sumatera", "longitude": 103.965301, "latitude": -1.225386 }, "geometry": { "type": "Polygon", "coordinates": [ [ [ 103.532545481754028, -1.189147124452019 ], [ 103.624597267247765, -0.680904753571999 ], [ 103.847681347522482, -0.500648798376327 ], [ 104.924420422023999, -1.103352422857711 ], [ 104.67350371306658, -1.678750096516273 ], [ 104.479013912347455, -1.787275197135466 ], [ 103.657912708960524, -1.305806855126013 ], [ 103.532545481754028, -1.189147124452019 ] ] ] } },
{ "type": "Feature", "properties": { "districtID": "1507", "district": "Tanjung Jabung Barat", "distr_t_en": "West Tanjung Jabung", "provinceID": "15", "province": "Jambi", "islandID": "1", "island": "Sumatera", "longitude": 103.11457, "latitude": -1.071303 }, "geometry": { "type": "Polygon", "coordinates": [ [ [ 102.651949092358464, -0.911661901273176 ], [ 102.839403650121156, -0.63476389790225 ], [ 103.624597267247765, -0.680904753571999 ], [ 103.532545481754028, -1.189147124452019 ], [ 103.277130890643605, -1.415765010472168 ], [ 102.80628944624695, -1.401707741074702 ], [ 102.651949092358464, -0.911661901273176 ] ] ] } },
{ "type": "Feature", "properties": { "districtID": "1508", "district": "Tebo", "distr_t_en": "Tebo", "provinceID": "15", "province": "Jambi", "islandID": "1", "island": "Sumatera", "longitude": 102.364308, "latitude": -1.307599 }, "geometry": { "type": "Polygon", "coordinates": [ [ [ 101.969682689586151, -1.178618787349546 ], [ 102.022191066303449, -0.938311630614191 ], [ 102.651949092358464, -0.911661901273176 ], [ 102.80628944624695, -1.401707741074702 ], [ 102.570483372544814, -1.790883671883677 ], [ 102.449330341608189, -1.828273070785869 ], [ 102.375707395339873, -1.803665908225248 ], [ 101.969682689586151, -1.178618787349546 ] ] ] } },
{ "type": "Feature", "properties": { "districtID": "1509", "district": "Bungo", "distr_t_en": "Bungo", "provinceID": "15", "province": "Jambi", "islandID": "1", "island": "Sumatera", "longitude": 101.92711, "latitude": -1.591599 }, "geometry": { "type": "Polygon", "coordinates": [ [ [ 101.557010596110246, -1.666121142698524 ], [ 101.606957642726826, -1.470061710720241 ], [ 101.969682689586151, -1.178618787349546 ], [ 102.375707395339873, -1.803665908225248 ], [ 101.814110776585821, -1.935487247280916 ], [ 101.557010596110246, -1.666121142698524 ] ] ] } },
{ "type": "Feature", "properties": { "districtID": "1571", "district": "Kota Jambi", "distr_t_en": "Jambi City", "provinceID": "15", "province": "Jambi", "islandID": "1", "island": "Sumatera", "longitude": 103.599789, "latitude": -1.61818 }, "geometry": { "type": "Polygon", "coordinates": [ [ [ 103.277130890643605, -1.415765010472168 ], [ 103.532545481754028, -1.189147124452019 ], [ 103.657912708960524, -1.305806855126013 ], [ 103.683805881742131, -2.042525760661777 ], [ 103.456691602927009, -2.104752815689851 ], [ 103.277130890643605, -1.415765010472168 ] ] ] } },
{ "type": "Feature", "properties": { "districtID": "1572", "district": "Kota Sungai Penuh", "distr_t_en": "Sungai Penuh City", "provinceID": "15", "province": "Jambi", "islandID": "1", "island": "Sumatera", "longitude": 101.339256, "latitude": -2.113297 }, "geometry": { "type": "Polygon", "coordinates": [ [ [ 100.547382098848288, -2.615232726826948 ], [ 101.220394391871679, -1.78951548558654 ], [ 101.58573480302104, -2.358529176008155 ], [ 100.547382098848288, -2.615232726826948 ] ] ] } },
{ "type": "Feature", "properties": { "districtID": "1601", "district": "Ogan Komering Ulu", "distr_t_en": "Ogan Komering Ulu", "provinceID": "16", "province": "Sumatera Selatan", "islandID": "1", "island": "Sumatera", "longitude": 104.105191, "latitude": -4.093783 }, "geometry": { "type": "Polygon", "coordinates": [ [ [ 103.686050067639812, -4.114900271653503 ], [ 103.75176636508607, -3.934733923354402 ], [ 104.323314191204943, -3.800805713854339 ], [ 104.324182185793987, -3.800971948538415 ], [ 104.345808036965863, -4.315804814101498 ], [ 104.245649221166289, -4.435104912910536 ], [ 103.688918264067695, -4.215853488704293 ], [ 103.686050067639812, -4.114900271653503 ] ] ] } },
{ "type": "Feature", "properties": { "districtID": "1602", "district": "Ogan Komering Ilir", "distr_t_en": "Ogan Komering Ilir", "provinceID": "16", "province": "Sumatera Selatan", "islandID": "1", "island": "Sumatera", "longitude": 105.397277, "latitude": -3.363973 }, "geometry": { "type": "Polygon", "coordinates": [ [ [ 104.994963598004148, -3.292155969628058 ], [ 105.36840380713754, -2.667666775902452 ], [ 105.418966046367416, -2.625163951032633 ], [ 105.51837884162201, -2.631254112823962 ], [ 105.706549752729273, -2.800262326922839 ], [ 106.271931091671917, -3.71970012451783 ], [ 105.020378154872603, -3.683912790097939 ], [ 104.994963598004148, -3.292155969628058 ] ] ] } },
{ "type": "Feature", "properties": { "districtID": "1603", "district": "Muara Enim", "distr_t_en": "Muara Enim", "provinceID": "16", "province": "Sumatera Selatan", "islandID": "1", "island": "Sumatera", "longitude": 103.997741, "latitude": -3.63523 }, "geometry": { "type": "Polygon", "coordinates": [ [ [ 103.590904766775324, -3.420705921600538 ], [ 104.013173747977689, -3.418004979063673 ], [ 104.323314191204943, -3.800805713854339 ], [ 103.75176636508607, -3.934733923354402 ], [ 103.590904766775324, -3.420705921600538 ] ] ] } },
{ "type": "Feature", "properties": { "districtID": "1604", "district": "Lahat", "distr_t_en": "Lahat", "provinceID": "16", "province": "Sumatera Selatan", "islandID": "1", "island": "Sumatera", "longitude": 103.378938, "latitude": -3.82888 }, "geometry": { "type": "Polygon", "coordinates": [ [ [ 103.143169533166699, -3.903279130592643 ], [ 103.213143486317577, -3.5134571169482 ], [ 103.55729134491753, -3.38772741472649 ], [ 103.590904766775324, -3.420705921600538 ], [ 103.75176636508607, -3.934733923354402 ], [ 103.686050067639812, -4.114900271653503 ], [ 103.143169533166699, -3.903279130592643 ] ] ] } },
{ "type": "Feature", "properties": { "districtID": "1605", "district": "Musi Rawas", "distr_t_en": "Musi Rawas", "provinceID": "16", "province": "Sumatera Selatan", "islandID": "1", "island": "Sumatera", "longitude": 103.13656, "latitude": -3.165442 }, "geometry": { "type": "Polygon", "coordinates": [ [ [ 102.916457299974638, -2.974703557696484 ], [ 103.293962151690565, -2.625963025165033 ], [ 103.577488934678826, -2.900071993099792 ], [ 103.55729134491753, -3.38772741472649 ], [ 103.213143486317577, -3.5134571169482 ], [ 103.104450629396879, -3.478486658384779 ], [ 102.916457299974638, -2.974703557696484 ] ] ] } },
{ "type": "Feature", "properties": { "districtID": "1606", "district": "Musi Banyuasin", "distr_t_en": "Musi Banyuasin", "provinceID": "16", "province": "Sumatera Selatan", "islandID": "1", "island": "Sumatera", "longitude": 103.827818, "latitude": -2.450434 }, "geometry": { "type": "Polygon", "coordinates": [ [ [ 103.243046094618009, -2.435475360510948 ], [ 103.258402682446373, -2.312379937410158 ], [ 103.456691602927009, -2.104752815689851 ], [ 103.683805881742131, -2.042525760661777 ], [ 104.298494365084665, -1.976442396781556 ], [ 104.23604817489931, -2.753415502284351 ], [ 103.577488934678826, -2.900071993099792 ], [ 103.293962151690565, -2.625963025165033 ], [ 103.243046094618009, -2.435475360510948 ] ] ] } },
{ "type": "Feature", "properties": { "districtID": "1607", "district": "Banyuasin", "distr_t_en": "Banyuasin", "provinceID": "16", "province": "Sumatera Selatan", "islandID": "1", "island": "Sumatera", "longitude": 104.687427, "latitude": -2.519521 }, "geometry": { "type": "Polygon", "coordinates": [ [ [ 104.23604817489931, -2.753415502284351 ], [ 104.298494365084665, -1.976442396781556 ], [ 104.479013912347455, -1.787275197135466 ], [ 104.67350371306658, -1.678750096516273 ], [ 105.418966046367416, -2.625163951032633 ], [ 105.36840380713754, -2.667666775902452 ], [ 104.279397713548548, -2.797464161138453 ], [ 104.23604817489931, -2.753415502284351 ] ] ] } },
{ "type": "Feature", "properties": { "districtID": "1608", "district": "Ogan Komering Ulu Selatan", "distr_t_en": "South Ogan Komering Ulu", "provinceID": "16", "province": "Sumatera Selatan", "islandID": "1", "island": "Sumatera", "longitude": 103.910168, "latitude": -4.588993 }, "geometry": { "type": "Polygon", "coordinates": [ [ [ 103.646697689524586, -4.27351607496283 ], [ 103.688918264067695, -4.215853488704293 ], [ 104.245649221166289, -4.435104912910536 ], [ 104.271758536714586, -4.678551023862799 ], [ 103.766470213298959, -5.053804777118166 ], [ 103.682750644343116, -5.082146642906427 ], [ 103.646697689524586, -4.27351607496283 ] ] ] } },
{ "type": "Feature", "properties": { "districtID": "1609", "district": "Ogan Komering Ulu Timur", "distr_t_en": "East Ogan Komering Ulu", "provinceID": "16", "province": "Sumatera Selatan", "islandID": "1", "island": "Sumatera", "longitude": 104.566958, "latitude": -4.074387 }, "geometry": { "type": "Polygon", "coordinates": [ [ [ 104.324182185793987, -3.800971948538415 ], [ 104.443508245166129, -3.736570893577984 ], [ 104.955380459956359, -3.766352461276531 ], [ 104.971826125956639, -4.035826218849691 ], [ 104.810770867857144, -4.274403182641794 ], [ 104.345808036965863, -4.315804814101498 ], [ 104.324182185793987, -3.800971948538415 ] ] ] } },
{ "type": "Feature", "properties": { "districtID": "1610", "district": "Ogan Ilir", "distr_t_en": "Ogan Ilir", "provinceID": "16", "province": "Sumatera Selatan", "islandID": "1", "island": "Sumatera", "longitude": 104.605302, "latitude": -3.415351 }, "geometry": { "type": "Polygon", "coordinates": [ [ [ 104.388899377639547, -3.106330332338531 ], [ 104.994963598004148, -3.292155969628058 ], [ 105.020378154872603, -3.683912790097939 ], [ 104.955380459956359, -3.766352461276531 ], [ 104.443508245166129, -3.736570893577984 ], [ 104.388899377639547, -3.106330332338531 ] ] ] } },
{ "type": "Feature", "properties": { "districtID": "1611", "district": "Empat Lawang", "distr_t_en": "Empat Lawang", "provinceID": "16", "province": "Sumatera Selatan", "islandID": "1", "island": "Sumatera", "longitude": 102.947996, "latitude": -3.751525 }, "geometry": { "type": "Polygon", "coordinates": [ [ [ 102.736767666767889, -3.837472104316406 ], [ 102.841350050516454, -3.578488071558791 ], [ 102.93983439861222, -3.503045540460591 ], [ 103.104450629396879, -3.478486658384779 ], [ 103.213143486317577, -3.5134571169482 ], [ 103.143169533166699, -3.903279130592643 ], [ 102.97285154651145, -4.051405467807579 ], [ 102.961133475774247, -4.052841849742687 ], [ 102.736767666767889, -3.837472104316406 ] ] ] } },
{ "type": "Feature", "properties": { "districtID": "1612", "district": "Penukal Abab Lematang Ilir", "distr_t_en": "Penukal Abab Lematang Ilir", "provinceID": "16", "province": "Sumatera Selatan", "islandID": "1", "island": "Sumatera", "longitude": 103.994963, "latitude": -3.200995 }, "geometry": { "type": "Polygon", "coordinates": [ [ [ 103.55729134491753, -3.38772741472649 ], [ 103.577488934678826, -2.900071993099792 ], [ 104.23604817489931, -2.753415502284351 ], [ 104.279397713548548, -2.797464161138453 ], [ 104.367060842614478, -3.082831876134993 ], [ 104.013173747977689, -3.418004979063673 ], [ 103.590904766775324, -3.420705921600538 ], [ 103.55729134491753, -3.38772741472649 ] ] ] } },
{ "type": "Feature", "properties": { "districtID": "1613", "district": "Musi Rawas Utara", "distr_t_en": "North Musi Rawas", "provinceID": "16", "province": "Sumatera Selatan", "islandID": "1", "island": "Sumatera", "longitude": 102.743724, "latitude": -2.740205 }, "geometry": { "type": "Polygon", "coordinates": [ [ [ 102.284911856598271, -2.616226802555534 ], [ 102.306883485807987, -2.589098453093058 ], [ 103.243046094618009, -2.435475360510948 ], [ 103.293962151690565, -2.625963025165033 ], [ 102.916457299974638, -2.974703557696484 ], [ 102.594836888379987, -3.0555332226711 ], [ 102.284911856598271, -2.616226802555534 ] ] ] } },
{ "type": "Feature", "properties": { "districtID": "1671", "district": "Kota Palembang", "distr_t_en": "Palembang City", "provinceID": "16", "province": "Sumatera Selatan", "islandID": "1", "island": "Sumatera", "longitude": 104.741324, "latitude": -2.971718 }, "geometry": { "type": "Polygon", "coordinates": [ [ [ 104.279397713548548, -2.797464161138453 ], [ 105.36840380713754, -2.667666775902452 ], [ 104.994963598004148, -3.292155969628058 ], [ 104.388899377639547, -3.106330332338531 ], [ 104.367060842614478, -3.082831876134993 ], [ 104.279397713548548, -2.797464161138453 ] ] ] } },
{ "type": "Feature", "properties": { "districtID": "1672", "district": "Kota Prabumulih", "distr_t_en": "Prabumulih City", "provinceID": "16", "province": "Sumatera Selatan", "islandID": "1", "island": "Sumatera", "longitude": 104.228875, "latitude": -3.447968 }, "geometry": { "type": "Polygon", "coordinates": [ [ [ 104.013173747977689, -3.418004979063673 ], [ 104.367060842614478, -3.082831876134993 ], [ 104.388899377639547, -3.106330332338531 ], [ 104.443508245166129, -3.736570893577984 ], [ 104.324182185793987, -3.800971948538415 ], [ 104.323314191204943, -3.800805713854339 ], [ 104.013173747977689, -3.418004979063673 ] ] ] } },
{ "type": "Feature", "properties": { "districtID": "1673", "district": "Kota Pagar Alam", "distr_t_en": "Pagar Alam City", "provinceID": "16", "province": "Sumatera Selatan", "islandID": "1", "island": "Sumatera", "longitude": 103.266386, "latitude": -4.117615 }, "geometry": { "type": "Polygon", "coordinates": [ [ [ 102.97285154651145, -4.051405467807579 ], [ 103.143169533166699, -3.903279130592643 ], [ 103.686050067639812, -4.114900271653503 ], [ 103.688918264067695, -4.215853488704293 ], [ 103.646697689524586, -4.27351607496283 ], [ 103.283093725162701, -4.381042748370924 ], [ 102.97285154651145, -4.051405467807579 ] ] ] } },
{ "type": "Feature", "properties": { "districtID": "1674", "district": "Kota Lubuklinggau", "distr_t_en": "Lubuklinggau City", "provinceID": "16", "province": "Sumatera Selatan", "islandID": "1", "island": "Sumatera", "longitude": 102.875114, "latitude": -3.263004 }, "geometry": { "type": "Polygon", "coordinates": [ [ [ 102.575315668774692, -3.126331934862799 ], [ 102.594836888379987, -3.0555332226711 ], [ 102.916457299974638, -2.974703557696484 ], [ 103.104450629396879, -3.478486658384779 ], [ 102.93983439861222, -3.503045540460591 ], [ 102.575315668774692, -3.126331934862799 ] ] ] } },
{ "type": "Feature", "properties": { "districtID": "1701", "district": "Bengkulu Selatan", "distr_t_en": "South Bengkulu", "provinceID": "17", "province": "Bengkulu", "islandID": "1", "island": "Sumatera", "longitude": 103.021161, "latitude": -4.348411 }, "geometry": { "type": "Polygon", "coordinates": [ [ [ 97.302535553455058, -11.635912426951478 ], [ 100.947422265229122, -6.509948295867719 ], [ 102.961133475774247, -4.052841849742687 ], [ 102.97285154651145, -4.051405467807579 ], [ 103.283093725162701, -4.381042748370924 ], [ 100.819728913402116, -8.048165031562755 ], [ 97.717368669722376, -11.635912426951478 ], [ 97.302535553455058, -11.635912426951478 ] ] ] } },
{ "type": "Feature", "properties": { "districtID": "1702", "district": "Rejang Lebong", "distr_t_en": "Rejang Lebong", "provinceID": "17", "province": "Bengkulu", "islandID": "1", "island": "Sumatera", "longitude": 102.702052, "latitude": -3.430464 }, "geometry": { "type": "Polygon", "coordinates": [ [ [ 102.39257737450346, -3.370156655338363 ], [ 102.575315668774692, -3.126331934862799 ], [ 102.93983439861222, -3.503045540460591 ], [ 102.841350050516454, -3.578488071558791 ], [ 102.481497739944857, -3.474059468011095 ], [ 102.39257737450346, -3.370156655338363 ] ] ] } },
{ "type": "Feature", "properties": { "districtID": "1703", "district": "Bengkulu Utara", "distr_t_en": "North Bengkulu", "provinceID": "17", "province": "Bengkulu", "islandID": "1", "island": "Sumatera", "longitude": 102.001961, "latitude": -3.419612 }, "geometry": { "type": "Polygon", "coordinates": [ [ [ 98.533980188509929, -6.259139874279078 ], [ 99.465135481396445, -4.678620807030573 ], [ 101.800787668932088, -3.013021552787535 ], [ 102.308956299971541, -3.392146916675353 ], [ 102.148429705453822, -3.635333260915733 ], [ 98.533980188509929, -6.259139874279078 ] ] ] } },
{ "type": "Feature", "properties": { "districtID": "1704", "district": "Kaur", "distr_t_en": "Kaur", "provinceID": "17", "province": "Bengkulu", "islandID": "1", "island": "Sumatera", "longitude": 103.412348, "latitude": -4.611188 }, "geometry": { "type": "Polygon", "coordinates": [ [ [ 100.819728913402116, -8.048165031562755 ], [ 103.283093725162701, -4.381042748370924 ], [ 103.646697689524586, -4.27351607496283 ], [ 103.682750644343116, -5.082146642906427 ], [ 100.819728913402116, -8.048165031562755 ] ] ] } },
{ "type": "Feature", "properties": { "districtID": "1705", "district": "Seluma", "distr_t_en": "Seluma", "provinceID": "17", "province": "Bengkulu", "islandID": "1", "island": "Sumatera", "longitude": 102.659531, "latitude": -4.052039 }, "geometry": { "type": "Polygon", "coordinates": [ [ [ 100.947422265229122, -6.509948295867719 ], [ 102.529740656841369, -3.87016844277242 ], [ 102.56809940809795, -3.843483603983112 ], [ 102.736767666767889, -3.837472104316406 ], [ 102.961133475774247, -4.052841849742687 ], [ 100.947422265229122, -6.509948295867719 ] ] ] } },
{ "type": "Feature", "properties": { "districtID": "1706", "district": "Mukomuko", "distr_t_en": "Mukomuko", "provinceID": "17", "province": "Bengkulu", "islandID": "1", "island": "Sumatera", "longitude": 101.481919, "latitude": -2.690362 }, "geometry": { "type": "Polygon", "coordinates": [ [ [ 99.465135481396445, -4.678620807030573 ], [ 100.183775357404073, -2.845408076123397 ], [ 100.547382098848288, -2.615232726826948 ], [ 101.58573480302104, -2.358529176008155 ], [ 101.702054042408861, -2.355597248952709 ], [ 101.975533883570336, -2.678153470484707 ], [ 101.800787668932088, -3.013021552787535 ], [ 99.465135481396445, -4.678620807030573 ] ] ] } },
{ "type": "Feature", "properties": { "districtID": "1707", "district": "Lebong", "distr_t_en": "Lebong", "provinceID": "17", "province": "Bengkulu", "islandID": "1", "island": "Sumatera", "longitude": 102.247838, "latitude": -3.090046 }, "geometry": { "type": "Polygon", "coordinates": [ [ [ 101.800787668932088, -3.013021552787535 ], [ 101.975533883570336, -2.678153470484707 ], [ 102.284911856598271, -2.616226802555534 ], [ 102.594836888379987, -3.0555332226711 ], [ 102.575315668774692, -3.126331934862799 ], [ 102.39257737450346, -3.370156655338363 ], [ 102.308956299971541, -3.392146916675353 ], [ 101.800787668932088, -3.013021552787535 ] ] ] } },
{ "type": "Feature", "properties": { "districtID": "1708", "district": "Kepahiang", "distr_t_en": "Kepahiang", "provinceID": "17", "province": "Bengkulu", "islandID": "1", "island": "Sumatera", "longitude": 102.644452, "latitude": -3.628948 }, "geometry": { "type": "Polygon", "coordinates": [ [ [ 102.481497739944857, -3.474059468011095 ], [ 102.841350050516454, -3.578488071558791 ], [ 102.736767666767889, -3.837472104316406 ], [ 102.56809940809795, -3.843483603983112 ], [ 102.481497739944857, -3.474059468011095 ] ] ] } },
{ "type": "Feature", "properties": { "districtID": "1709", "district": "Bengkulu Tengah", "distr_t_en": "Central Bengkulu", "provinceID": "17", "province": "Bengkulu", "islandID": "1", "island": "Sumatera", "longitude": 102.404357, "latitude": -3.685232 }, "geometry": { "type": "Polygon", "coordinates": [ [ [ 102.148429705453822, -3.635333260915733 ], [ 102.308956299971541, -3.392146916675353 ], [ 102.39257737450346, -3.370156655338363 ], [ 102.481497739944857, -3.474059468011095 ], [ 102.56809940809795, -3.843483603983112 ], [ 102.529740656841369, -3.87016844277242 ], [ 102.148429705453822, -3.635333260915733 ] ] ] } },
{ "type": "Feature", "properties": { "districtID": "1771", "district": "Kota Bengkulu", "distr_t_en": "Bengkulu City", "provinceID": "17", "province": "Bengkulu", "islandID": "1", "island": "Sumatera", "longitude": 102.308164, "latitude": -3.841425 }, "geometry": { "type": "Polygon", "coordinates": [ [ [ 94.92942833962455, -11.635912426951478 ], [ 98.533980188509929, -6.259139874279078 ], [ 102.148429705453822, -3.635333260915733 ], [ 102.529740656841369, -3.87016844277242 ], [ 100.947422265229122, -6.509948295867719 ], [ 97.302535553455058, -11.635912426951478 ], [ 94.92942833962455, -11.635912426951478 ] ] ] } },
{ "type": "Feature", "properties": { "districtID": "1801", "district": "Lampung Barat", "distr_t_en": "West Lampung", "provinceID": "18", "province": "Lampung", "islandID": "1", "island": "Sumatera", "longitude": 104.252977, "latitude": -5.050593 }, "geometry": { "type": "Polygon", "coordinates": [ [ [ 103.766470213298959, -5.053804777118166 ], [ 104.271758536714586, -4.678551023862799 ], [ 104.481037370098349, -4.816376951951209 ], [ 104.603307459105864, -5.083486008885991 ], [ 104.439450908083998, -5.266235556785033 ], [ 103.766470213298959, -5.053804777118166 ] ] ] } },
{ "type": "Feature", "properties": { "districtID": "1802", "district": "Tanggamus", "distr_t_en": "Tanggamus", "provinceID": "18", "province": "Lampung", "islandID": "1", "island": "Sumatera", "longitude": 104.674084, "latitude": -5.428165 }, "geometry": { "type": "Polygon", "coordinates": [ [ [ 104.124882821806438, -7.005862305776841 ], [ 104.439450908083998, -5.266235556785033 ], [ 104.603307459105864, -5.083486008885991 ], [ 104.70563433463677, -5.105087091729151 ], [ 104.879635190471475, -5.59667722761786 ], [ 104.798388367438434, -6.386433184773105 ], [ 104.124882821806438, -7.005862305776841 ] ] ] } },
{ "type": "Feature", "properties": { "districtID": "1803", "district": "Lampung Selatan", "distr_t_en": "South Lampung", "provinceID": "18", "province": "Lampung", "islandID": "1", "island": "Sumatera", "longitude": 105.50124, "latitude": -5.530023 }, "geometry": { "type": "Polygon", "coordinates": [ [ [ 105.212877312378183, -6.153449016049007 ], [ 105.282641536699671, -5.676585567895232 ], [ 105.467974217164993, -5.293979081008558 ], [ 105.47150717846219, -5.292324559168695 ], [ 106.007688459874174, -5.491079287903236 ], [ 105.457882733306661, -6.097601250615464 ], [ 105.212877312378183, -6.153449016049007 ] ] ] } },
{ "type": "Feature", "properties": { "districtID": "1804", "district": "Lampung Timur", "distr_t_en": "East Lampung", "provinceID": "18", "province": "Lampung", "islandID": "1", "island": "Sumatera", "longitude": 105.64899, "latitude": -5.131438 }, "geometry": { "type": "Polygon", "coordinates": [ [ [ 105.47150717846219, -5.292324559168695 ], [ 105.485291633041129, -4.959935424578223 ], [ 105.643182076827614, -4.743531138735705 ], [ 106.622265638999778, -4.586775932357636 ], [ 106.089704268855783, -5.456144136621982 ], [ 106.007688459874174, -5.491079287903236 ], [ 105.47150717846219, -5.292324559168695 ] ] ] } },
{ "type": "Feature", "properties": { "districtID": "1805", "district": "Lampung Tengah", "distr_t_en": "Central Lampung", "provinceID": "18", "province": "Lampung", "islandID": "1", "island": "Sumatera", "longitude": 105.272011, "latitude": -4.856391 }, "geometry": { "type": "Polygon", "coordinates": [ [ [ 105.014273388280643, -5.024827573169215 ], [ 105.056712094988455, -4.693791690738379 ], [ 105.32873506070203, -4.577205338442957 ], [ 105.643182076827614, -4.743531138735705 ], [ 105.485291633041129, -4.959935424578223 ], [ 105.014273388280643, -5.024827573169215 ] ] ] } },
{ "type": "Feature", "properties": { "districtID": "1806", "district": "Lampung Utara", "distr_t_en": "North Lampung", "provinceID": "18", "province": "Lampung", "islandID": "1", "island": "Sumatera", "longitude": 104.80736, "latitude": -4.796823 }, "geometry": { "type": "Polygon", "coordinates": [ [ [ 104.481037370098349, -4.816376951951209 ], [ 104.86074703917123, -4.545880663527126 ], [ 105.056712094988455, -4.693791690738379 ], [ 105.014273388280643, -5.024827573169215 ], [ 105.008132532046972, -5.034419936790901 ], [ 104.70563433463677, -5.105087091729151 ], [ 104.603307459105864, -5.083486008885991 ], [ 104.481037370098349, -4.816376951951209 ] ] ] } },
{ "type": "Feature", "properties": { "districtID": "1807", "district": "Way Kanan", "distr_t_en": "Way Kanan", "provinceID": "18", "province": "Lampung", "islandID": "1", "island": "Sumatera", "longitude": 104.606133, "latitude": -4.514351 }, "geometry": { "type": "Polygon", "coordinates": [ [ [ 104.245649221166289, -4.435104912910536 ], [ 104.345808036965863, -4.315804814101498 ], [ 104.810770867857144, -4.274403182641794 ], [ 104.86074703917123, -4.545880663527126 ], [ 104.481037370098349, -4.816376951951209 ], [ 104.271758536714586, -4.678551023862799 ], [ 104.245649221166289, -4.435104912910536 ] ] ] } },
{ "type": "Feature", "properties": { "districtID": "1808", "district": "Tulang Bawang", "distr_t_en": "Tulang Bawang", "provinceID": "18", "province": "Lampung", "islandID": "1", "island": "Sumatera", "longitude": 105.527593, "latitude": -4.373201 }, "geometry": { "type": "Polygon", "coordinates": [ [ [ 105.291829187193173, -4.268067318435314 ], [ 106.378385474893363, -3.802625734904387 ], [ 106.946494910172603, -4.095334192085033 ], [ 107.05120529034771, -4.247131927161186 ], [ 106.622265638999778, -4.586775932357636 ], [ 105.643182076827614, -4.743531138735705 ], [ 105.32873506070203, -4.577205338442957 ], [ 105.291829187193173, -4.268067318435314 ] ] ] } },
{ "type": "Feature", "properties": { "districtID": "1809", "district": "Pesawaran", "distr_t_en": "Pesawaran", "provinceID": "18", "province": "Lampung", "islandID": "1", "island": "Sumatera", "longitude": 105.11519, "latitude": -5.473544 }, "geometry": { "type": "Polygon", "coordinates": [ [ [ 104.798388367438434, -6.386433184773105 ], [ 104.879635190471475, -5.59667722761786 ], [ 105.121125540388832, -5.276637758437155 ], [ 105.282641536699671, -5.676585567895232 ], [ 105.212877312378183, -6.153449016049007 ], [ 104.798388367438434, -6.386433184773105 ] ] ] } },
{ "type": "Feature", "properties": { "districtID": "1810", "district": "Pringsewu", "distr_t_en": "Pringsewu", "provinceID": "18", "province": "Lampung", "islandID": "1", "island": "Sumatera", "longitude": 104.933406, "latitude": -5.336377 }, "geometry": { "type": "Polygon", "coordinates": [ [ [ 104.70563433463677, -5.105087091729151 ], [ 105.008132532046972, -5.034419936790901 ], [ 105.129390526807185, -5.241726653072998 ], [ 105.121125540388832, -5.276637758437155 ], [ 104.879635190471475, -5.59667722761786 ], [ 104.70563433463677, -5.105087091729151 ] ] ] } },
{ "type": "Feature", "properties": { "districtID": "1811", "district": "Mesuji", "distr_t_en": "Mesuji", "provinceID": "18", "province": "Lampung", "islandID": "1", "island": "Sumatera", "longitude": 105.378379, "latitude": -4.024866 }, "geometry": { "type": "Polygon", "coordinates": [ [ [ 104.955380459956359, -3.766352461276531 ], [ 105.020378154872603, -3.683912790097939 ], [ 106.271931091671917, -3.71970012451783 ], [ 106.378385474893363, -3.802625734904387 ], [ 105.291829187193173, -4.268067318435314 ], [ 104.971826125956639, -4.035826218849691 ], [ 104.955380459956359, -3.766352461276531 ] ] ] } },
{ "type": "Feature", "properties": { "districtID": "1812", "district": "Tulang Bawang Barat", "distr_t_en": "West Tulang Bawang", "provinceID": "18", "province": "Lampung", "islandID": "1", "island": "Sumatera", "longitude": 105.087441, "latitude": -4.425747 }, "geometry": { "type": "Polygon", "coordinates": [ [ [ 104.810770867857144, -4.274403182641794 ], [ 104.971826125956639, -4.035826218849691 ], [ 105.291829187193173, -4.268067318435314 ], [ 105.32873506070203, -4.577205338442957 ], [ 105.056712094988455, -4.693791690738379 ], [ 104.86074703917123, -4.545880663527126 ], [ 104.810770867857144, -4.274403182641794 ] ] ] } },
{ "type": "Feature", "properties": { "districtID": "1813", "district": "Pesisir Barat", "distr_t_en": "Pesisir Barat", "provinceID": "18", "province": "Lampung", "islandID": "1", "island": "Sumatera", "longitude": 104.162968, "latitude": -5.335743 }, "geometry": { "type": "Polygon", "coordinates": [ [ [ 97.717368669722376, -11.635912426951478 ], [ 100.819728913402116, -8.048165031562755 ], [ 103.682750644343116, -5.082146642906427 ], [ 103.766470213298959, -5.053804777118166 ], [ 104.439450908083998, -5.266235556785033 ], [ 104.124882821806438, -7.005862305776841 ], [ 100.448361050950652, -11.635912426951478 ], [ 97.717368669722376, -11.635912426951478 ] ] ] } },
{ "type": "Feature", "properties": { "districtID": "1871", "district": "Kota Bandar Lampung", "distr_t_en": "Bandar Lampung City", "provinceID": "18", "province": "Lampung", "islandID": "1", "island": "Sumatera", "longitude": 105.262135, "latitude": -5.414201 }, "geometry": { "type": "Polygon", "coordinates": [ [ [ 105.121125540388832, -5.276637758437155 ], [ 105.129390526807185, -5.241726653072998 ], [ 105.467974217164993, -5.293979081008558 ], [ 105.282641536699671, -5.676585567895232 ], [ 105.121125540388832, -5.276637758437155 ] ] ] } },
{ "type": "Feature", "properties": { "districtID": "1872", "district": "Kota Metro", "distr_t_en": "Metro City", "provinceID": "18", "province": "Lampung", "islandID": "1", "island": "Sumatera", "longitude": 105.307955, "latitude": -5.117295 }, "geometry": { "type": "Polygon", "coordinates": [ [ [ 105.008132532046972, -5.034419936790901 ], [ 105.014273388280643, -5.024827573169215 ], [ 105.485291633041129, -4.959935424578223 ], [ 105.47150717846219, -5.292324559168695 ], [ 105.467974217164993, -5.293979081008558 ], [ 105.129390526807185, -5.241726653072998 ], [ 105.008132532046972, -5.034419936790901 ] ] ] } },
{ "type": "Feature", "properties": { "districtID": "1901", "district": "Bangka", "distr_t_en": "Bangka", "provinceID": "19", "province": "Kepulauan Bangka Belitung", "islandID": "1", "island": "Sumatera", "longitude": 105.919639, "latitude": -1.904313 }, "geometry": { "type": "Polygon", "coordinates": [ [ [ 105.689039854695096, -2.314740417220207 ], [ 105.747889559576635, -0.628875353640153 ], [ 106.632002336215209, 0.103014144459303 ], [ 106.846884318811149, 0.192742858797512 ], [ 106.910610127185365, 0.121672407127111 ], [ 107.454235132394302, -0.657721287992851 ], [ 105.689039854695096, -2.314740417220207 ] ] ] } },
{ "type": "Feature", "properties": { "districtID": "1902", "district": "Belitung", "distr_t_en": "Belitung", "provinceID": "19", "province": "Kepulauan Bangka Belitung", "islandID": "1", "island": "Sumatera", "longitude": 107.7102, "latitude": -2.867634 }, "geometry": { "type": "Polygon", "coordinates": [ [ [ 106.946494910172603, -4.095334192085033 ], [ 107.060648341146035, -2.349550263074542 ], [ 107.196768480042365, -1.887790842373658 ], [ 107.643290382018051, -0.945934080511039 ], [ 107.893052228986392, -1.088442680075822 ], [ 108.080051532682845, -1.226678991746811 ], [ 107.684303618792669, -4.499829239518615 ], [ 107.05120529034771, -4.247131927161186 ], [ 106.946494910172603, -4.095334192085033 ] ] ] } },
{ "type": "Feature", "properties": { "districtID": "1903", "district": "Bangka Barat", "distr_t_en": "West Bangka", "provinceID": "19", "province": "Kepulauan Bangka Belitung", "islandID": "1", "island": "Sumatera", "longitude": 105.487621, "latitude": -1.889232 }, "geometry": { "type": "Polygon", "coordinates": [ [ [ 104.67350371306658, -1.678750096516273 ], [ 104.924420422023999, -1.103352422857711 ], [ 105.747889559576635, -0.628875353640153 ], [ 105.689039854695096, -2.314740417220207 ], [ 105.632577337099036, -2.47436023069997 ], [ 105.51837884162201, -2.631254112823962 ], [ 105.418966046367416, -2.625163951032633 ], [ 104.67350371306658, -1.678750096516273 ] ] ] } },
{ "type": "Feature", "properties": { "districtID": "1904", "district": "Bangka Tengah", "distr_t_en": "Central Bangka", "provinceID": "19", "province": "Kepulauan Bangka Belitung", "islandID": "1", "island": "Sumatera", "longitude": 106.233935, "latitude": -2.432452 }, "geometry": { "type": "Polygon", "coordinates": [ [ [ 105.51837884162201, -2.631254112823962 ], [ 105.632577337099036, -2.47436023069997 ], [ 107.196768480042365, -1.887790842373658 ], [ 107.060648341146035, -2.349550263074542 ], [ 105.706549752729273, -2.800262326922839 ], [ 105.51837884162201, -2.631254112823962 ] ] ] } },
{ "type": "Feature", "properties": { "districtID": "1905", "district": "Bangka Selatan", "distr_t_en": "South Bangka", "provinceID": "19", "province": "Kepulauan Bangka Belitung", "islandID": "1", "island": "Sumatera", "longitude": 106.349163, "latitude": -2.778638 }, "geometry": { "type": "Polygon", "coordinates": [ [ [ 105.706549752729273, -2.800262326922839 ], [ 107.060648341146035, -2.349550263074542 ], [ 106.946494910172603, -4.095334192085033 ], [ 106.378385474893363, -3.802625734904387 ], [ 106.271931091671917, -3.71970012451783 ], [ 105.706549752729273, -2.800262326922839 ] ] ] } },
{ "type": "Feature", "properties": { "districtID": "1906", "district": "Belitung Timur", "distr_t_en": "East Belitung", "provinceID": "19", "province": "Kepulauan Bangka Belitung", "islandID": "1", "island": "Sumatera", "longitude": 108.048156, "latitude": -2.908495 }, "geometry": { "type": "Polygon", "coordinates": [ [ [ 107.684303618792669, -4.499829239518615 ], [ 108.080051532682845, -1.226678991746811 ], [ 108.349751192453439, -1.38659572064094 ], [ 109.432856976475989, -2.483605206022361 ], [ 109.612375343720117, -2.843618484402759 ], [ 109.770161385210614, -4.458341228521102 ], [ 109.558445229190696, -4.616519001881403 ], [ 109.526502388250364, -4.629576972342273 ], [ 108.162591232130637, -4.676160175365409 ], [ 107.926334650092315, -4.627136401656631 ], [ 107.684303618792669, -4.499829239518615 ] ] ] } },
{ "type": "Feature", "properties": { "districtID": "1971", "district": "Kota Pangkal Pinang", "distr_t_en": "Pangkal Pinang City", "provinceID": "19", "province": "Kepulauan Bangka Belitung", "islandID": "1", "island": "Sumatera", "longitude": 106.113212, "latitude": -2.110523 }, "geometry": { "type": "Polygon", "coordinates": [ [ [ 105.632577337099036, -2.47436023069997 ], [ 105.689039854695096, -2.314740417220207 ], [ 107.454235132394302, -0.657721287992851 ], [ 107.466074655470962, -0.67234327991606 ], [ 107.643290382018051, -0.945934080511039 ], [ 107.196768480042365, -1.887790842373658 ], [ 105.632577337099036, -2.47436023069997 ] ] ] } },
{ "type": "Feature", "properties": { "districtID": "2101", "district": "Karimun", "distr_t_en": "Karimun", "provinceID": "21", "province": "Kepulauan Riau", "islandID": "2", "island": "Sumatera", "longitude": 103.531049, "latitude": 0.825563 }, "geometry": { "type": "Polygon", "coordinates": [ [ [ 102.990511761224695, 0.41982317508827 ], [ 103.397938024263809, 2.441334767189502 ], [ 103.965791116386782, 0.241696589483752 ], [ 103.842416081751423, 0.124402093011907 ], [ 102.990511761224695, 0.41982317508827 ] ] ] } },
{ "type": "Feature", "properties": { "districtID": "2102", "district": "Bintan", "distr_t_en": "Bintan", "provinceID": "21", "province": "Kepulauan Riau", "islandID": "2", "island": "Sumatera", "longitude": 104.703679, "latitude": 1.007664 }, "geometry": { "type": "Polygon", "coordinates": [ [ [ 104.258218935244273, 2.784322647795827 ], [ 106.871535956260985, 1.07452196660476 ], [ 106.846884318811149, 0.192742858797512 ], [ 106.632002336215209, 0.103014144459303 ], [ 104.840640780742518, 0.36046228183643 ], [ 104.341646218155972, 1.587599867385036 ], [ 104.258218935244273, 2.784322647795827 ] ] ] } },
{ "type": "Feature", "properties": { "districtID": "2103", "district": "Natuna", "distr_t_en": "Natuna", "provinceID": "21", "province": "Kepulauan Riau", "islandID": "2", "island": "Sumatera", "longitude": 108.26024, "latitude": 3.78245 }, "geometry": { "type": "Polygon", "coordinates": [ [ [ 106.114246365738111, 6.747645941745089 ], [ 112.374395579244265, 6.747645941745089 ], [ 112.406639039919114, 5.555950225439398 ], [ 112.321395370210169, 5.053727773235932 ], [ 111.551692575821633, 3.871026955599191 ], [ 107.646906689238122, 2.068119744060384 ], [ 107.598979277309766, 2.055342094428521 ], [ 106.114246365738111, 6.747645941745089 ] ] ] } },
{ "type": "Feature", "properties": { "districtID": "2104", "district": "Lingga", "distr_t_en": "Lingga", "provinceID": "21", "province": "Kepulauan Riau", "islandID": "2", "island": "Sumatera", "longitude": 104.526959, "latitude": -0.221975 }, "geometry": { "type": "Polygon", "coordinates": [ [ [ 103.842416081751423, 0.124402093011907 ], [ 103.965791116386782, 0.241696589483752 ], [ 104.213474470184963, 0.338548224351751 ], [ 104.840640780742518, 0.36046228183643 ], [ 106.632002336215209, 0.103014144459303 ], [ 105.747889559576635, -0.628875353640153 ], [ 104.924420422023999, -1.103352422857711 ], [ 103.847681347522482, -0.500648798376327 ], [ 103.842416081751423, 0.124402093011907 ] ] ] } },
{ "type": "Feature", "properties": { "districtID": "2105", "district": "Kepulauan Anambas", "distr_t_en": "Anambas Islands", "provinceID": "21", "province": "Kepulauan Riau", "islandID": "2", "island": "Sumatera", "longitude": 106.064572, "latitude": 3.0877 }, "geometry": { "type": "Polygon", "coordinates": [ [ [ 102.856217725824365, 6.747645941745089 ], [ 106.114246365738111, 6.747645941745089 ], [ 107.598979277309766, 2.055342094428521 ], [ 106.871535956260985, 1.07452196660476 ], [ 104.258218935244273, 2.784322647795827 ], [ 103.429883924122691, 3.56444306535349 ], [ 103.340525869118565, 3.710851568412229 ], [ 102.881983178161107, 5.441743019074137 ], [ 102.856217725824365, 6.747645941745089 ] ] ] } },
{ "type": "Feature", "properties": { "districtID": "2171", "district": "Kota Batam", "distr_t_en": "Batam City", "provinceID": "21", "province": "Kepulauan Riau", "islandID": "2", "island": "Sumatera", "longitude": 104.063583, "latitude": 0.963041 }, "geometry": { "type": "Polygon", "coordinates": [ [ [ 103.397938024263809, 2.441334767189502 ], [ 103.429883924122691, 3.56444306535349 ], [ 104.258218935244273, 2.784322647795827 ], [ 104.341646218155972, 1.587599867385036 ], [ 104.213474470184963, 0.338548224351751 ], [ 103.965791116386782, 0.241696589483752 ], [ 103.397938024263809, 2.441334767189502 ] ] ] } },
{ "type": "Feature", "properties": { "districtID": "2172", "district": "Kota Tanjung Pinang", "distr_t_en": "Tanjung Pinang City", "provinceID": "21", "province": "Kepulauan Riau", "islandID": "2", "island": "Sumatera", "longitude": 104.487072, "latitude": 0.919584 }, "geometry": { "type": "Polygon", "coordinates": [ [ [ 104.213474470184963, 0.338548224351751 ], [ 104.341646218155972, 1.587599867385036 ], [ 104.840640780742518, 0.36046228183643 ], [ 104.213474470184963, 0.338548224351751 ] ] ] } },
{ "type": "Feature", "properties": { "districtID": "3101", "district": "Administrasi Kepulauan Seribu", "distr_t_en": "Kepulauan Seribu", "provinceID": "31", "province": "DKI Jakarta", "islandID": "3", "island": "Jawa", "longitude": 106.579177, "latitude": -5.701256 }, "geometry": { "type": "Polygon", "coordinates": [ [ [ 106.089704268855783, -5.456144136621982 ], [ 106.622265638999778, -4.586775932357636 ], [ 107.05120529034771, -4.247131927161186 ], [ 107.684303618792669, -4.499829239518615 ], [ 107.926334650092315, -4.627136401656631 ], [ 107.349730622274024, -5.438127467835189 ], [ 107.206857959285387, -5.587614386746134 ], [ 106.730915446630391, -5.908811559247222 ], [ 106.653130679227289, -5.937158831396956 ], [ 106.602915271036011, -5.944727549022398 ], [ 106.376682477790069, -5.915927639166247 ], [ 106.287558096050702, -5.828839204303246 ], [ 106.089704268855783, -5.456144136621982 ] ] ] } },
{ "type": "Feature", "properties": { "districtID": "3171", "district": "Kota Administrasi Jakarta Selatan", "distr_t_en": "South Jakarta City", "provinceID": "31", "province": "DKI Jakarta", "islandID": "3", "island": "Jawa", "longitude": 106.81004, "latitude": -6.272613 }, "geometry": { "type": "Polygon", "coordinates": [ [ [ 106.744746363247884, -6.23878144929399 ], [ 106.783847649596837, -6.216279266671641 ], [ 106.849634811741225, -6.234334831218781 ], [ 106.868513923423222, -6.331380161927705 ], [ 106.772881358659092, -6.336640827674625 ], [ 106.744746363247884, -6.23878144929399 ] ] ] } },
{ "type": "Feature", "properties": { "districtID": "3172", "district": "Kota Administrasi Jakarta Timur", "distr_t_en": "East Jakarta City", "provinceID": "31", "province": "DKI Jakarta", "islandID": "3", "island": "Jawa", "longitude": 106.900692, "latitude": -6.254977 }, "geometry": { "type": "Polygon", "coordinates": [ [ [ 106.849634811741225, -6.234334831218781 ], [ 106.904573827489969, -6.185505185281944 ], [ 106.972882977086684, -6.167293583881128 ], [ 106.907934579185962, -6.354785703226855 ], [ 106.868513923423222, -6.331380161927705 ], [ 106.849634811741225, -6.234334831218781 ] ] ] } },
{ "type": "Feature", "properties": { "districtID": "3173", "district": "Kota Administrasi Jakarta Pusat", "distr_t_en": "Central Jakarta City", "provinceID": "31", "province": "DKI Jakarta", "islandID": "3", "island": "Jawa", "longitude": 106.835126, "latitude": -6.181208 }, "geometry": { "type": "Polygon", "coordinates": [ [ [ 106.783847649596837, -6.216279266671641 ], [ 106.80056496660815, -6.124865646771491 ], [ 106.904573827489969, -6.185505185281944 ], [ 106.849634811741225, -6.234334831218781 ], [ 106.783847649596837, -6.216279266671641 ] ] ] } },
{ "type": "Feature", "properties": { "districtID": "3174", "district": "Kota Administrasi Jakarta Barat", "distr_t_en": "West Jakarta City", "provinceID": "31", "province": "DKI Jakarta", "islandID": "3", "island": "Jawa", "longitude": 106.7483, "latitude": -6.16533 }, "geometry": { "type": "Polygon", "coordinates": [ [ [ 106.653130679227289, -5.937158831396956 ], [ 106.730915446630391, -5.908811559247222 ], [ 106.80056496660815, -6.124865646771491 ], [ 106.783847649596837, -6.216279266671641 ], [ 106.744746363247884, -6.23878144929399 ], [ 106.710783888102043, -6.228624796976435 ], [ 106.653130679227289, -5.937158831396956 ] ] ] } },
{ "type": "Feature", "properties": { "districtID": "3175", "district": "Kota Administrasi Jakarta Utara", "distr_t_en": "North Jakarta City", "provinceID": "31", "province": "DKI Jakarta", "islandID": "3", "island": "Jawa", "longitude": 106.866622, "latitude": -6.127186 }, "geometry": { "type": "Polygon", "coordinates": [ [ [ 106.730915446630391, -5.908811559247222 ], [ 107.206857959285387, -5.587614386746134 ], [ 107.004557143918021, -6.144878016168466 ], [ 106.972882977086684, -6.167293583881128 ], [ 106.904573827489969, -6.185505185281944 ], [ 106.80056496660815, -6.124865646771491 ], [ 106.730915446630391, -5.908811559247222 ] ] ] } },
{ "type": "Feature", "properties": { "districtID": "3201", "district": "Bogor", "distr_t_en": "Bogor", "provinceID": "32", "province": "Jawa Barat", "islandID": "3", "island": "Jawa", "longitude": 106.767046, "latitude": -6.559833 }, "geometry": { "type": "Polygon", "coordinates": [ [ [ 106.473571212455084, -6.492008833819422 ], [ 106.680501916576659, -6.444107642097895 ], [ 106.863340199507491, -6.499746554358152 ], [ 106.553653877511252, -6.796985552838474 ], [ 106.518204777720072, -6.792903363432044 ], [ 106.473571212455084, -6.492008833819422 ] ] ] } },
{ "type": "Feature", "properties": { "districtID": "3202", "district": "Sukabumi", "distr_t_en": "Sukabumi", "provinceID": "32", "province": "Jawa Barat", "islandID": "3", "island": "Jawa", "longitude": 106.707556, "latitude": -7.076435 }, "geometry": { "type": "Polygon", "coordinates": [ [ [ 103.805056895172811, -11.635912426951478 ], [ 105.877647868591339, -7.523134128144971 ], [ 106.518204777720072, -6.792903363432044 ], [ 106.553653877511252, -6.796985552838474 ], [ 106.700580207110846, -6.824914326993047 ], [ 106.924152646418477, -7.180035146976446 ], [ 106.638054224944327, -9.544433640813081 ], [ 106.089950910748072, -11.635912426951478 ], [ 103.805056895172811, -11.635912426951478 ] ] ] } },
{ "type": "Feature", "properties": { "districtID": "3203", "district": "Cianjur", "distr_t_en": "Cianjur", "provinceID": "32", "province": "Jawa Barat", "islandID": "3", "island": "Jawa", "longitude": 107.159208, "latitude": -7.131086 }, "geometry": { "type": "Polygon", "coordinates": [ [ [ 106.638054224944327, -9.544433640813081 ], [ 106.924152646418477, -7.180035146976446 ], [ 107.166367780728578, -6.882456166831931 ], [ 107.383913884416316, -7.113700452054765 ], [ 107.407289744387356, -7.42767607099286 ], [ 106.638054224944327, -9.544433640813081 ] ] ] } },
{ "type": "Feature", "properties": { "districtID": "3204", "district": "Bandung", "distr_t_en": "Bandung", "provinceID": "32", "province": "Jawa Barat", "islandID": "3", "island": "Jawa", "longitude": 107.608717, "latitude": -7.097619 }, "geometry": { "type": "Polygon", "coordinates": [ [ [ 107.383913884416316, -7.113700452054765 ], [ 107.483230751586575, -7.020808584606312 ], [ 107.556273906168329, -6.998054234067595 ], [ 107.856335259269827, -7.044955658817484 ], [ 107.89318676513237, -7.095275219986925 ], [ 107.407289744387356, -7.42767607099286 ], [ 107.383913884416316, -7.113700452054765 ] ] ] } },
{ "type": "Feature", "properties": { "districtID": "3205", "district": "Garut", "distr_t_en": "Garut", "provinceID": "32", "province": "Jawa Barat", "islandID": "3", "island": "Jawa", "longitude": 107.787908, "latitude": -7.359557 }, "geometry": { "type": "Polygon", "coordinates": [ [ [ 106.089950910748072, -11.635912426951478 ], [ 106.638054224944327, -9.544433640813081 ], [ 107.407289744387356, -7.42767607099286 ], [ 107.89318676513237, -7.095275219986925 ], [ 108.004018771453374, -7.135350007865611 ], [ 108.003585272476585, -7.328133187567199 ], [ 106.331347568598659, -11.635912426951478 ], [ 106.089950910748072, -11.635912426951478 ] ] ] } },
{ "type": "Feature", "properties": { "districtID": "3206", "district": "Tasikmalaya", "distr_t_en": "Tasikmalaya", "provinceID": "32", "province": "Jawa Barat", "islandID": "3", "island": "Jawa", "longitude": 108.141572, "latitude": -7.496846 }, "geometry": { "type": "Polygon", "coordinates": [ [ [ 106.331347568598659, -11.635912426951478 ], [ 108.003585272476585, -7.328133187567199 ], [ 108.346026883665203, -7.522937244329498 ], [ 106.831591109043174, -11.635912426951478 ], [ 106.331347568598659, -11.635912426951478 ] ] ] } },
{ "type": "Feature", "properties": { "districtID": "3207", "district": "Ciamis", "distr_t_en": "Ciamis", "provinceID": "32", "province": "Jawa Barat", "islandID": "3", "island": "Jawa", "longitude": 108.428672, "latitude": -7.290311 }, "geometry": { "type": "Polygon", "coordinates": [ [ [ 108.244434268067081, -7.088273693218909 ], [ 108.312413210000301, -7.063742573845613 ], [ 108.587995944088931, -7.18971074182569 ], [ 108.406007661579594, -7.480591713472501 ], [ 108.37830693574827, -7.487803327399731 ], [ 108.244434268067081, -7.088273693218909 ] ] ] } },
{ "type": "Feature", "properties": { "districtID": "3208", "district": "Kuningan", "distr_t_en": "Kuningan", "provinceID": "32", "province": "Jawa Barat", "islandID": "3", "island": "Jawa", "longitude": 108.559817, "latitude": -7.003404 }, "geometry": { "type": "Polygon", "coordinates": [ [ [ 108.312413210000301, -7.063742573845613 ], [ 108.427562315104851, -6.878647985537402 ], [ 108.771150360113424, -6.868442234684347 ], [ 108.719919173192466, -7.187099497184294 ], [ 108.587995944088931, -7.18971074182569 ], [ 108.312413210000301, -7.063742573845613 ] ] ] } },
{ "type": "Feature", "properties": { "districtID": "3209", "district": "Cirebon", "distr_t_en": "Cirebon", "provinceID": "32", "province": "Jawa Barat", "islandID": "3", "island": "Jawa", "longitude": 108.552179, "latitude": -6.746262 }, "geometry": { "type": "Polygon", "coordinates": [ [ [ 108.386460162999953, -6.702635087363818 ], [ 108.819828292828731, -6.810420016000529 ], [ 108.771150360113424, -6.868442234684347 ], [ 108.427562315104851, -6.878647985537402 ], [ 108.386460162999953, -6.702635087363818 ] ] ] } },
{ "type": "Feature", "properties": { "districtID": "3210", "district": "Majalengka", "distr_t_en": "Majalengka", "provinceID": "32", "province": "Jawa Barat", "islandID": "3", "island": "Jawa", "longitude": 108.257202, "latitude": -6.815144 }, "geometry": { "type": "Polygon", "coordinates": [ [ [ 108.11348726011704, -6.655224272811243 ], [ 108.360041118358879, -6.59608958525152 ], [ 108.386460162999953, -6.702635087363818 ], [ 108.427562315104851, -6.878647985537402 ], [ 108.312413210000301, -7.063742573845613 ], [ 108.244434268067081, -7.088273693218909 ], [ 108.128322099320883, -7.08016579747756 ], [ 108.11348726011704, -6.655224272811243 ] ] ] } },
{ "type": "Feature", "properties": { "districtID": "3211", "district": "Sumedang", "distr_t_en": "Sumedang", "provinceID": "32", "province": "Jawa Barat", "islandID": "3", "island": "Jawa", "longitude": 107.981274, "latitude": -6.824777 }, "geometry": { "type": "Polygon", "coordinates": [ [ [ 107.767329025940739, -6.720194762339295 ], [ 107.960021867672083, -6.578848816758575 ], [ 108.11348726011704, -6.655224272811243 ], [ 108.128322099320883, -7.08016579747756 ], [ 108.004018771453374, -7.135350007865611 ], [ 107.89318676513237, -7.095275219986925 ], [ 107.856335259269827, -7.044955658817484 ], [ 107.767329025940739, -6.720194762339295 ] ] ] } },
{ "type": "Feature", "properties": { "districtID": "3212", "district": "Indramayu", "distr_t_en": "Indramayu", "provinceID": "32", "province": "Jawa Barat", "islandID": "3", "island": "Jawa", "longitude": 108.169028, "latitude": -6.447514 }, "geometry": { "type": "Polygon", "coordinates": [ [ [ 107.893653131010211, -5.798907789437477 ], [ 108.162591232130637, -4.676160175365409 ], [ 109.526502388250364, -4.629576972342273 ], [ 109.488095391270974, -4.759478942501057 ], [ 109.101360019751795, -5.627816492910493 ], [ 108.360041118358879, -6.59608958525152 ], [ 108.11348726011704, -6.655224272811243 ], [ 107.960021867672083, -6.578848816758575 ], [ 107.893653131010211, -5.798907789437477 ] ] ] } },
{ "type": "Feature", "properties": { "districtID": "3213", "district": "Subang", "distr_t_en": "Subang", "provinceID": "32", "province": "Jawa Barat", "islandID": "3", "island": "Jawa", "longitude": 107.73183, "latitude": -6.484717 }, "geometry": { "type": "Polygon", "coordinates": [ [ [ 107.527576493847704, -6.393699434746553 ], [ 107.893653131010211, -5.798907789437477 ], [ 107.960021867672083, -6.578848816758575 ], [ 107.767329025940739, -6.720194762339295 ], [ 107.662002841450771, -6.697111248501607 ], [ 107.634198832948002, -6.684030698705863 ], [ 107.527576493847704, -6.393699434746553 ] ] ] } },
{ "type": "Feature", "properties": { "districtID": "3214", "district": "Purwakarta", "distr_t_en": "Purwakarta", "provinceID": "32", "province": "Jawa Barat", "islandID": "3", "island": "Jawa", "longitude": 107.430777, "latitude": -6.595277 }, "geometry": { "type": "Polygon", "coordinates": [ [ [ 107.114838079181666, -6.67543175956001 ], [ 107.11514837818541, -6.565404116946558 ], [ 107.155562744588366, -6.506869499217099 ], [ 107.205893428234674, -6.465442715130171 ], [ 107.527576493847704, -6.393699434746553 ], [ 107.634198832948002, -6.684030698705863 ], [ 107.474297579506697, -6.745628221012257 ], [ 107.150826182467341, -6.728308969525968 ], [ 107.114838079181666, -6.67543175956001 ] ] ] } },
{ "type": "Feature", "properties": { "districtID": "3215", "district": "Karawang", "distr_t_en": "Karawang", "provinceID": "32", "province": "Jawa Barat", "islandID": "3", "island": "Jawa", "longitude": 107.354297, "latitude": -6.252356 }, "geometry": { "type": "Polygon", "coordinates": [ [ [ 107.205893428234674, -6.465442715130171 ], [ 107.349730622274024, -5.438127467835189 ], [ 107.926334650092315, -4.627136401656631 ], [ 108.162591232130637, -4.676160175365409 ], [ 107.893653131010211, -5.798907789437477 ], [ 107.527576493847704, -6.393699434746553 ], [ 107.205893428234674, -6.465442715130171 ] ] ] } },
{ "type": "Feature", "properties": { "districtID": "3216", "district": "Bekasi", "distr_t_en": "Bekasi", "provinceID": "32", "province": "Jawa Barat", "islandID": "3", "island": "Jawa", "longitude": 107.121719, "latitude": -6.219793 }, "geometry": { "type": "Polygon", "coordinates": [ [ [ 107.004557143918021, -6.144878016168466 ], [ 107.206857959285387, -5.587614386746134 ], [ 107.349730622274024, -5.438127467835189 ], [ 107.205893428234674, -6.465442715130171 ], [ 107.155562744588366, -6.506869499217099 ], [ 107.004557143918021, -6.144878016168466 ] ] ] } },
{ "type": "Feature", "properties": { "districtID": "3217", "district": "Bandung Barat", "distr_t_en": "West Bandung", "provinceID": "32", "province": "Jawa Barat", "islandID": "3", "island": "Jawa", "longitude": 107.414971, "latitude": -6.890473 }, "geometry": { "type": "Polygon", "coordinates": [ [ [ 107.150826182467341, -6.728308969525968 ], [ 107.474297579506697, -6.745628221012257 ], [ 107.483230751586575, -7.020808584606312 ], [ 107.383913884416316, -7.113700452054765 ], [ 107.166367780728578, -6.882456166831931 ], [ 107.150826182467341, -6.728308969525968 ] ] ] } },
{ "type": "Feature", "properties": { "districtID": "3218", "district": "Pangandaran", "distr_t_en": "Pangandaran", "provinceID": "32", "province": "Jawa Barat", "islandID": "3", "island": "Jawa", "longitude": 108.518582, "latitude": -7.635665 }, "geometry": { "type": "Polygon", "coordinates": [ [ [ 106.831591109043174, -11.635912426951478 ], [ 108.346026883665203, -7.522937244329498 ], [ 108.37830693574827, -7.487803327399731 ], [ 108.406007661579594, -7.480591713472501 ], [ 108.693278881182152, -7.534596424431394 ], [ 109.053857170042875, -8.447616369453009 ], [ 109.014522385450789, -10.683694087960925 ], [ 109.013101522567013, -10.696488643172932 ], [ 108.877183380823595, -11.635912426951478 ], [ 106.831591109043174, -11.635912426951478 ] ] ] } },
{ "type": "Feature", "properties": { "districtID": "3271", "district": "Kota Bogor", "distr_t_en": "Bogor City", "provinceID": "32", "province": "Jawa Barat", "islandID": "3", "island": "Jawa", "longitude": 106.799357, "latitude": -6.593496 }, "geometry": { "type": "Polygon", "coordinates": [ [ [ 106.553653877511252, -6.796985552838474 ], [ 106.863340199507491, -6.499746554358152 ], [ 107.023770373432555, -6.51396250029346 ], [ 107.11514837818541, -6.565404116946558 ], [ 107.114838079181666, -6.67543175956001 ], [ 106.700580207110846, -6.824914326993047 ], [ 106.553653877511252, -6.796985552838474 ] ] ] } },
{ "type": "Feature", "properties": { "districtID": "3272", "district": "Kota Sukabumi", "distr_t_en": "Sukabumi City", "provinceID": "32", "province": "Jawa Barat", "islandID": "3", "island": "Jawa", "longitude": 106.924368, "latitude": -6.939937 }, "geometry": { "type": "Polygon", "coordinates": [ [ [ 106.700580207110846, -6.824914326993047 ], [ 107.114838079181666, -6.67543175956001 ], [ 107.150826182467341, -6.728308969525968 ], [ 107.166367780728578, -6.882456166831931 ], [ 106.924152646418477, -7.180035146976446 ], [ 106.700580207110846, -6.824914326993047 ] ] ] } },
{ "type": "Feature", "properties": { "districtID": "3273", "district": "Kota Bandung", "distr_t_en": "Bandung City", "provinceID": "32", "province": "Jawa Barat", "islandID": "3", "island": "Jawa", "longitude": 107.636599, "latitude": -6.919241 }, "geometry": { "type": "Polygon", "coordinates": [ [ [ 107.556273906168329, -6.998054234067595 ], [ 107.662002841450771, -6.697111248501607 ], [ 107.767329025940739, -6.720194762339295 ], [ 107.856335259269827, -7.044955658817484 ], [ 107.556273906168329, -6.998054234067595 ] ] ] } },
{ "type": "Feature", "properties": { "districtID": "3274", "district": "Kota Cirebon", "distr_t_en": "Cirebon City", "provinceID": "32", "province": "Jawa Barat", "islandID": "3", "island": "Jawa", "longitude": 108.553308, "latitude": -6.741722 }, "geometry": { "type": "Polygon", "coordinates": [ [ [ 108.360041118358879, -6.59608958525152 ], [ 109.101360019751795, -5.627816492910493 ], [ 108.83831053517045, -6.788766358685006 ], [ 108.819828292828731, -6.810420016000529 ], [ 108.386460162999953, -6.702635087363818 ], [ 108.360041118358879, -6.59608958525152 ] ] ] } },
{ "type": "Feature", "properties": { "districtID": "3275", "district": "Kota Bekasi", "distr_t_en": "Bekasi City", "provinceID": "32", "province": "Jawa Barat", "islandID": "3", "island": "Jawa", "longitude": 106.975365, "latitude": -6.280844 }, "geometry": { "type": "Polygon", "coordinates": [ [ [ 106.907934579185962, -6.354785703226855 ], [ 106.972882977086684, -6.167293583881128 ], [ 107.004557143918021, -6.144878016168466 ], [ 107.155562744588366, -6.506869499217099 ], [ 107.11514837818541, -6.565404116946558 ], [ 107.023770373432555, -6.51396250029346 ], [ 106.907934579185962, -6.354785703226855 ] ] ] } },
{ "type": "Feature", "properties": { "districtID": "3276", "district": "Kota Depok", "distr_t_en": "Depok City", "provinceID": "32", "province": "Jawa Barat", "islandID": "3", "island": "Jawa", "longitude": 106.816839, "latitude": -6.396207 }, "geometry": { "type": "Polygon", "coordinates": [ [ [ 106.680501916576659, -6.444107642097895 ], [ 106.772881358659092, -6.336640827674625 ], [ 106.868513923423222, -6.331380161927705 ], [ 106.907934579185962, -6.354785703226855 ], [ 107.023770373432555, -6.51396250029346 ], [ 106.863340199507491, -6.499746554358152 ], [ 106.680501916576659, -6.444107642097895 ] ] ] } },
{ "type": "Feature", "properties": { "districtID": "3277", "district": "Kota Cimahi", "distr_t_en": "Cimahi City", "provinceID": "32", "province": "Jawa Barat", "islandID": "3", "island": "Jawa", "longitude": 107.542893, "latitude": -6.88632 }, "geometry": { "type": "Polygon", "coordinates": [ [ [ 107.474297579506697, -6.745628221012257 ], [ 107.634198832948002, -6.684030698705863 ], [ 107.662002841450771, -6.697111248501607 ], [ 107.556273906168329, -6.998054234067595 ], [ 107.483230751586575, -7.020808584606312 ], [ 107.474297579506697, -6.745628221012257 ] ] ] } },
{ "type": "Feature", "properties": { "districtID": "3278", "district": "Kota Tasikmalaya", "distr_t_en": "Tasikmalaya City", "provinceID": "32", "province": "Jawa Barat", "islandID": "3", "island": "Jawa", "longitude": 108.219119, "latitude": -7.360527 }, "geometry": { "type": "Polygon", "coordinates": [ [ [ 108.003585272476585, -7.328133187567199 ], [ 108.004018771453374, -7.135350007865611 ], [ 108.128322099320883, -7.08016579747756 ], [ 108.244434268067081, -7.088273693218909 ], [ 108.37830693574827, -7.487803327399731 ], [ 108.346026883665203, -7.522937244329498 ], [ 108.003585272476585, -7.328133187567199 ] ] ] } },
{ "type": "Feature", "properties": { "districtID": "3279", "district": "Kota Banjar", "distr_t_en": "Banjar City", "provinceID": "32", "province": "Jawa Barat", "islandID": "3", "island": "Jawa", "longitude": 108.567211, "latitude": -7.376987 }, "geometry": { "type": "Polygon", "coordinates": [ [ [ 108.406007661579594, -7.480591713472501 ], [ 108.587995944088931, -7.18971074182569 ], [ 108.719919173192466, -7.187099497184294 ], [ 108.787049129470248, -7.264524530227432 ], [ 108.693278881182152, -7.534596424431394 ], [ 108.406007661579594, -7.480591713472501 ] ] ] } },
{ "type": "Feature", "properties": { "districtID": "3301", "district": "Cilacap", "distr_t_en": "Cilacap", "provinceID": "33", "province": "Jawa Tengah", "islandID": "3", "island": "Jawa", "longitude": 108.889892, "latitude": -7.489023 }, "geometry": { "type": "Polygon", "coordinates": [ [ [ 108.693278881182152, -7.534596424431394 ], [ 108.787049129470248, -7.264524530227432 ], [ 109.010949808486671, -7.285349628338453 ], [ 109.115459495604284, -8.177606062178954 ], [ 109.053857170042875, -8.447616369453009 ], [ 108.693278881182152, -7.534596424431394 ] ] ] } },
{ "type": "Feature", "properties": { "districtID": "3302", "district": "Banyumas", "distr_t_en": "Banyumas", "provinceID": "33", "province": "Jawa Tengah", "islandID": "3", "island": "Jawa", "longitude": 109.175797, "latitude": -7.455535 }, "geometry": { "type": "Polygon", "coordinates": [ [ [ 109.010949808486671, -7.285349628338453 ], [ 109.073767297400821, -7.245955408601443 ], [ 109.206432603525897, -7.240579275732209 ], [ 109.39205079862694, -7.565286207697199 ], [ 109.115459495604284, -8.177606062178954 ], [ 109.010949808486671, -7.285349628338453 ] ] ] } },
{ "type": "Feature", "properties": { "districtID": "3303", "district": "Purbalingga", "distr_t_en": "Purbalingga", "provinceID": "33", "province": "Jawa Tengah", "islandID": "3", "island": "Jawa", "longitude": 109.407206, "latitude": -7.323251 }, "geometry": { "type": "Polygon", "coordinates": [ [ [ 109.206432603525897, -7.240579275732209 ], [ 109.271643078902443, -7.18549925364387 ], [ 109.496268276033049, -7.176050282720196 ], [ 109.545799090593135, -7.215733525006394 ], [ 109.515252919792559, -7.487240175451479 ], [ 109.39205079862694, -7.565286207697199 ], [ 109.206432603525897, -7.240579275732209 ] ] ] } },
{ "type": "Feature", "properties": { "districtID": "3304", "district": "Banjarnegara", "distr_t_en": "Banjarnegara", "provinceID": "33", "province": "Jawa Tengah", "islandID": "3", "island": "Jawa", "longitude": 109.657037, "latitude": -7.351358 }, "geometry": { "type": "Polygon", "coordinates": [ [ [ 109.515252919792559, -7.487240175451479 ], [ 109.545799090593135, -7.215733525006394 ], [ 109.763403396103982, -7.188721081175204 ], [ 109.823227585304579, -7.225765822505368 ], [ 109.74747802783908, -7.517586924528612 ], [ 109.515252919792559, -7.487240175451479 ] ] ] } },
{ "type": "Feature", "properties": { "districtID": "3305", "district": "Kebumen", "distr_t_en": "Kebumen", "provinceID": "33", "province": "Jawa Tengah", "islandID": "3", "island": "Jawa", "longitude": 109.617358, "latitude": -7.654993 }, "geometry": { "type": "Polygon", "coordinates": [ [ [ 109.014522385450789, -10.683694087960925 ], [ 109.053857170042875, -8.447616369453009 ], [ 109.115459495604284, -8.177606062178954 ], [ 109.39205079862694, -7.565286207697199 ], [ 109.515252919792559, -7.487240175451479 ], [ 109.74747802783908, -7.517586924528612 ], [ 109.803696734011851, -7.585897579739052 ], [ 109.699987720523296, -8.382317050019815 ], [ 109.014522385450789, -10.683694087960925 ] ] ] } },
{ "type": "Feature", "properties": { "districtID": "3306", "district": "Purworejo", "distr_t_en": "Purworejo", "provinceID": "33", "province": "Jawa Tengah", "islandID": "3", "island": "Jawa", "longitude": 109.966126, "latitude": -7.700409 }, "geometry": { "type": "Polygon", "coordinates": [ [ [ 109.699987720523296, -8.382317050019815 ], [ 109.803696734011851, -7.585897579739052 ], [ 110.046558355102192, -7.535649839420173 ], [ 110.116530604117372, -7.615039372055247 ], [ 110.135723341053193, -7.642196397783337 ], [ 109.699987720523296, -8.382317050019815 ] ] ] } },
{ "type": "Feature", "properties": { "districtID": "3307", "district": "Wonosobo", "distr_t_en": "Wonosobo", "provinceID": "33", "province": "Jawa Tengah", "islandID": "3", "island": "Jawa", "longitude": 109.907351, "latitude": -7.416333 }, "geometry": { "type": "Polygon", "coordinates": [ [ [ 109.74747802783908, -7.517586924528612 ], [ 109.823227585304579, -7.225765822505368 ], [ 109.93572752487772, -7.212743397724282 ], [ 110.071104552263222, -7.408153091724049 ], [ 110.046558355102192, -7.535649839420173 ], [ 109.803696734011851, -7.585897579739052 ], [ 109.74747802783908, -7.517586924528612 ] ] ] } },
{ "type": "Feature", "properties": { "districtID": "3308", "district": "Magelang", "distr_t_en": "Magelang", "provinceID": "33", "province": "Jawa Tengah", "islandID": "3", "island": "Jawa", "longitude": 110.24721, "latitude": -7.501758 }, "geometry": { "type": "Polygon", "coordinates": [ [ [ 110.116530604117372, -7.615039372055247 ], [ 110.342050919836467, -7.372664539698508 ], [ 110.443454995429505, -7.527888619784781 ], [ 110.226693164531767, -7.665183468428623 ], [ 110.135723341053193, -7.642196397783337 ], [ 110.116530604117372, -7.615039372055247 ] ] ] } },
{ "type": "Feature", "properties": { "districtID": "3309", "district": "Boyolali", "distr_t_en": "Boyolali", "provinceID": "33", "province": "Jawa Tengah", "islandID": "3", "island": "Jawa", "longitude": 110.652486, "latitude": -7.416571 }, "geometry": { "type": "Polygon", "coordinates": [ [ [ 110.495162257439858, -7.533928447220594 ], [ 110.642557423523996, -7.245989015216247 ], [ 110.695736814693973, -7.180641855258488 ], [ 110.801354848195345, -7.27770226091061 ], [ 110.812889447057572, -7.396575427897517 ], [ 110.680343416693717, -7.556646090684088 ], [ 110.495162257439858, -7.533928447220594 ] ] ] } },
{ "type": "Feature", "properties": { "districtID": "3310", "district": "Klaten", "distr_t_en": "Klaten", "provinceID": "33", "province": "Jawa Tengah", "islandID": "3", "island": "Jawa", "longitude": 110.619454, "latitude": -7.685834 }, "geometry": { "type": "Polygon", "coordinates": [ [ [ 110.480310909542652, -7.539093503921204 ], [ 110.495162257439858, -7.533928447220594 ], [ 110.680343416693717, -7.556646090684088 ], [ 110.725896595762848, -7.629174610063742 ], [ 110.730826315305364, -7.842755582100428 ], [ 110.541710059091969, -7.838056823513323 ], [ 110.510694893291117, -7.773337633735908 ], [ 110.480310909542652, -7.539093503921204 ] ] ] } },
{ "type": "Feature", "properties": { "districtID": "3311", "district": "Sukoharjo", "distr_t_en": "Sukoharjo", "provinceID": "33", "province": "Jawa Tengah", "islandID": "3", "island": "Jawa", "longitude": 110.83484, "latitude": -7.680862 }, "geometry": { "type": "Polygon", "coordinates": [ [ [ 110.725896595762848, -7.629174610063742 ], [ 110.913954905979153, -7.611305586117972 ], [ 110.969217977676777, -7.764121045735164 ], [ 110.791945634461243, -7.886296271014183 ], [ 110.730826315305364, -7.842755582100428 ], [ 110.725896595762848, -7.629174610063742 ] ] ] } },
{ "type": "Feature", "properties": { "districtID": "3312", "district": "Wonogiri", "distr_t_en": "Wonogiri", "provinceID": "33", "province": "Jawa Tengah", "islandID": "3", "island": "Jawa", "longitude": 110.999193, "latitude": -7.919333 }, "geometry": { "type": "Polygon", "coordinates": [ [ [ 110.791945634461243, -7.886296271014183 ], [ 110.969217977676777, -7.764121045735164 ], [ 111.168195367821056, -7.777204861143684 ], [ 111.245630433535553, -7.885590117191836 ], [ 110.856938241025006, -8.223711806416873 ], [ 110.791945634461243, -7.886296271014183 ] ] ] } },
{ "type": "Feature", "properties": { "districtID": "3313", "district": "Karanganyar", "distr_t_en": "Karanganyar", "provinceID": "33", "province": "Jawa Tengah", "islandID": "3", "island": "Jawa", "longitude": 111.019259, "latitude": -7.61417 }, "geometry": { "type": "Polygon", "coordinates": [ [ [ 110.913954905979153, -7.611305586117972 ], [ 110.942920998950058, -7.510369105808534 ], [ 111.150471715447523, -7.469446091085214 ], [ 111.199735266788494, -7.560526078300306 ], [ 111.168195367821056, -7.777204861143684 ], [ 110.969217977676777, -7.764121045735164 ], [ 110.913954905979153, -7.611305586117972 ] ] ] } },
{ "type": "Feature", "properties": { "districtID": "3314", "district": "Sragen", "distr_t_en": "Sragen", "provinceID": "33", "province": "Jawa Tengah", "islandID": "3", "island": "Jawa", "longitude": 110.974145, "latitude": -7.38536 }, "geometry": { "type": "Polygon", "coordinates": [ [ [ 110.801354848195345, -7.27770226091061 ], [ 111.168308058359898, -7.213326316389356 ], [ 111.184457619126164, -7.234796350629214 ], [ 111.150471715447523, -7.469446091085214 ], [ 110.942920998950058, -7.510369105808534 ], [ 110.812889447057572, -7.396575427897517 ], [ 110.801354848195345, -7.27770226091061 ] ] ] } },
{ "type": "Feature", "properties": { "districtID": "3315", "district": "Grobogan", "distr_t_en": "Grobogan", "provinceID": "33", "province": "Jawa Tengah", "islandID": "3", "island": "Jawa", "longitude": 110.927181, "latitude": -7.117657 }, "geometry": { "type": "Polygon", "coordinates": [ [ [ 110.685195506171198, -7.149440165196622 ], [ 110.812486813092391, -6.969025844735791 ], [ 111.002073063363667, -6.935855701547872 ], [ 111.146445512262943, -6.980255382265527 ], [ 111.168308058359898, -7.213326316389356 ], [ 110.801354848195345, -7.27770226091061 ], [ 110.695736814693973, -7.180641855258488 ], [ 110.685195506171198, -7.149440165196622 ] ] ] } },
{ "type": "Feature", "properties": { "districtID": "3316", "district": "Blora", "distr_t_en": "Blora", "provinceID": "33", "province": "Jawa Tengah", "islandID": "3", "island": "Jawa", "longitude": 111.387438, "latitude": -7.074484 }, "geometry": { "type": "Polygon", "coordinates": [ [ [ 111.146445512262943, -6.980255382265527 ], [ 111.242768004660064, -6.879842881537692 ], [ 111.630707616400372, -6.975852736505447 ], [ 111.648305802591992, -7.049243980238672 ], [ 111.54981629729528, -7.278945033205407 ], [ 111.184457619126164, -7.234796350629214 ], [ 111.168308058359898, -7.213326316389356 ], [ 111.146445512262943, -6.980255382265527 ] ] ] } },
{ "type": "Feature", "properties": { "districtID": "3317", "district": "Rembang", "distr_t_en": "Rembang", "provinceID": "33", "province": "Jawa Tengah", "islandID": "3", "island": "Jawa", "longitude": 111.461521, "latitude": -6.775144 }, "geometry": { "type": "Polygon", "coordinates": [ [ [ 111.242768004660064, -6.879842881537692 ], [ 111.302978118615997, -6.084958757065761 ], [ 111.759563764170835, -4.684289787188249 ], [ 112.304372510168292, -4.724819032789018 ], [ 112.174700805303587, -5.661640246431795 ], [ 111.630707616400372, -6.975852736505447 ], [ 111.242768004660064, -6.879842881537692 ] ] ] } },
{ "type": "Feature", "properties": { "districtID": "3318", "district": "Pati", "distr_t_en": "Pati", "provinceID": "33", "province": "Jawa Tengah", "islandID": "3", "island": "Jawa", "longitude": 111.042282, "latitude": -6.743387 }, "geometry": { "type": "Polygon", "coordinates": [ [ [ 110.918275277120671, -6.627822101840111 ], [ 111.302978118615997, -6.084958757065761 ], [ 111.242768004660064, -6.879842881537692 ], [ 111.146445512262943, -6.980255382265527 ], [ 111.002073063363667, -6.935855701547872 ], [ 110.918275277120671, -6.627822101840111 ] ] ] } },
{ "type": "Feature", "properties": { "districtID": "3319", "district": "Kudus", "distr_t_en": "Kudus", "provinceID": "33", "province": "Jawa Tengah", "islandID": "3", "island": "Jawa", "longitude": 110.869903, "latitude": -6.790282 }, "geometry": { "type": "Polygon", "coordinates": [ [ [ 110.687838264406722, -6.72505369195629 ], [ 110.918275277120671, -6.627822101840111 ], [ 111.002073063363667, -6.935855701547872 ], [ 110.812486813092391, -6.969025844735791 ], [ 110.687838264406722, -6.72505369195629 ] ] ] } },
{ "type": "Feature", "properties": { "districtID": "3320", "district": "Jepara", "distr_t_en": "Jepara", "provinceID": "33", "province": "Jawa Tengah", "islandID": "3", "island": "Jawa", "longitude": 110.768146, "latitude": -6.549119 }, "geometry": { "type": "Polygon", "coordinates": [ [ [ 109.558445229190696, -4.616519001881403 ], [ 109.770161385210614, -4.458341228521102 ], [ 111.573902259397016, -4.637321836154111 ], [ 111.759563764170835, -4.684289787188249 ], [ 111.302978118615997, -6.084958757065761 ], [ 110.918275277120671, -6.627822101840111 ], [ 110.687838264406722, -6.72505369195629 ], [ 110.339490822103784, -6.595858238477772 ], [ 110.241982677057919, -6.518509731999736 ], [ 110.104565419616762, -6.347073744798664 ], [ 109.558445229190696, -4.616519001881403 ] ] ] } },
{ "type": "Feature", "properties": { "districtID": "3321", "district": "Demak", "distr_t_en": "Demak", "provinceID": "33", "province": "Jawa Tengah", "islandID": "3", "island": "Jawa", "longitude": 110.634003, "latitude": -6.910806 }, "geometry": { "type": "Polygon", "coordinates": [ [ [ 110.339490822103784, -6.595858238477772 ], [ 110.687838264406722, -6.72505369195629 ], [ 110.812486813092391, -6.969025844735791 ], [ 110.685195506171198, -7.149440165196622 ], [ 110.574729442792162, -7.10021103555172 ], [ 110.339490822103784, -6.595858238477772 ] ] ] } },
{ "type": "Feature", "properties": { "districtID": "3322", "district": "Semarang", "distr_t_en": "Semarang", "provinceID": "33", "province": "Jawa Tengah", "islandID": "3", "island": "Jawa", "longitude": 110.473516, "latitude": -7.270925 }, "geometry": { "type": "Polygon", "coordinates": [ [ [ 110.302751938793918, -7.319434605475521 ], [ 110.307869313448393, -7.188788649902337 ], [ 110.574729442792162, -7.10021103555172 ], [ 110.685195506171198, -7.149440165196622 ], [ 110.695736814693973, -7.180641855258488 ], [ 110.642557423523996, -7.245989015216247 ], [ 110.335828919495412, -7.360197211519774 ], [ 110.302751938793918, -7.319434605475521 ] ] ] } },
{ "type": "Feature", "properties": { "districtID": "3323", "district": "Temanggung", "distr_t_en": "Temanggung", "provinceID": "33", "province": "Jawa Tengah", "islandID": "3", "island": "Jawa", "longitude": 110.136306, "latitude": -7.257717 }, "geometry": { "type": "Polygon", "coordinates": [ [ [ 109.93572752487772, -7.212743397724282 ], [ 110.003207270463719, -7.134425504185905 ], [ 110.282653928566731, -7.161265079699593 ], [ 110.307869313448393, -7.188788649902337 ], [ 110.302751938793918, -7.319434605475521 ], [ 110.071104552263222, -7.408153091724049 ], [ 109.93572752487772, -7.212743397724282 ] ] ] } },
{ "type": "Feature", "properties": { "districtID": "3324", "district": "Kendal", "distr_t_en": "Kendal", "provinceID": "33", "province": "Jawa Tengah", "islandID": "3", "island": "Jawa", "longitude": 110.157339, "latitude": -7.038721 }, "geometry": { "type": "Polygon", "coordinates": [ [ [ 110.003207270463719, -7.134425504185905 ], [ 110.036961884714628, -6.570469112845041 ], [ 110.104565419616762, -6.347073744798664 ], [ 110.241982677057919, -6.518509731999736 ], [ 110.282653928566731, -7.161265079699593 ], [ 110.003207270463719, -7.134425504185905 ] ] ] } },
{ "type": "Feature", "properties": { "districtID": "3325", "district": "Batang", "distr_t_en": "Batang", "provinceID": "33", "province": "Jawa Tengah", "islandID": "3", "island": "Jawa", "longitude": 109.861591, "latitude": -7.02102 }, "geometry": { "type": "Polygon", "coordinates": [ [ [ 109.736025676853828, -7.005411736266984 ], [ 110.036961884714628, -6.570469112845041 ], [ 110.003207270463719, -7.134425504185905 ], [ 109.93572752487772, -7.212743397724282 ], [ 109.823227585304579, -7.225765822505368 ], [ 109.763403396103982, -7.188721081175204 ], [ 109.736025676853828, -7.005411736266984 ] ] ] } },
{ "type": "Feature", "properties": { "districtID": "3326", "district": "Pekalongan", "distr_t_en": "Pekalongan", "provinceID": "33", "province": "Jawa Tengah", "islandID": "3", "island": "Jawa", "longitude": 109.6205, "latitude": -7.057027 }, "geometry": { "type": "Polygon", "coordinates": [ [ [ 109.496268276033049, -7.176050282720196 ], [ 109.518298550386604, -6.930020117133298 ], [ 109.736025676853828, -7.005411736266984 ], [ 109.763403396103982, -7.188721081175204 ], [ 109.545799090593135, -7.215733525006394 ], [ 109.496268276033049, -7.176050282720196 ] ] ] } },
{ "type": "Feature", "properties": { "districtID": "3327", "district": "Pemalang", "distr_t_en": "Pemalang", "provinceID": "33", "province": "Jawa Tengah", "islandID": "3", "island": "Jawa", "longitude": 109.395159, "latitude": -7.036849 }, "geometry": { "type": "Polygon", "coordinates": [ [ [ 109.271643078902443, -7.18549925364387 ], [ 109.280990098858723, -6.910463195123233 ], [ 109.404051590354214, -6.705416710082276 ], [ 109.518298550386604, -6.930020117133298 ], [ 109.496268276033049, -7.176050282720196 ], [ 109.271643078902443, -7.18549925364387 ] ] ] } },
{ "type": "Feature", "properties": { "districtID": "3328", "district": "Tegal", "distr_t_en": "Tegal", "provinceID": "33", "province": "Jawa Tengah", "islandID": "3", "island": "Jawa", "longitude": 109.158504, "latitude": -7.028807 }, "geometry": { "type": "Polygon", "coordinates": [ [ [ 109.033738103266387, -6.976670005189977 ], [ 109.280990098858723, -6.910463195123233 ], [ 109.271643078902443, -7.18549925364387 ], [ 109.206432603525897, -7.240579275732209 ], [ 109.073767297400821, -7.245955408601443 ], [ 109.033738103266387, -6.976670005189977 ] ] ] } },
{ "type": "Feature", "properties": { "districtID": "3329", "district": "Brebes", "distr_t_en": "Brebes", "provinceID": "33", "province": "Jawa Tengah", "islandID": "3", "island": "Jawa", "longitude": 108.929532, "latitude": -7.062844 }, "geometry": { "type": "Polygon", "coordinates": [ [ [ 108.719919173192466, -7.187099497184294 ], [ 108.771150360113424, -6.868442234684347 ], [ 108.819828292828731, -6.810420016000529 ], [ 108.83831053517045, -6.788766358685006 ], [ 109.033738103266387, -6.976670005189977 ], [ 109.073767297400821, -7.245955408601443 ], [ 109.010949808486671, -7.285349628338453 ], [ 108.787049129470248, -7.264524530227432 ], [ 108.719919173192466, -7.187099497184294 ] ] ] } },
{ "type": "Feature", "properties": { "districtID": "3371", "district": "Kota Magelang", "distr_t_en": "Magelang City", "provinceID": "33", "province": "Jawa Tengah", "islandID": "3", "island": "Jawa", "longitude": 110.220116, "latitude": -7.476548 }, "geometry": { "type": "Polygon", "coordinates": [ [ [ 110.046558355102192, -7.535649839420173 ], [ 110.071104552263222, -7.408153091724049 ], [ 110.302751938793918, -7.319434605475521 ], [ 110.335828919495412, -7.360197211519774 ], [ 110.342050919836467, -7.372664539698508 ], [ 110.116530604117372, -7.615039372055247 ], [ 110.046558355102192, -7.535649839420173 ] ] ] } },
{ "type": "Feature", "properties": { "districtID": "3372", "district": "Kota Surakarta", "distr_t_en": "Surakarta City", "provinceID": "33", "province": "Jawa Tengah", "islandID": "3", "island": "Jawa", "longitude": 110.823156, "latitude": -7.557894 }, "geometry": { "type": "Polygon", "coordinates": [ [ [ 110.680343416693717, -7.556646090684088 ], [ 110.812889447057572, -7.396575427897517 ], [ 110.942920998950058, -7.510369105808534 ], [ 110.913954905979153, -7.611305586117972 ], [ 110.725896595762848, -7.629174610063742 ], [ 110.680343416693717, -7.556646090684088 ] ] ] } },
{ "type": "Feature", "properties": { "districtID": "3373", "district": "Kota Salatiga", "distr_t_en": "Salatiga City", "provinceID": "33", "province": "Jawa Tengah", "islandID": "3", "island": "Jawa", "longitude": 110.498372, "latitude": -7.33768 }, "geometry": { "type": "Polygon", "coordinates": [ [ [ 110.335828919495412, -7.360197211519774 ], [ 110.642557423523996, -7.245989015216247 ], [ 110.495162257439858, -7.533928447220594 ], [ 110.480310909542652, -7.539093503921204 ], [ 110.443454995429505, -7.527888619784781 ], [ 110.342050919836467, -7.372664539698508 ], [ 110.335828919495412, -7.360197211519774 ] ] ] } },
{ "type": "Feature", "properties": { "districtID": "3374", "district": "Kota Semarang", "distr_t_en": "Semarang City", "provinceID": "33", "province": "Jawa Tengah", "islandID": "3", "island": "Jawa", "longitude": 110.391523, "latitude": -7.023903 }, "geometry": { "type": "Polygon", "coordinates": [ [ [ 110.241982677057919, -6.518509731999736 ], [ 110.339490822103784, -6.595858238477772 ], [ 110.574729442792162, -7.10021103555172 ], [ 110.307869313448393, -7.188788649902337 ], [ 110.282653928566731, -7.161265079699593 ], [ 110.241982677057919, -6.518509731999736 ] ] ] } },
{ "type": "Feature", "properties": { "districtID": "3375", "district": "Kota Pekalongan", "distr_t_en": "Pekalongan City", "provinceID": "33", "province": "Jawa Tengah", "islandID": "3", "island": "Jawa", "longitude": 109.677156, "latitude": -6.893409 }, "geometry": { "type": "Polygon", "coordinates": [ [ [ 109.404051590354214, -6.705416710082276 ], [ 109.488095391270974, -4.759478942501057 ], [ 109.526502388250364, -4.629576972342273 ], [ 109.558445229190696, -4.616519001881403 ], [ 110.104565419616762, -6.347073744798664 ], [ 110.036961884714628, -6.570469112845041 ], [ 109.736025676853828, -7.005411736266984 ], [ 109.518298550386604, -6.930020117133298 ], [ 109.404051590354214, -6.705416710082276 ] ] ] } },
{ "type": "Feature", "properties": { "districtID": "3376", "district": "Kota Tegal", "distr_t_en": "Tegal City", "provinceID": "33", "province": "Jawa Tengah", "islandID": "3", "island": "Jawa", "longitude": 109.115756, "latitude": -6.869162 }, "geometry": { "type": "Polygon", "coordinates": [ [ [ 108.83831053517045, -6.788766358685006 ], [ 109.101360019751795, -5.627816492910493 ], [ 109.488095391270974, -4.759478942501057 ], [ 109.404051590354214, -6.705416710082276 ], [ 109.280990098858723, -6.910463195123233 ], [ 109.033738103266387, -6.976670005189977 ], [ 108.83831053517045, -6.788766358685006 ] ] ] } },
{ "type": "Feature", "properties": { "districtID": "3401", "district": "Kulon Progo", "distr_t_en": "Kulon Progo", "provinceID": "34", "province": "Daerah Istimewa Yogyakarta", "islandID": "3", "island": "Jawa", "longitude": 110.167113, "latitude": -7.818738 }, "geometry": { "type": "Polygon", "coordinates": [ [ [ 109.013101522567013, -10.696488643172932 ], [ 109.014522385450789, -10.683694087960925 ], [ 109.699987720523296, -8.382317050019815 ], [ 110.135723341053193, -7.642196397783337 ], [ 110.226693164531767, -7.665183468428623 ], [ 110.266066701417913, -7.74838792188836 ], [ 110.272448249077371, -7.834007448513194 ], [ 109.013101522567013, -10.696488643172932 ] ] ] } },
{ "type": "Feature", "properties": { "districtID": "3402", "district": "Bantul", "distr_t_en": "Bantul", "provinceID": "34", "province": "Daerah Istimewa Yogyakarta", "islandID": "3", "island": "Jawa", "longitude": 110.354877, "latitude": -7.901344 }, "geometry": { "type": "Polygon", "coordinates": [ [ [ 108.877183380823595, -11.635912426951478 ], [ 109.013101522567013, -10.696488643172932 ], [ 110.272448249077371, -7.834007448513194 ], [ 110.507470665854271, -7.880697007395348 ], [ 109.153883134642285, -11.635912426951478 ], [ 108.877183380823595, -11.635912426951478 ] ] ] } },
{ "type": "Feature", "properties": { "districtID": "3403", "district": "Gunung Kidul", "distr_t_en": "Gunung Kidul", "provinceID": "34", "province": "Daerah Istimewa Yogyakarta", "islandID": "3", "island": "Jawa", "longitude": 110.611798, "latitude": -7.993953 }, "geometry": { "type": "Polygon", "coordinates": [ [ [ 109.153883134642285, -11.635912426951478 ], [ 110.507470665854271, -7.880697007395348 ], [ 110.541710059091969, -7.838056823513323 ], [ 110.730826315305364, -7.842755582100428 ], [ 110.791945634461243, -7.886296271014183 ], [ 110.856938241025006, -8.223711806416873 ], [ 110.067426898776617, -11.635912426951478 ], [ 109.153883134642285, -11.635912426951478 ] ] ] } },
{ "type": "Feature", "properties": { "districtID": "3404", "district": "Sleman", "distr_t_en": "Sleman", "provinceID": "34", "province": "Daerah Istimewa Yogyakarta", "islandID": "3", "island": "Jawa", "longitude": 110.383211, "latitude": -7.716477 }, "geometry": { "type": "Polygon", "coordinates": [ [ [ 110.226693164531767, -7.665183468428623 ], [ 110.443454995429505, -7.527888619784781 ], [ 110.480310909542652, -7.539093503921204 ], [ 110.510694893291117, -7.773337633735908 ], [ 110.266066701417913, -7.74838792188836 ], [ 110.226693164531767, -7.665183468428623 ] ] ] } },
{ "type": "Feature", "properties": { "districtID": "3471", "district": "Kota Yogyakarta", "distr_t_en": "Yogyakarta City", "provinceID": "34", "province": "Daerah Istimewa Yogyakarta", "islandID": "3", "island": "Jawa", "longitude": 110.374356, "latitude": -7.803291 }, "geometry": { "type": "Polygon", "coordinates": [ [ [ 110.266066701417913, -7.74838792188836 ], [ 110.510694893291117, -7.773337633735908 ], [ 110.541710059091969, -7.838056823513323 ], [ 110.507470665854271, -7.880697007395348 ], [ 110.272448249077371, -7.834007448513194 ], [ 110.266066701417913, -7.74838792188836 ] ] ] } },
{ "type": "Feature", "properties": { "districtID": "3501", "district": "Pacitan", "distr_t_en": "Pacitan", "provinceID": "35", "province": "Jawa Timur", "islandID": "3", "island": "Jawa", "longitude": 111.178084, "latitude": -8.12498 }, "geometry": { "type": "Polygon", "coordinates": [ [ [ 110.067426898776617, -11.635912426951478 ], [ 110.856938241025006, -8.223711806416873 ], [ 111.245630433535553, -7.885590117191836 ], [ 111.255146372372906, -7.889287450224442 ], [ 111.403302132134868, -8.135248442309539 ], [ 111.124988955657159, -11.635912426951478 ], [ 110.067426898776617, -11.635912426951478 ] ] ] } },
{ "type": "Feature", "properties": { "districtID": "3502", "district": "Ponorogo", "distr_t_en": "Ponorogo", "provinceID": "35", "province": "Jawa Timur", "islandID": "3", "island": "Jawa", "longitude": 111.499522, "latitude": -7.93136 }, "geometry": { "type": "Polygon", "coordinates": [ [ [ 111.255146372372906, -7.889287450224442 ], [ 111.468290741568325, -7.776264696748235 ], [ 111.594463318607325, -7.787858554904566 ], [ 111.754820736499582, -7.864115585374133 ], [ 111.758778223292012, -7.883587036136852 ], [ 111.724736429878675, -7.956135884498799 ], [ 111.403302132134868, -8.135248442309539 ], [ 111.255146372372906, -7.889287450224442 ] ] ] } },
{ "type": "Feature", "properties": { "districtID": "3503", "district": "Trenggalek", "distr_t_en": "Trenggalek", "provinceID": "35", "province": "Jawa Timur", "islandID": "3", "island": "Jawa", "longitude": 111.627313, "latitude": -8.160695 }, "geometry": { "type": "Polygon", "coordinates": [ [ [ 111.124988955657159, -11.635912426951478 ], [ 111.403302132134868, -8.135248442309539 ], [ 111.724736429878675, -7.956135884498799 ], [ 111.9957224847779, -9.451960109448946 ], [ 112.101836715205749, -11.635912426951478 ], [ 111.124988955657159, -11.635912426951478 ] ] ] } },
{ "type": "Feature", "properties": { "districtID": "3504", "district": "Tulungagung", "distr_t_en": "Tulungagung", "provinceID": "35", "province": "Jawa Timur", "islandID": "3", "island": "Jawa", "longitude": 111.887729, "latitude": -8.113517 }, "geometry": { "type": "Polygon", "coordinates": [ [ [ 111.724736429878675, -7.956135884498799 ], [ 111.758778223292012, -7.883587036136852 ], [ 112.020395349155436, -8.000555605143273 ], [ 112.047968559257939, -8.411174460370137 ], [ 111.9957224847779, -9.451960109448946 ], [ 111.724736429878675, -7.956135884498799 ] ] ] } },
{ "type": "Feature", "properties": { "districtID": "3505", "district": "Blitar", "distr_t_en": "Blitar", "provinceID": "35", "province": "Jawa Timur", "islandID": "3", "island": "Jawa", "longitude": 112.237211, "latitude": -8.131061 }, "geometry": { "type": "Polygon", "coordinates": [ [ [ 111.9957224847779, -9.451960109448946 ], [ 112.047968559257939, -8.411174460370137 ], [ 112.307269059262637, -7.90937466574314 ], [ 112.310462796752574, -7.907811293481291 ], [ 112.423698936503001, -8.021112235432662 ], [ 112.438200790048086, -8.058962625337285 ], [ 112.482774307660989, -11.635912426951478 ], [ 112.101836715205749, -11.635912426951478 ], [ 111.9957224847779, -9.451960109448946 ] ] ] } },
{ "type": "Feature", "properties": { "districtID": "3506", "district": "Kediri", "distr_t_en": "Kediri", "provinceID": "35", "province": "Jawa Timur", "islandID": "3", "island": "Jawa", "longitude": 112.089214, "latitude": -7.828723 }, "geometry": { "type": "Polygon", "coordinates": [ [ [ 112.047575249215186, -7.985278731806567 ], [ 112.057267602652317, -7.684845901149785 ], [ 112.113797532311494, -7.64800170318817 ], [ 112.312308775628367, -7.770220795574326 ], [ 112.310462796752574, -7.907811293481291 ], [ 112.307269059262637, -7.90937466574314 ], [ 112.047575249215186, -7.985278731806567 ] ] ] } },
{ "type": "Feature", "properties": { "districtID": "3507", "district": "Malang", "distr_t_en": "Malang", "provinceID": "35", "province": "Jawa Timur", "islandID": "3", "island": "Jawa", "longitude": 112.640925, "latitude": -8.12603 }, "geometry": { "type": "Polygon", "coordinates": [ [ [ 112.438200790048086, -8.058962625337285 ], [ 112.889615628295132, -8.043641835997356 ], [ 112.892382408410072, -10.561160059222141 ], [ 112.776780225215646, -11.635912426951478 ], [ 112.482774307660989, -11.635912426951478 ], [ 112.438200790048086, -8.058962625337285 ] ] ] } },
{ "type": "Feature", "properties": { "districtID": "3508", "district": "Lumajang", "distr_t_en": "Lumajang", "provinceID": "35", "province": "Jawa Timur", "islandID": "3", "island": "Jawa", "longitude": 113.138487, "latitude": -8.125483 }, "geometry": { "type": "Polygon", "coordinates": [ [ [ 112.889615628295132, -8.043641835997356 ], [ 112.902305669440125, -8.000308646470561 ], [ 113.005248591665747, -7.917895524090925 ], [ 113.160142583834357, -7.947396799981002 ], [ 113.409515521052185, -8.122354228630595 ], [ 112.892382408410072, -10.561160059222141 ], [ 112.889615628295132, -8.043641835997356 ] ] ] } },
{ "type": "Feature", "properties": { "districtID": "3509", "district": "Jember", "distr_t_en": "Jember", "provinceID": "35", "province": "Jawa Timur", "islandID": "3", "island": "Jawa", "longitude": 113.65595, "latitude": -8.235208 }, "geometry": { "type": "Polygon", "coordinates": [ [ [ 112.776780225215646, -11.635912426951478 ], [ 112.892382408410072, -10.561160059222141 ], [ 113.409515521052185, -8.122354228630595 ], [ 113.632175244116397, -7.919652971551402 ], [ 113.946439798594056, -8.234200647660838 ], [ 113.144653360454782, -11.635912426951478 ], [ 112.776780225215646, -11.635912426951478 ] ] ] } },
{ "type": "Feature", "properties": { "districtID": "3510", "district": "Banyuwangi", "distr_t_en": "Banyuwangi", "provinceID": "35", "province": "Jawa Timur", "islandID": "3", "island": "Jawa", "longitude": 114.205902, "latitude": -8.364832 }, "geometry": { "type": "Polygon", "coordinates": [ [ [ 113.144653360454782, -11.635912426951478 ], [ 113.946439798594056, -8.234200647660838 ], [ 114.244762577437569, -8.051295665355097 ], [ 114.408361446826291, -8.006423149909057 ], [ 114.530070177733563, -9.129484173933955 ], [ 113.780507660296053, -11.635912426951478 ], [ 113.144653360454782, -11.635912426951478 ] ] ] } },
{ "type": "Feature", "properties": { "districtID": "3511", "district": "Bondowoso", "distr_t_en": "Bondowoso", "provinceID": "35", "province": "Jawa Timur", "islandID": "3", "island": "Jawa", "longitude": 113.947709, "latitude": -7.943712 }, "geometry": { "type": "Polygon", "coordinates": [ [ [ 113.632175244116397, -7.919652971551402 ], [ 113.667751090726469, -7.630784675424969 ], [ 114.244762577437569, -8.051295665355097 ], [ 113.946439798594056, -8.234200647660838 ], [ 113.632175244116397, -7.919652971551402 ] ] ] } },
{ "type": "Feature", "properties": { "districtID": "3512", "district": "Situbondo", "distr_t_en": "Situbondo", "provinceID": "35", "province": "Jawa Timur", "islandID": "3", "island": "Jawa", "longitude": 114.051378, "latitude": -7.80146 }, "geometry": { "type": "Polygon", "coordinates": [ [ [ 113.658107944422227, -7.522272225609119 ], [ 113.982626250701017, -7.28100982773381 ], [ 114.691409713030922, -7.579429281107462 ], [ 114.616918747376531, -7.749017281523004 ], [ 114.408361446826291, -8.006423149909057 ], [ 114.244762577437569, -8.051295665355097 ], [ 113.667751090726469, -7.630784675424969 ], [ 113.658107944422227, -7.522272225609119 ] ] ] } },
{ "type": "Feature", "properties": { "districtID": "3513", "district": "Probolinggo", "distr_t_en": "Probolinggo", "provinceID": "35", "province": "Jawa Timur", "islandID": "3", "island": "Jawa", "longitude": 113.320233, "latitude": -7.866435 }, "geometry": { "type": "Polygon", "coordinates": [ [ [ 113.160142583834357, -7.947396799981002 ], [ 113.527413894968788, -7.492288176507424 ], [ 113.658107944422227, -7.522272225609119 ], [ 113.667751090726469, -7.630784675424969 ], [ 113.632175244116397, -7.919652971551402 ], [ 113.409515521052185, -8.122354228630595 ], [ 113.160142583834357, -7.947396799981002 ] ] ] } },
{ "type": "Feature", "properties": { "districtID": "3514", "district": "Pasuruan", "distr_t_en": "Pasuruan", "provinceID": "35", "province": "Jawa Timur", "islandID": "3", "island": "Jawa", "longitude": 112.831849, "latitude": -7.742459 }, "geometry": { "type": "Polygon", "coordinates": [ [ [ 112.645798803059023, -7.668974434101656 ], [ 112.658760300500361, -7.645487997969227 ], [ 112.757710519637243, -7.600752755035279 ], [ 113.013782029589009, -7.816226547892077 ], [ 113.005248591665747, -7.917895524090925 ], [ 112.902305669440125, -8.000308646470561 ], [ 112.69503371154795, -7.828108715726599 ], [ 112.645798803059023, -7.668974434101656 ] ] ] } },
{ "type": "Feature", "properties": { "districtID": "3515", "district": "Sidoarjo", "distr_t_en": "Sidoarjo", "provinceID": "35", "province": "Jawa Timur", "islandID": "3", "island": "Jawa", "longitude": 112.7003, "latitude": -7.451484 }, "geometry": { "type": "Polygon", "coordinates": [ [ [ 112.559924339102565, -7.342927164477742 ], [ 112.952518224360986, -7.394529763739524 ], [ 112.757710519637243, -7.600752755035279 ], [ 112.658760300500361, -7.645487997969227 ], [ 112.567873667973657, -7.447830337052685 ], [ 112.559924339102565, -7.342927164477742 ] ] ] } },
{ "type": "Feature", "properties": { "districtID": "3516", "district": "Mojokerto", "distr_t_en": "Mojokerto", "provinceID": "35", "province": "Jawa Timur", "islandID": "3", "island": "Jawa", "longitude": 112.484446, "latitude": -7.550737 }, "geometry": { "type": "Polygon", "coordinates": [ [ [ 112.369616896837428, -7.716933746808666 ], [ 112.373860304519127, -7.562603962682608 ], [ 112.567873667973657, -7.447830337052685 ], [ 112.658760300500361, -7.645487997969227 ], [ 112.645798803059023, -7.668974434101656 ], [ 112.369616896837428, -7.716933746808666 ] ] ] } },
{ "type": "Feature", "properties": { "districtID": "3517", "district": "Jombang", "distr_t_en": "Jombang", "provinceID": "35", "province": "Jawa Timur", "islandID": "3", "island": "Jawa", "longitude": 112.264094, "latitude": -7.544678 }, "geometry": { "type": "Polygon", "coordinates": [ [ [ 112.066122477863019, -7.354352103817989 ], [ 112.087482179079956, -7.32078854609528 ], [ 112.278846599834765, -7.33775858509937 ], [ 112.373860304519127, -7.562603962682608 ], [ 112.369616896837428, -7.716933746808666 ], [ 112.312308775628367, -7.770220795574326 ], [ 112.113797532311494, -7.64800170318817 ], [ 112.066122477863019, -7.354352103817989 ] ] ] } },
{ "type": "Feature", "properties": { "districtID": "3518", "district": "Nganjuk", "distr_t_en": "Nganjuk", "provinceID": "35", "province": "Jawa Timur", "islandID": "3", "island": "Jawa", "longitude": 111.938533, "latitude": -7.597534 }, "geometry": { "type": "Polygon", "coordinates": [ [ [ 111.778972690305366, -7.462406348427725 ], [ 112.066122477863019, -7.354352103817989 ], [ 112.113797532311494, -7.64800170318817 ], [ 112.057267602652317, -7.684845901149785 ], [ 111.806405722312036, -7.769896932461728 ], [ 111.778972690305366, -7.462406348427725 ] ] ] } },
{ "type": "Feature", "properties": { "districtID": "3519", "district": "Madiun", "distr_t_en": "Madiun", "provinceID": "35", "province": "Jawa Timur", "islandID": "3", "island": "Jawa", "longitude": 111.645853, "latitude": -7.623646 }, "geometry": { "type": "Polygon", "coordinates": [ [ [ 111.575408923667112, -7.399046851272091 ], [ 111.588547781991551, -7.377544181400378 ], [ 111.778972690305366, -7.462406348427725 ], [ 111.806405722312036, -7.769896932461728 ], [ 111.754820736499582, -7.864115585374133 ], [ 111.594463318607325, -7.787858554904566 ], [ 111.575408923667112, -7.399046851272091 ] ] ] } },
{ "type": "Feature", "properties": { "districtID": "3520", "district": "Magetan", "distr_t_en": "Magetan", "provinceID": "35", "province": "Jawa Timur", "islandID": "3", "island": "Jawa", "longitude": 111.357429, "latitude": -7.663394 }, "geometry": { "type": "Polygon", "coordinates": [ [ [ 111.168195367821056, -7.777204861143684 ], [ 111.199735266788494, -7.560526078300306 ], [ 111.422403463865379, -7.546624698588396 ], [ 111.468290741568325, -7.776264696748235 ], [ 111.255146372372906, -7.889287450224442 ], [ 111.245630433535553, -7.885590117191836 ], [ 111.168195367821056, -7.777204861143684 ] ] ] } },
{ "type": "Feature", "properties": { "districtID": "3521", "district": "Ngawi", "distr_t_en": "Ngawi", "provinceID": "35", "province": "Jawa Timur", "islandID": "3", "island": "Jawa", "longitude": 111.34341, "latitude": -7.438843 }, "geometry": { "type": "Polygon", "coordinates": [ [ [ 111.150471715447523, -7.469446091085214 ], [ 111.184457619126164, -7.234796350629214 ], [ 111.54981629729528, -7.278945033205407 ], [ 111.588547781991551, -7.377544181400378 ], [ 111.575408923667112, -7.399046851272091 ], [ 111.422403463865379, -7.546624698588396 ], [ 111.199735266788494, -7.560526078300306 ], [ 111.150471715447523, -7.469446091085214 ] ] ] } },
{ "type": "Feature", "properties": { "districtID": "3522", "district": "Bojonegoro", "distr_t_en": "Bojonegoro", "provinceID": "35", "province": "Jawa Timur", "islandID": "3", "island": "Jawa", "longitude": 111.809867, "latitude": -7.25561 }, "geometry": { "type": "Polygon", "coordinates": [ [ [ 111.54981629729528, -7.278945033205407 ], [ 111.648305802591992, -7.049243980238672 ], [ 112.046248066615163, -7.157740544348395 ], [ 112.087482179079956, -7.32078854609528 ], [ 112.066122477863019, -7.354352103817989 ], [ 111.778972690305366, -7.462406348427725 ], [ 111.588547781991551, -7.377544181400378 ], [ 111.54981629729528, -7.278945033205407 ] ] ] } },
{ "type": "Feature", "properties": { "districtID": "3523", "district": "Tuban", "distr_t_en": "Tuban", "provinceID": "35", "province": "Jawa Timur", "islandID": "3", "island": "Jawa", "longitude": 111.892253, "latitude": -6.953437 }, "geometry": { "type": "Polygon", "coordinates": [ [ [ 111.630707616400372, -6.975852736505447 ], [ 112.174700805303587, -5.661640246431795 ], [ 112.218389651916794, -6.762778113043684 ], [ 112.046248066615163, -7.157740544348395 ], [ 111.648305802591992, -7.049243980238672 ], [ 111.630707616400372, -6.975852736505447 ] ] ] } },
{ "type": "Feature", "properties": { "districtID": "3524", "district": "Lamongan", "distr_t_en": "Lamongan", "provinceID": "35", "province": "Jawa Timur", "islandID": "3", "island": "Jawa", "longitude": 112.300737, "latitude": -7.131472 }, "geometry": { "type": "Polygon", "coordinates": [ [ [ 112.046248066615163, -7.157740544348395 ], [ 112.218389651916794, -6.762778113043684 ], [ 112.528658324675163, -7.154071537609752 ], [ 112.496137289718604, -7.250328722734821 ], [ 112.278846599834765, -7.33775858509937 ], [ 112.087482179079956, -7.32078854609528 ], [ 112.046248066615163, -7.157740544348395 ] ] ] } },
{ "type": "Feature", "properties": { "districtID": "3525", "district": "Gresik", "distr_t_en": "Gresik", "provinceID": "35", "province": "Jawa Timur", "islandID": "3", "island": "Jawa", "longitude": 112.558607, "latitude": -6.926999 }, "geometry": { "type": "Polygon", "coordinates": [ [ [ 112.174700805303587, -5.661640246431795 ], [ 112.304372510168292, -4.724819032789018 ], [ 112.726943937541449, -4.648698290694162 ], [ 112.908402813558297, -4.751242309776122 ], [ 113.260928636820111, -5.017441829751585 ], [ 113.122579961991008, -5.789347226822645 ], [ 112.719467213381193, -7.063440749851816 ], [ 112.528658324675163, -7.154071537609752 ], [ 112.218389651916794, -6.762778113043684 ], [ 112.174700805303587, -5.661640246431795 ] ] ] } },
{ "type": "Feature", "properties": { "districtID": "3526", "district": "Bangkalan", "distr_t_en": "Bangkalan", "provinceID": "35", "province": "Jawa Timur", "islandID": "3", "island": "Jawa", "longitude": 112.929535, "latitude": -7.044357 }, "geometry": { "type": "Polygon", "coordinates": [ [ [ 112.719467213381193, -7.063440749851816 ], [ 113.122579961991008, -5.789347226822645 ], [ 113.085774372763609, -7.352325561083759 ], [ 113.040418017801116, -7.350861870349805 ], [ 112.719467213381193, -7.063440749851816 ] ] ] } },
{ "type": "Feature", "properties": { "districtID": "3527", "district": "Sampang", "distr_t_en": "Sampang", "provinceID": "35", "province": "Jawa Timur", "islandID": "3", "island": "Jawa", "longitude": 113.256337, "latitude": -7.052053 }, "geometry": { "type": "Polygon", "coordinates": [ [ [ 113.085774372763609, -7.352325561083759 ], [ 113.122579961991008, -5.789347226822645 ], [ 113.260928636820111, -5.017441829751585 ], [ 113.482890912293769, -5.130660588227831 ], [ 113.360829748421082, -7.422093090698278 ], [ 113.184729824371232, -7.409681264925169 ], [ 113.085774372763609, -7.352325561083759 ] ] ] } },
{ "type": "Feature", "properties": { "districtID": "3528", "district": "Pamekasan", "distr_t_en": "Pamekasan", "provinceID": "35", "province": "Jawa Timur", "islandID": "3", "island": "Jawa", "longitude": 113.504043, "latitude": -7.065248 }, "geometry": { "type": "Polygon", "coordinates": [ [ [ 113.360829748421082, -7.422093090698278 ], [ 113.482890912293769, -5.130660588227831 ], [ 113.759444514883597, -5.250047741496534 ], [ 113.982626250701017, -7.28100982773381 ], [ 113.658107944422227, -7.522272225609119 ], [ 113.527413894968788, -7.492288176507424 ], [ 113.360829748421082, -7.422093090698278 ] ] ] } },
{ "type": "Feature", "properties": { "districtID": "3529", "district": "Sumenep", "distr_t_en": "Sumenep", "provinceID": "35", "province": "Jawa Timur", "islandID": "3", "island": "Jawa", "longitude": 114.402935, "latitude": -6.966469 }, "geometry": { "type": "Polygon", "coordinates": [ [ [ 113.759444514883597, -5.250047741496534 ], [ 116.31386293352503, -5.657808359852028 ], [ 116.71060775868898, -5.797776805368317 ], [ 115.899760043690421, -6.900446483208857 ], [ 115.388553486085087, -7.264332916845628 ], [ 114.691409713030922, -7.579429281107462 ], [ 113.982626250701017, -7.28100982773381 ], [ 113.759444514883597, -5.250047741496534 ] ] ] } },
{ "type": "Feature", "properties": { "districtID": "3571", "district": "Kota Kediri", "distr_t_en": "Kediri City", "provinceID": "35", "province": "Jawa Timur", "islandID": "3", "island": "Jawa", "longitude": 112.016114, "latitude": -7.826365 }, "geometry": { "type": "Polygon", "coordinates": [ [ [ 111.754820736499582, -7.864115585374133 ], [ 111.806405722312036, -7.769896932461728 ], [ 112.057267602652317, -7.684845901149785 ], [ 112.047575249215186, -7.985278731806567 ], [ 112.020395349155436, -8.000555605143273 ], [ 111.758778223292012, -7.883587036136852 ], [ 111.754820736499582, -7.864115585374133 ] ] ] } },
{ "type": "Feature", "properties": { "districtID": "3572", "district": "Kota Blitar", "distr_t_en": "Blitar City", "provinceID": "35", "province": "Jawa Timur", "islandID": "3", "island": "Jawa", "longitude": 112.166973, "latitude": -8.094766 }, "geometry": { "type": "Polygon", "coordinates": [ [ [ 112.020395349155436, -8.000555605143273 ], [ 112.047575249215186, -7.985278731806567 ], [ 112.307269059262637, -7.90937466574314 ], [ 112.047968559257939, -8.411174460370137 ], [ 112.020395349155436, -8.000555605143273 ] ] ] } },
{ "type": "Feature", "properties": { "districtID": "3573", "district": "Kota Malang", "distr_t_en": "Malang City", "provinceID": "35", "province": "Jawa Timur", "islandID": "3", "island": "Jawa", "longitude": 112.635911, "latitude": -7.978305 }, "geometry": { "type": "Polygon", "coordinates": [ [ [ 112.423698936503001, -8.021112235432662 ], [ 112.69503371154795, -7.828108715726599 ], [ 112.902305669440125, -8.000308646470561 ], [ 112.889615628295132, -8.043641835997356 ], [ 112.438200790048086, -8.058962625337285 ], [ 112.423698936503001, -8.021112235432662 ] ] ] } },
{ "type": "Feature", "properties": { "districtID": "3574", "district": "Kota Probolinggo", "distr_t_en": "Probolinggo City", "provinceID": "35", "province": "Jawa Timur", "islandID": "3", "island": "Jawa", "longitude": 113.205466, "latitude": -7.773818 }, "geometry": { "type": "Polygon", "coordinates": [ [ [ 113.005248591665747, -7.917895524090925 ], [ 113.013782029589009, -7.816226547892077 ], [ 113.184729824371232, -7.409681264925169 ], [ 113.360829748421082, -7.422093090698278 ], [ 113.527413894968788, -7.492288176507424 ], [ 113.160142583834357, -7.947396799981002 ], [ 113.005248591665747, -7.917895524090925 ] ] ] } },
{ "type": "Feature", "properties": { "districtID": "3575", "district": "Kota Pasuruan", "distr_t_en": "Pasuruan City", "provinceID": "35", "province": "Jawa Timur", "islandID": "3", "island": "Jawa", "longitude": 112.910004, "latitude": -7.64958 }, "geometry": { "type": "Polygon", "coordinates": [ [ [ 112.757710519637243, -7.600752755035279 ], [ 112.952518224360986, -7.394529763739524 ], [ 113.040418017801116, -7.350861870349805 ], [ 113.085774372763609, -7.352325561083759 ], [ 113.184729824371232, -7.409681264925169 ], [ 113.013782029589009, -7.816226547892077 ], [ 112.757710519637243, -7.600752755035279 ] ] ] } },
{ "type": "Feature", "properties": { "districtID": "3576", "district": "Kota Mojokerto", "distr_t_en": "Mojokerto City", "provinceID": "35", "province": "Jawa Timur", "islandID": "3", "island": "Jawa", "longitude": 112.43751, "latitude": -7.471397 }, "geometry": { "type": "Polygon", "coordinates": [ [ [ 112.278846599834765, -7.33775858509937 ], [ 112.496137289718604, -7.250328722734821 ], [ 112.559924339102565, -7.342927164477742 ], [ 112.567873667973657, -7.447830337052685 ], [ 112.373860304519127, -7.562603962682608 ], [ 112.278846599834765, -7.33775858509937 ] ] ] } },
{ "type": "Feature", "properties": { "districtID": "3577", "district": "Kota Madiun", "distr_t_en": "Madiun City", "provinceID": "35", "province": "Jawa Timur", "islandID": "3", "island": "Jawa", "longitude": 111.527263, "latitude": -7.629458 }, "geometry": { "type": "Polygon", "coordinates": [ [ [ 111.422403463865379, -7.546624698588396 ], [ 111.575408923667112, -7.399046851272091 ], [ 111.594463318607325, -7.787858554904566 ], [ 111.468290741568325, -7.776264696748235 ], [ 111.422403463865379, -7.546624698588396 ] ] ] } },
{ "type": "Feature", "properties": { "districtID": "3578", "district": "Kota Surabaya", "distr_t_en": "Surabaya City", "provinceID": "35", "province": "Jawa Timur", "islandID": "3", "island": "Jawa", "longitude": 112.723584, "latitude": -7.274333 }, "geometry": { "type": "Polygon", "coordinates": [ [ [ 112.496137289718604, -7.250328722734821 ], [ 112.528658324675163, -7.154071537609752 ], [ 112.719467213381193, -7.063440749851816 ], [ 113.040418017801116, -7.350861870349805 ], [ 112.952518224360986, -7.394529763739524 ], [ 112.559924339102565, -7.342927164477742 ], [ 112.496137289718604, -7.250328722734821 ] ] ] } },
{ "type": "Feature", "properties": { "districtID": "3579", "district": "Kota Batu", "distr_t_en": "Batu City", "provinceID": "35", "province": "Jawa Timur", "islandID": "3", "island": "Jawa", "longitude": 112.533754, "latitude": -7.834687 }, "geometry": { "type": "Polygon", "coordinates": [ [ [ 112.310462796752574, -7.907811293481291 ], [ 112.312308775628367, -7.770220795574326 ], [ 112.369616896837428, -7.716933746808666 ], [ 112.645798803059023, -7.668974434101656 ], [ 112.69503371154795, -7.828108715726599 ], [ 112.423698936503001, -8.021112235432662 ], [ 112.310462796752574, -7.907811293481291 ] ] ] } },
{ "type": "Feature", "properties": { "districtID": "3601", "district": "Pandeglang", "distr_t_en": "Pandeglang", "provinceID": "36", "province": "Banten", "islandID": "3", "island": "Jawa", "longitude": 105.74293, "latitude": -6.590322 }, "geometry": { "type": "Polygon", "coordinates": [ [ [ 100.448361050950652, -11.635912426951478 ], [ 104.124882821806438, -7.005862305776841 ], [ 104.798388367438434, -6.386433184773105 ], [ 105.212877312378183, -6.153449016049007 ], [ 105.457882733306661, -6.097601250615464 ], [ 105.848146926847932, -6.279441406904279 ], [ 105.999787519353376, -6.415730517064847 ], [ 105.877647868591339, -7.523134128144971 ], [ 103.805056895172811, -11.635912426951478 ], [ 100.448361050950652, -11.635912426951478 ] ] ] } },
{ "type": "Feature", "properties": { "districtID": "3602", "district": "Lebak", "distr_t_en": "Lebak", "provinceID": "36", "province": "Banten", "islandID": "3", "island": "Jawa", "longitude": 106.212421, "latitude": -6.642104 }, "geometry": { "type": "Polygon", "coordinates": [ [ [ 105.877647868591339, -7.523134128144971 ], [ 105.999787519353376, -6.415730517064847 ], [ 106.313549414845625, -6.374125934327407 ], [ 106.45733898760308, -6.468376611375763 ], [ 106.473571212455084, -6.492008833819422 ], [ 106.518204777720072, -6.792903363432044 ], [ 105.877647868591339, -7.523134128144971 ] ] ] } },
{ "type": "Feature", "properties": { "districtID": "3603", "district": "Tangerang", "distr_t_en": "Tangerang", "provinceID": "36", "province": "Banten", "islandID": "3", "island": "Jawa", "longitude": 106.518934, "latitude": -6.174486 }, "geometry": { "type": "Polygon", "coordinates": [ [ [ 106.313549414845625, -6.374125934327407 ], [ 106.318775108092595, -6.314579552377005 ], [ 106.376682477790069, -5.915927639166247 ], [ 106.602915271036011, -5.944727549022398 ], [ 106.5771320597228, -6.29150355894829 ], [ 106.45733898760308, -6.468376611375763 ], [ 106.313549414845625, -6.374125934327407 ] ] ] } },
{ "type": "Feature", "properties": { "districtID": "3604", "district": "Serang", "distr_t_en": "Serang", "provinceID": "36", "province": "Banten", "islandID": "3", "island": "Jawa", "longitude": 106.146077, "latitude": -6.141765 }, "geometry": { "type": "Polygon", "coordinates": [ [ [ 105.848146926847932, -6.279441406904279 ], [ 106.092659953816948, -6.061070798720946 ], [ 106.318775108092595, -6.314579552377005 ], [ 106.313549414845625, -6.374125934327407 ], [ 105.999787519353376, -6.415730517064847 ], [ 105.848146926847932, -6.279441406904279 ] ] ] } },
{ "type": "Feature", "properties": { "districtID": "3671", "district": "Kota Tangerang", "distr_t_en": "Tangerang City", "provinceID": "36", "province": "Banten", "islandID": "3", "island": "Jawa", "longitude": 106.651996, "latitude": -6.184379 }, "geometry": { "type": "Polygon", "coordinates": [ [ [ 106.5771320597228, -6.29150355894829 ], [ 106.602915271036011, -5.944727549022398 ], [ 106.653130679227289, -5.937158831396956 ], [ 106.710783888102043, -6.228624796976435 ], [ 106.5771320597228, -6.29150355894829 ] ] ] } },
{ "type": "Feature", "properties": { "districtID": "3672", "district": "Kota Cilegon", "distr_t_en": "Cilegon City", "provinceID": "36", "province": "Banten", "islandID": "3", "island": "Jawa", "longitude": 106.018494, "latitude": -5.998908 }, "geometry": { "type": "Polygon", "coordinates": [ [ [ 105.457882733306661, -6.097601250615464 ], [ 106.007688459874174, -5.491079287903236 ], [ 106.089704268855783, -5.456144136621982 ], [ 106.287558096050702, -5.828839204303246 ], [ 106.092659953816948, -6.061070798720946 ], [ 105.848146926847932, -6.279441406904279 ], [ 105.457882733306661, -6.097601250615464 ] ] ] } },
{ "type": "Feature", "properties": { "districtID": "3673", "district": "Kota Serang", "distr_t_en": "Serang City", "provinceID": "36", "province": "Banten", "islandID": "3", "island": "Jawa", "longitude": 106.166747, "latitude": -6.123328 }, "geometry": { "type": "Polygon", "coordinates": [ [ [ 106.092659953816948, -6.061070798720946 ], [ 106.287558096050702, -5.828839204303246 ], [ 106.376682477790069, -5.915927639166247 ], [ 106.318775108092595, -6.314579552377005 ], [ 106.092659953816948, -6.061070798720946 ] ] ] } },
{ "type": "Feature", "properties": { "districtID": "3674", "district": "Kota Tangerang Selatan", "distr_t_en": "South Tangerang City", "provinceID": "36", "province": "Banten", "islandID": "3", "island": "Jawa", "longitude": 106.707391, "latitude": -6.302125 }, "geometry": { "type": "Polygon", "coordinates": [ [ [ 106.45733898760308, -6.468376611375763 ], [ 106.5771320597228, -6.29150355894829 ], [ 106.710783888102043, -6.228624796976435 ], [ 106.744746363247884, -6.23878144929399 ], [ 106.772881358659092, -6.336640827674625 ], [ 106.680501916576659, -6.444107642097895 ], [ 106.473571212455084, -6.492008833819422 ], [ 106.45733898760308, -6.468376611375763 ] ] ] } },
{ "type": "Feature", "properties": { "districtID": "5101", "district": "Jembrana", "distr_t_en": "Jembrana", "provinceID": "51", "province": "Bali", "islandID": "5", "island": "Bali-Nusa Tenggara", "longitude": 114.682902, "latitude": -8.313138 }, "geometry": { "type": "Polygon", "coordinates": [ [ [ 114.408361446826291, -8.006423149909057 ], [ 114.616918747376531, -7.749017281523004 ], [ 114.875327671375814, -8.389457824141775 ], [ 114.761134181460648, -8.774942549039562 ], [ 114.748239147139984, -8.799098245561504 ], [ 114.530070177733563, -9.129484173933955 ], [ 114.408361446826291, -8.006423149909057 ] ] ] } },
{ "type": "Feature", "properties": { "districtID": "5102", "district": "Tabanan", "distr_t_en": "Tabanan", "provinceID": "51", "province": "Bali", "islandID": "5", "island": "Bali-Nusa Tenggara", "longitude": 115.078274, "latitude": -8.430261 }, "geometry": { "type": "Polygon", "coordinates": [ [ [ 114.761134181460648, -8.774942549039562 ], [ 114.875327671375814, -8.389457824141775 ], [ 115.154179114346817, -8.246722383761435 ], [ 115.207958502058617, -8.352239531896057 ], [ 115.178396535447021, -8.474120990812754 ], [ 114.761134181460648, -8.774942549039562 ] ] ] } },
{ "type": "Feature", "properties": { "districtID": "5103", "district": "Badung", "distr_t_en": "Badung", "provinceID": "51", "province": "Bali", "islandID": "5", "island": "Bali-Nusa Tenggara", "longitude": 115.188371, "latitude": -8.582973 }, "geometry": { "type": "Polygon", "coordinates": [ [ [ 114.748239147139984, -8.799098245561504 ], [ 114.761134181460648, -8.774942549039562 ], [ 115.178396535447021, -8.474120990812754 ], [ 115.297838420976376, -8.590223164482923 ], [ 114.748239147139984, -8.799098245561504 ] ] ] } },
{ "type": "Feature", "properties": { "districtID": "5104", "district": "Gianyar", "distr_t_en": "Gianyar", "provinceID": "51", "province": "Bali", "islandID": "5", "island": "Bali-Nusa Tenggara", "longitude": 115.287487, "latitude": -8.481005 }, "geometry": { "type": "Polygon", "coordinates": [ [ [ 115.178396535447021, -8.474120990812754 ], [ 115.207958502058617, -8.352239531896057 ], [ 115.402801125405873, -8.4142684728115 ], [ 115.446041554267453, -8.512494452109845 ], [ 115.35695749163547, -8.611261673571015 ], [ 115.297838420976376, -8.590223164482923 ], [ 115.178396535447021, -8.474120990812754 ] ] ] } },
{ "type": "Feature", "properties": { "districtID": "5105", "district": "Klungkung", "distr_t_en": "Klungkung", "provinceID": "51", "province": "Bali", "islandID": "5", "island": "Bali-Nusa Tenggara", "longitude": 115.493667, "latitude": -8.666971 }, "geometry": { "type": "Polygon", "coordinates": [ [ [ 115.35695749163547, -8.611261673571015 ], [ 115.446041554267453, -8.512494452109845 ], [ 115.793215269149854, -8.555468951314667 ], [ 115.793284450086446, -8.55602485900878 ], [ 115.796916505343503, -10.061410574279336 ], [ 115.687673953013203, -11.635912426951478 ], [ 115.372233197159559, -11.635912426951478 ], [ 115.35695749163547, -8.611261673571015 ] ] ] } },
{ "type": "Feature", "properties": { "districtID": "5106", "district": "Bangli", "distr_t_en": "Bangli", "provinceID": "51", "province": "Bali", "islandID": "5", "island": "Bali-Nusa Tenggara", "longitude": 115.347292, "latitude": -8.29315 }, "geometry": { "type": "Polygon", "coordinates": [ [ [ 115.154179114346817, -8.246722383761435 ], [ 115.388553486085087, -7.264332916845628 ], [ 115.899760043690421, -6.900446483208857 ], [ 115.872541693590392, -7.357170748257367 ], [ 115.402801125405873, -8.4142684728115 ], [ 115.207958502058617, -8.352239531896057 ], [ 115.154179114346817, -8.246722383761435 ] ] ] } },
{ "type": "Feature", "properties": { "districtID": "5107", "district": "Karangasem", "distr_t_en": "Karangasem", "provinceID": "51", "province": "Bali", "islandID": "5", "island": "Bali-Nusa Tenggara", "longitude": 115.529896, "latitude": -8.374293 }, "geometry": { "type": "Polygon", "coordinates": [ [ [ 115.402801125405873, -8.4142684728115 ], [ 115.872541693590392, -7.357170748257367 ], [ 115.902977884999672, -8.260002957561165 ], [ 115.793215269149854, -8.555468951314667 ], [ 115.446041554267453, -8.512494452109845 ], [ 115.402801125405873, -8.4142684728115 ] ] ] } },
{ "type": "Feature", "properties": { "districtID": "5108", "district": "Buleleng", "distr_t_en": "Buleleng", "provinceID": "51", "province": "Bali", "islandID": "5", "island": "Bali-Nusa Tenggara", "longitude": 114.960906, "latitude": -8.200968 }, "geometry": { "type": "Polygon", "coordinates": [ [ [ 114.616918747376531, -7.749017281523004 ], [ 114.691409713030922, -7.579429281107462 ], [ 115.388553486085087, -7.264332916845628 ], [ 115.154179114346817, -8.246722383761435 ], [ 114.875327671375814, -8.389457824141775 ], [ 114.616918747376531, -7.749017281523004 ] ] ] } },
{ "type": "Feature", "properties": { "districtID": "5171", "district": "Kota Denpasar", "distr_t_en": "Denpasar City", "provinceID": "51", "province": "Bali", "islandID": "5", "island": "Bali-Nusa Tenggara", "longitude": 115.220818, "latitude": -8.668349 }, "geometry": { "type": "Polygon", "coordinates": [ [ [ 113.780507660296053, -11.635912426951478 ], [ 114.530070177733563, -9.129484173933955 ], [ 114.748239147139984, -8.799098245561504 ], [ 115.297838420976376, -8.590223164482923 ], [ 115.35695749163547, -8.611261673571015 ], [ 115.372233197159559, -11.635912426951478 ], [ 113.780507660296053, -11.635912426951478 ] ] ] } },
{ "type": "Feature", "properties": { "districtID": "5201", "district": "Lombok Barat", "distr_t_en": "West Lombok", "provinceID": "52", "province": "Nusa Tenggara Barat", "islandID": "5", "island": "Bali-Nusa Tenggara", "longitude": 116.093434, "latitude": -8.665524 }, "geometry": { "type": "Polygon", "coordinates": [ [ [ 115.793284450086446, -8.55602485900878 ], [ 116.203869116978368, -8.651473675573168 ], [ 115.796916505343503, -10.061410574279336 ], [ 115.793284450086446, -8.55602485900878 ] ] ] } },
{ "type": "Feature", "properties": { "districtID": "5202", "district": "Lombok Tengah", "distr_t_en": "Central Lombok", "provinceID": "52", "province": "Nusa Tenggara Barat", "islandID": "5", "island": "Bali-Nusa Tenggara", "longitude": 116.289832, "latitude": -8.72221 }, "geometry": { "type": "Polygon", "coordinates": [ [ [ 115.687673953013203, -11.635912426951478 ], [ 115.796916505343503, -10.061410574279336 ], [ 116.203869116978368, -8.651473675573168 ], [ 116.289488171005161, -8.535501291125254 ], [ 116.337300409745311, -8.534614714364473 ], [ 116.588707823509708, -8.853812931611634 ], [ 116.10695611243743, -11.635912426951478 ], [ 115.687673953013203, -11.635912426951478 ] ] ] } },
{ "type": "Feature", "properties": { "districtID": "5203", "district": "Lombok Timur", "distr_t_en": "East Lombok", "provinceID": "52", "province": "Nusa Tenggara Barat", "islandID": "5", "island": "Bali-Nusa Tenggara", "longitude": 116.530796, "latitude": -8.532422 }, "geometry": { "type": "Polygon", "coordinates": [ [ [ 116.337300409745311, -8.534614714364473 ], [ 117.241577074684258, -7.313144162297847 ], [ 117.078304812635551, -8.223404636836289 ], [ 116.588707823509708, -8.853812931611634 ], [ 116.337300409745311, -8.534614714364473 ] ] ] } },
{ "type": "Feature", "properties": { "districtID": "5204", "district": "Sumbawa", "distr_t_en": "Sumbawa", "provinceID": "52", "province": "Nusa Tenggara Barat", "islandID": "5", "island": "Bali-Nusa Tenggara", "longitude": 117.484281, "latitude": -8.703447 }, "geometry": { "type": "Polygon", "coordinates": [ [ [ 117.078304812635551, -8.223404636836289 ], [ 117.241577074684258, -7.313144162297847 ], [ 117.341583812446459, -6.974267795084204 ], [ 118.14046356912381, -9.506740971915978 ], [ 117.606508048343812, -10.594956764823985 ], [ 117.078304812635551, -8.223404636836289 ] ] ] } },
{ "type": "Feature", "properties": { "districtID": "5205", "district": "Dompu", "distr_t_en": "Dompu", "provinceID": "52", "province": "Nusa Tenggara Barat", "islandID": "5", "island": "Bali-Nusa Tenggara", "longitude": 118.216934, "latitude": -8.472329 }, "geometry": { "type": "Polygon", "coordinates": [ [ [ 117.341583812446459, -6.974267795084204 ], [ 117.381879810896535, -6.342824405753145 ], [ 118.429145876760316, -6.773967347467925 ], [ 118.412877186452221, -9.260353816149028 ], [ 118.14046356912381, -9.506740971915978 ], [ 117.341583812446459, -6.974267795084204 ] ] ] } },
{ "type": "Feature", "properties": { "districtID": "5206", "district": "Bima", "distr_t_en": "Bima", "provinceID": "52", "province": "Nusa Tenggara Barat", "islandID": "5", "island": "Bali-Nusa Tenggara", "longitude": 118.619115, "latitude": -8.47496 }, "geometry": { "type": "Polygon", "coordinates": [ [ [ 118.412877186452221, -9.260353816149028 ], [ 118.429145876760316, -6.773967347467925 ], [ 118.494507062325596, -6.792251979765501 ], [ 118.7751009002437, -9.069457968558481 ], [ 118.412877186452221, -9.260353816149028 ] ] ] } },
{ "type": "Feature", "properties": { "districtID": "5207", "district": "Sumbawa Barat", "distr_t_en": "West Sumbawa", "provinceID": "52", "province": "Nusa Tenggara Barat", "islandID": "5", "island": "Bali-Nusa Tenggara", "longitude": 116.914432, "latitude": -8.830367 }, "geometry": { "type": "Polygon", "coordinates": [ [ [ 116.10695611243743, -11.635912426951478 ], [ 116.588707823509708, -8.853812931611634 ], [ 117.078304812635551, -8.223404636836289 ], [ 117.606508048343812, -10.594956764823985 ], [ 117.282747958560591, -11.635912426951478 ], [ 116.10695611243743, -11.635912426951478 ] ] ] } },
{ "type": "Feature", "properties": { "districtID": "5208", "district": "Lombok Utara", "distr_t_en": "North Lombok", "provinceID": "52", "province": "Nusa Tenggara Barat", "islandID": "5", "island": "Bali-Nusa Tenggara", "longitude": 116.28291, "latitude": -8.348908 }, "geometry": { "type": "Polygon", "coordinates": [ [ [ 115.872541693590392, -7.357170748257367 ], [ 115.899760043690421, -6.900446483208857 ], [ 116.71060775868898, -5.797776805368317 ], [ 116.863226005587904, -5.778011203431012 ], [ 117.381879810896535, -6.342824405753145 ], [ 117.341583812446459, -6.974267795084204 ], [ 117.241577074684258, -7.313144162297847 ], [ 116.337300409745311, -8.534614714364473 ], [ 116.289488171005161, -8.535501291125254 ], [ 115.902977884999672, -8.260002957561165 ], [ 115.872541693590392, -7.357170748257367 ] ] ] } },
{ "type": "Feature", "properties": { "districtID": "5271", "district": "Kota Mataram", "distr_t_en": "Mataram City", "provinceID": "52", "province": "Nusa Tenggara Barat", "islandID": "5", "island": "Bali-Nusa Tenggara", "longitude": 116.110956, "latitude": -8.590151 }, "geometry": { "type": "Polygon", "coordinates": [ [ [ 115.793215269149854, -8.555468951314667 ], [ 115.902977884999672, -8.260002957561165 ], [ 116.289488171005161, -8.535501291125254 ], [ 116.203869116978368, -8.651473675573168 ], [ 115.793284450086446, -8.55602485900878 ], [ 115.793215269149854, -8.555468951314667 ] ] ] } },
{ "type": "Feature", "properties": { "districtID": "5272", "district": "Kota Bima", "distr_t_en": "Bima City", "provinceID": "52", "province": "Nusa Tenggara Barat", "islandID": "5", "island": "Bali-Nusa Tenggara", "longitude": 118.782106, "latitude": -8.454877 }, "geometry": { "type": "Polygon", "coordinates": [ [ [ 118.494507062325596, -6.792251979765501 ], [ 118.696824826592774, -6.838364120179713 ], [ 119.275332414439404, -7.022017997113132 ], [ 119.537254350132301, -7.289472958115859 ], [ 119.344604016521089, -8.860911617881154 ], [ 118.7751009002437, -9.069457968558481 ], [ 118.494507062325596, -6.792251979765501 ] ] ] } },
{ "type": "Feature", "properties": { "districtID": "5301", "district": "Sumba Barat", "distr_t_en": "West Sumba", "provinceID": "53", "province": "Nusa Tenggara Timur", "islandID": "5", "island": "Bali-Nusa Tenggara", "longitude": 119.383374, "latitude": -9.641468 }, "geometry": { "type": "Polygon", "coordinates": [ [ [ 118.213876563695436, -11.635912426951478 ], [ 119.427281976902279, -9.305661409422337 ], [ 119.715332208463522, -10.142092019722202 ], [ 119.309866926666487, -11.635912426951478 ], [ 118.213876563695436, -11.635912426951478 ] ] ] } },
{ "type": "Feature", "properties": { "districtID": "5302", "district": "Sumba Timur", "distr_t_en": "East Sumba", "provinceID": "53", "province": "Nusa Tenggara Timur", "islandID": "5", "island": "Bali-Nusa Tenggara", "longitude": 120.254853, "latitude": -9.878012 }, "geometry": { "type": "Polygon", "coordinates": [ [ [ 119.309866926666487, -11.635912426951478 ], [ 119.715332208463522, -10.142092019722202 ], [ 120.245007205176378, -9.214640536078496 ], [ 120.246372500890658, -9.214355400275769 ], [ 120.535893174299687, -9.246691933796786 ], [ 120.649771107023497, -9.284599898740968 ], [ 121.057927209842205, -9.535780527756387 ], [ 121.25679474414963, -9.70621658337644 ], [ 120.458390471380426, -11.635912426951478 ], [ 119.309866926666487, -11.635912426951478 ] ] ] } },
{ "type": "Feature", "properties": { "districtID": "5303", "district": "Kupang", "distr_t_en": "Kupang", "provinceID": "53", "province": "Nusa Tenggara Timur", "islandID": "5", "island": "Bali-Nusa Tenggara", "longitude": 123.861391, "latitude": -9.916419 }, "geometry": { "type": "Polygon", "coordinates": [ [ [ 122.981109275804002, -9.390145377737193 ], [ 123.219092300547629, -9.249473387992328 ], [ 123.818139500310934, -9.124374212915862 ], [ 124.059080384282908, -9.441258391422894 ], [ 124.232064168987904, -10.505437405248047 ], [ 122.981109275804002, -9.390145377737193 ] ] ] } },
{ "type": "Feature", "properties": { "districtID": "5304", "district": "Timor Tengah Selatan", "distr_t_en": "South Central Timor", "provinceID": "53", "province": "Nusa Tenggara Timur", "islandID": "5", "island": "Bali-Nusa Tenggara", "longitude": 124.397091, "latitude": -9.82934 }, "geometry": { "type": "Polygon", "coordinates": [ [ [ 124.059080384282908, -9.441258391422894 ], [ 124.632729060859234, -9.660660756973737 ], [ 125.859002595923215, -11.635912426951478 ], [ 124.767199912038194, -11.635912426951478 ], [ 124.232064168987904, -10.505437405248047 ], [ 124.059080384282908, -9.441258391422894 ] ] ] } },
{ "type": "Feature", "properties": { "districtID": "5305", "district": "Timor Tengah Utara", "distr_t_en": "North Central Timor", "provinceID": "53", "province": "Nusa Tenggara Timur", "islandID": "5", "island": "Bali-Nusa Tenggara", "longitude": 124.569796, "latitude": -9.377788 }, "geometry": { "type": "Polygon", "coordinates": [ [ [ 123.818139500310934, -9.124374212915862 ], [ 124.092116500051986, -8.841481627352374 ], [ 124.530432330978996, -8.840917932607649 ], [ 124.793788933133754, -9.310396509436531 ], [ 124.632729060859234, -9.660660756973737 ], [ 124.059080384282908, -9.441258391422894 ], [ 123.818139500310934, -9.124374212915862 ] ] ] } },
{ "type": "Feature", "properties": { "districtID": "5306", "district": "Belu", "distr_t_en": "Belu", "provinceID": "53", "province": "Nusa Tenggara Timur", "islandID": "5", "island": "Bali-Nusa Tenggara", "longitude": 124.968065, "latitude": -9.154376 }, "geometry": { "type": "Polygon", "coordinates": [ [ [ 124.530432330978996, -8.840917932607649 ], [ 125.95408459918653, -8.171885611273346 ], [ 126.847949346608004, -9.752576663502028 ], [ 124.793788933133754, -9.310396509436531 ], [ 124.530432330978996, -8.840917932607649 ] ] ] } },
{ "type": "Feature", "properties": { "districtID": "5307", "district": "Alor", "distr_t_en": "Alor", "provinceID": "53", "province": "Nusa Tenggara Timur", "islandID": "5", "island": "Bali-Nusa Tenggara", "longitude": 124.568415, "latitude": -8.303949 }, "geometry": { "type": "Polygon", "coordinates": [ [ [ 123.953777149691007, -7.001618456304262 ], [ 125.668250000956036, -6.510368943590391 ], [ 125.95408459918653, -8.171885611273346 ], [ 124.530432330978996, -8.840917932607649 ], [ 124.092116500051986, -8.841481627352374 ], [ 123.953777149691007, -7.001618456304262 ] ] ] } },
{ "type": "Feature", "properties": { "districtID": "5308", "district": "Lembata", "distr_t_en": "Lembata", "provinceID": "53", "province": "Nusa Tenggara Timur", "islandID": "5", "island": "Bali-Nusa Tenggara", "longitude": 123.540794, "latitude": -8.381216 }, "geometry": { "type": "Polygon", "coordinates": [ [ [ 123.219092300547629, -9.249473387992328 ], [ 123.281041991839601, -6.943040517598368 ], [ 123.953777149691007, -7.001618456304262 ], [ 124.092116500051986, -8.841481627352374 ], [ 123.818139500310934, -9.124374212915862 ], [ 123.219092300547629, -9.249473387992328 ] ] ] } },
{ "type": "Feature", "properties": { "districtID": "5309", "district": "Flores Timur", "distr_t_en": "East Flores", "provinceID": "53", "province": "Nusa Tenggara Timur", "islandID": "5", "island": "Bali-Nusa Tenggara", "longitude": 122.944463, "latitude": -8.365198 }, "geometry": { "type": "Polygon", "coordinates": [ [ [ 122.104237932506265, -7.125666106951436 ], [ 122.166976401597083, -7.048342731314291 ], [ 123.268947669750247, -6.939399861305885 ], [ 123.281041991839601, -6.943040517598368 ], [ 123.219092300547629, -9.249473387992328 ], [ 122.981109275804002, -9.390145377737193 ], [ 122.972411851813405, -9.393266640844372 ], [ 122.104237932506265, -7.125666106951436 ] ] ] } },
{ "type": "Feature", "properties": { "districtID": "5310", "district": "Sikka", "distr_t_en": "Sikka", "provinceID": "53", "province": "Nusa Tenggara Timur", "islandID": "5", "island": "Bali-Nusa Tenggara", "longitude": 122.306641, "latitude": -8.609395 }, "geometry": { "type": "Polygon", "coordinates": [ [ [ 121.864815298786283, -7.311134557554682 ], [ 122.104237932506265, -7.125666106951436 ], [ 122.972411851813405, -9.393266640844372 ], [ 122.598011803836272, -9.697905094660134 ], [ 122.131667763893859, -9.586014572967114 ], [ 121.864815298786283, -7.311134557554682 ] ] ] } },
{ "type": "Feature", "properties": { "districtID": "5311", "district": "Ende", "distr_t_en": "Ende", "provinceID": "53", "province": "Nusa Tenggara Timur", "islandID": "5", "island": "Bali-Nusa Tenggara", "longitude": 121.735432, "latitude": -8.6764 }, "geometry": { "type": "Polygon", "coordinates": [ [ [ 121.470078287036827, -7.500761009080386 ], [ 121.864815298786283, -7.311134557554682 ], [ 122.131667763893859, -9.586014572967114 ], [ 121.53148331791823, -9.621208688727087 ], [ 121.470078287036827, -7.500761009080386 ] ] ] } },
{ "type": "Feature", "properties": { "districtID": "5312", "district": "Ngada", "distr_t_en": "Ngada", "provinceID": "53", "province": "Nusa Tenggara Timur", "islandID": "5", "island": "Bali-Nusa Tenggara", "longitude": 121.001562, "latitude": -8.664647 }, "geometry": { "type": "Polygon", "coordinates": [ [ [ 120.649771107023497, -9.284599898740968 ], [ 121.152947851380944, -7.572309105805647 ], [ 121.240727334546506, -7.560496751432354 ], [ 121.057927209842205, -9.535780527756387 ], [ 120.649771107023497, -9.284599898740968 ] ] ] } },
{ "type": "Feature", "properties": { "districtID": "5313", "district": "Manggarai", "distr_t_en": "Manggarai", "provinceID": "53", "province": "Nusa Tenggara Timur", "islandID": "5", "island": "Bali-Nusa Tenggara", "longitude": 120.401065, "latitude": -8.568924 }, "geometry": { "type": "Polygon", "coordinates": [ [ [ 120.105044487098908, -7.492168060403756 ], [ 120.559033615968374, -7.563792348430121 ], [ 120.535893174299687, -9.246691933796786 ], [ 120.246372500890658, -9.214355400275769 ], [ 120.105044487098908, -7.492168060403756 ] ] ] } },
{ "type": "Feature", "properties": { "districtID": "5314", "district": "Rote Ndao", "distr_t_en": "Rote Ndao", "provinceID": "53", "province": "Nusa Tenggara Timur", "islandID": "5", "island": "Bali-Nusa Tenggara", "longitude": 123.124399, "latitude": -10.726024 }, "geometry": { "type": "Polygon", "coordinates": [ [ [ 122.334985150679699, -11.635912426951478 ], [ 122.612056123451211, -9.772541561689284 ], [ 124.6359819467215, -11.635912426951478 ], [ 122.334985150679699, -11.635912426951478 ] ] ] } },
{ "type": "Feature", "properties": { "districtID": "5315", "district": "Manggarai Barat", "distr_t_en": "West Manggarai", "provinceID": "53", "province": "Nusa Tenggara Timur", "islandID": "5", "island": "Bali-Nusa Tenggara", "longitude": 119.988526, "latitude": -8.602778 }, "geometry": { "type": "Polygon", "coordinates": [ [ [ 119.344604016521089, -8.860911617881154 ], [ 119.537254350132301, -7.289472958115859 ], [ 120.105044487098908, -7.492168060403756 ], [ 120.246372500890658, -9.214355400275769 ], [ 120.245007205176378, -9.214640536078496 ], [ 119.434036225555232, -8.938801262836554 ], [ 119.344604016521089, -8.860911617881154 ] ] ] } },
{ "type": "Feature", "properties": { "districtID": "5316", "district": "Sumba Tengah", "distr_t_en": "Central Sumba", "provinceID": "53", "province": "Nusa Tenggara Timur", "islandID": "5", "island": "Bali-Nusa Tenggara", "longitude": 119.668647, "latitude": -9.543225 }, "geometry": { "type": "Polygon", "coordinates": [ [ [ 119.427281976902279, -9.305661409422337 ], [ 119.434036225555232, -8.938801262836554 ], [ 120.245007205176378, -9.214640536078496 ], [ 119.715332208463522, -10.142092019722202 ], [ 119.427281976902279, -9.305661409422337 ] ] ] } },
{ "type": "Feature", "properties": { "districtID": "5317", "district": "Sumba Barat Daya", "distr_t_en": "Southwest Sumba", "provinceID": "53", "province": "Nusa Tenggara Timur", "islandID": "5", "island": "Bali-Nusa Tenggara", "longitude": 119.177336, "latitude": -9.53418 }, "geometry": { "type": "Polygon", "coordinates": [ [ [ 117.282747958560591, -11.635912426951478 ], [ 117.606508048343812, -10.594956764823985 ], [ 118.14046356912381, -9.506740971915978 ], [ 118.412877186452221, -9.260353816149028 ], [ 118.7751009002437, -9.069457968558481 ], [ 119.344604016521089, -8.860911617881154 ], [ 119.434036225555232, -8.938801262836554 ], [ 119.427281976902279, -9.305661409422337 ], [ 118.213876563695436, -11.635912426951478 ], [ 117.282747958560591, -11.635912426951478 ] ] ] } },
{ "type": "Feature", "properties": { "districtID": "5318", "district": "Nagekeo", "distr_t_en": "Nagekeo", "provinceID": "53", "province": "Nusa Tenggara Timur", "islandID": "5", "island": "Bali-Nusa Tenggara", "longitude": 121.273202, "latitude": -8.689786 }, "geometry": { "type": "Polygon", "coordinates": [ [ [ 121.057927209842205, -9.535780527756387 ], [ 121.240727334546506, -7.560496751432354 ], [ 121.470078287036827, -7.500761009080386 ], [ 121.53148331791823, -9.621208688727087 ], [ 121.25679474414963, -9.70621658337644 ], [ 121.057927209842205, -9.535780527756387 ] ] ] } },
{ "type": "Feature", "properties": { "districtID": "5319", "district": "Manggarai Timur", "distr_t_en": "East Manggarai", "provinceID": "53", "province": "Nusa Tenggara Timur", "islandID": "5", "island": "Bali-Nusa Tenggara", "longitude": 120.689306, "latitude": -8.572887 }, "geometry": { "type": "Polygon", "coordinates": [ [ [ 120.535893174299687, -9.246691933796786 ], [ 120.559033615968374, -7.563792348430121 ], [ 121.152947851380944, -7.572309105805647 ], [ 120.649771107023497, -9.284599898740968 ], [ 120.535893174299687, -9.246691933796786 ] ] ] } },
{ "type": "Feature", "properties": { "districtID": "5320", "district": "Sabu Raijua", "distr_t_en": "Sabu Raijua", "provinceID": "53", "province": "Nusa Tenggara Timur", "islandID": "5", "island": "Bali-Nusa Tenggara", "longitude": 121.844459, "latitude": -10.535705 }, "geometry": { "type": "Polygon", "coordinates": [ [ [ 120.458390471380426, -11.635912426951478 ], [ 121.25679474414963, -9.70621658337644 ], [ 121.53148331791823, -9.621208688727087 ], [ 122.131667763893859, -9.586014572967114 ], [ 122.598011803836272, -9.697905094660134 ], [ 122.612056123451211, -9.772541561689284 ], [ 122.334985150679699, -11.635912426951478 ], [ 120.458390471380426, -11.635912426951478 ] ] ] } },
{ "type": "Feature", "properties": { "districtID": "5321", "district": "Malaka", "distr_t_en": "Malaka", "provinceID": "53", "province": "Nusa Tenggara Timur", "islandID": "5", "island": "Bali-Nusa Tenggara", "longitude": 124.888434, "latitude": -9.524305 }, "geometry": { "type": "Polygon", "coordinates": [ [ [ 124.632729060859234, -9.660660756973737 ], [ 124.793788933133754, -9.310396509436531 ], [ 126.847949346608004, -9.752576663502028 ], [ 128.166245225651465, -11.635912426951478 ], [ 125.859002595923215, -11.635912426951478 ], [ 124.632729060859234, -9.660660756973737 ] ] ] } },
{ "type": "Feature", "properties": { "districtID": "5371", "district": "Kota Kupang", "distr_t_en": "Kupang City", "provinceID": "53", "province": "Nusa Tenggara Timur", "islandID": "5", "island": "Bali-Nusa Tenggara", "longitude": 123.604541, "latitude": -10.204511 }, "geometry": { "type": "Polygon", "coordinates": [ [ [ 122.598011803836272, -9.697905094660134 ], [ 122.972411851813405, -9.393266640844372 ], [ 122.981109275804002, -9.390145377737193 ], [ 124.232064168987904, -10.505437405248047 ], [ 124.767199912038194, -11.635912426951478 ], [ 124.6359819467215, -11.635912426951478 ], [ 122.612056123451211, -9.772541561689284 ], [ 122.598011803836272, -9.697905094660134 ] ] ] } },
{ "type": "Feature", "properties": { "districtID": "6101", "district": "Sambas", "distr_t_en": "Sambas", "provinceID": "61", "province": "Kalimantan Barat", "islandID": "6", "island": "Kalimantan", "longitude": 109.349579, "latitude": 1.423129 }, "geometry": { "type": "Polygon", "coordinates": [ [ [ 107.646906689238122, 2.068119744060384 ], [ 111.551692575821633, 3.871026955599191 ], [ 111.26619545062124, 2.22058882250089 ], [ 109.268727033050098, 1.108873094589292 ], [ 107.646906689238122, 2.068119744060384 ] ] ] } },
{ "type": "Feature", "properties": { "districtID": "6102", "district": "Bengkayang", "distr_t_en": "Bengkayang", "provinceID": "61", "province": "Kalimantan Barat", "islandID": "6", "island": "Kalimantan", "longitude": 109.578412, "latitude": 1.011975 }, "geometry": { "type": "Polygon", "coordinates": [ [ [ 109.268727033050098, 1.108873094589292 ], [ 111.26619545062124, 2.22058882250089 ], [ 111.257933299379062, 2.077577269137569 ], [ 110.315703502224807, 0.997116417525875 ], [ 109.400261151427202, 0.660060560305116 ], [ 109.366780541230113, 0.681573897625505 ], [ 109.268727033050098, 1.108873094589292 ] ] ] } },
{ "type": "Feature", "properties": { "districtID": "6103", "district": "Landak", "distr_t_en": "Landak", "provinceID": "61", "province": "Kalimantan Barat", "islandID": "6", "island": "Kalimantan", "longitude": 109.764082, "latitude": 0.507694 }, "geometry": { "type": "Polygon", "coordinates": [ [ [ 109.400261151427202, 0.660060560305116 ], [ 110.315703502224807, 0.997116417525875 ], [ 109.952254969466992, -0.016684681103525 ], [ 109.827488212810067, 0.014342006964805 ], [ 109.496818562042336, 0.282351325310728 ], [ 109.400261151427202, 0.660060560305116 ] ] ] } },
{ "type": "Feature", "properties": { "districtID": "6104", "district": "Mempawah", "distr_t_en": "Mempawah", "provinceID": "61", "province": "Kalimantan Barat", "islandID": "6", "island": "Kalimantan", "longitude": 109.154199, "latitude": 0.351784 }, "geometry": { "type": "Polygon", "coordinates": [ [ [ 106.910610127185365, 0.121672407127111 ], [ 109.366780541230113, 0.681573897625505 ], [ 109.400261151427202, 0.660060560305116 ], [ 109.496818562042336, 0.282351325310728 ], [ 107.466074655470962, -0.67234327991606 ], [ 107.454235132394302, -0.657721287992851 ], [ 106.910610127185365, 0.121672407127111 ] ] ] } },
{ "type": "Feature", "properties": { "districtID": "6105", "district": "Sanggau", "distr_t_en": "Sanggau", "provinceID": "61", "province": "Kalimantan Barat", "islandID": "6", "island": "Kalimantan", "longitude": 110.430729, "latitude": 0.268701 }, "geometry": { "type": "Polygon", "coordinates": [ [ [ 109.952254969466992, -0.016684681103525 ], [ 110.315703502224807, 0.997116417525875 ], [ 111.257933299379062, 2.077577269137569 ], [ 111.388123828008645, 1.522910562892035 ], [ 111.370415968208292, 1.359632623776148 ], [ 110.346741566196357, -0.496204114680278 ], [ 110.291409175116513, -0.473825335293986 ], [ 109.952254969466992, -0.016684681103525 ] ] ] } },
{ "type": "Feature", "properties": { "districtID": "6106", "district": "Ketapang", "distr_t_en": "Ketapang", "provinceID": "61", "province": "Kalimantan Barat", "islandID": "6", "island": "Kalimantan", "longitude": 110.605439, "latitude": -1.633322 }, "geometry": { "type": "Polygon", "coordinates": [ [ [ 109.432856976475989, -2.483605206022361 ], [ 110.653317488741564, -0.7989038451857 ], [ 110.916805494014866, -0.854902928576289 ], [ 111.117615894975685, -1.078997454871281 ], [ 110.947104958657789, -2.082027388969189 ], [ 109.612375343720117, -2.843618484402759 ], [ 109.432856976475989, -2.483605206022361 ] ] ] } },
{ "type": "Feature", "properties": { "districtID": "6107", "district": "Sintang", "distr_t_en": "Sintang", "provinceID": "61", "province": "Kalimantan Barat", "islandID": "6", "island": "Kalimantan", "longitude": 112.054378, "latitude": 0.092613 }, "geometry": { "type": "Polygon", "coordinates": [ [ [ 111.370415968208292, 1.359632623776148 ], [ 111.388123828008645, 1.522910562892035 ], [ 113.03440426825243, -0.159640587044795 ], [ 112.683971251443836, -0.631288174011504 ], [ 111.515147022466749, -0.098188527090928 ], [ 111.370415968208292, 1.359632623776148 ] ] ] } },
{ "type": "Feature", "properties": { "districtID": "6108", "district": "Kapuas Hulu", "distr_t_en": "Kapuas Hulu", "provinceID": "61", "province": "Kalimantan Barat", "islandID": "6", "island": "Kalimantan", "longitude": 112.803565, "latitude": 0.825649 }, "geometry": { "type": "Polygon", "coordinates": [ [ [ 111.257933299379062, 2.077577269137569 ], [ 111.26619545062124, 2.22058882250089 ], [ 111.551692575821633, 3.871026955599191 ], [ 112.321395370210169, 5.053727773235932 ], [ 113.888654202969903, 2.331353714672131 ], [ 113.823550968756777, 0.891334806288654 ], [ 113.259887575398324, -0.067632861523553 ], [ 113.03440426825243, -0.159640587044795 ], [ 111.388123828008645, 1.522910562892035 ], [ 111.257933299379062, 2.077577269137569 ] ] ] } },
{ "type": "Feature", "properties": { "districtID": "6109", "district": "Sekadau", "distr_t_en": "Sekadau", "provinceID": "61", "province": "Kalimantan Barat", "islandID": "6", "island": "Kalimantan", "longitude": 110.948927, "latitude": -0.017136 }, "geometry": { "type": "Polygon", "coordinates": [ [ [ 110.346741566196357, -0.496204114680278 ], [ 111.370415968208292, 1.359632623776148 ], [ 111.515147022466749, -0.098188527090928 ], [ 110.916805494014866, -0.854902928576289 ], [ 110.653317488741564, -0.7989038451857 ], [ 110.346741566196357, -0.496204114680278 ] ] ] } },
{ "type": "Feature", "properties": { "districtID": "6110", "district": "Melawi", "distr_t_en": "Melawi", "provinceID": "61", "province": "Kalimantan Barat", "islandID": "6", "island": "Kalimantan", "longitude": 111.724586, "latitude": -0.630457 }, "geometry": { "type": "Polygon", "coordinates": [ [ [ 110.916805494014866, -0.854902928576289 ], [ 111.515147022466749, -0.098188527090928 ], [ 112.683971251443836, -0.631288174011504 ], [ 112.6358671790681, -0.854832322658206 ], [ 112.26525869476653, -1.3273791242312 ], [ 112.201905929651744, -1.370496066330793 ], [ 111.117615894975685, -1.078997454871281 ], [ 110.916805494014866, -0.854902928576289 ] ] ] } },
{ "type": "Feature", "properties": { "districtID": "6111", "district": "Kayong Utara", "distr_t_en": "North Kayong", "provinceID": "61", "province": "Kalimantan Barat", "islandID": "6", "island": "Kalimantan", "longitude": 109.875374, "latitude": -1.104436 }, "geometry": { "type": "Polygon", "coordinates": [ [ [ 108.349751192453439, -1.38659572064094 ], [ 110.291409175116513, -0.473825335293986 ], [ 110.346741566196357, -0.496204114680278 ], [ 110.653317488741564, -0.7989038451857 ], [ 109.432856976475989, -2.483605206022361 ], [ 108.349751192453439, -1.38659572064094 ] ] ] } },
{ "type": "Feature", "properties": { "districtID": "6112", "district": "Kubu Raya", "distr_t_en": "Kubu Raya", "provinceID": "61", "province": "Kalimantan Barat", "islandID": "6", "island": "Kalimantan", "longitude": 109.540387, "latitude": -0.391847 }, "geometry": { "type": "Polygon", "coordinates": [ [ [ 107.893052228986392, -1.088442680075822 ], [ 109.827488212810067, 0.014342006964805 ], [ 109.952254969466992, -0.016684681103525 ], [ 110.291409175116513, -0.473825335293986 ], [ 108.349751192453439, -1.38659572064094 ], [ 108.080051532682845, -1.226678991746811 ], [ 107.893052228986392, -1.088442680075822 ] ] ] } },
{ "type": "Feature", "properties": { "districtID": "6171", "district": "Kota Pontianak", "distr_t_en": "Pontianak City", "provinceID": "61", "province": "Kalimantan Barat", "islandID": "6", "island": "Kalimantan", "longitude": 109.331699, "latitude": -0.02578 }, "geometry": { "type": "Polygon", "coordinates": [ [ [ 107.466074655470962, -0.67234327991606 ], [ 109.496818562042336, 0.282351325310728 ], [ 109.827488212810067, 0.014342006964805 ], [ 107.893052228986392, -1.088442680075822 ], [ 107.643290382018051, -0.945934080511039 ], [ 107.466074655470962, -0.67234327991606 ] ] ] } },
{ "type": "Feature", "properties": { "districtID": "6172", "district": "Kota Singkawang", "distr_t_en": "Singkawang City", "provinceID": "61", "province": "Kalimantan Barat", "islandID": "6", "island": "Kalimantan", "longitude": 109.032272, "latitude": 0.886651 }, "geometry": { "type": "Polygon", "coordinates": [ [ [ 106.846884318811149, 0.192742858797512 ], [ 106.871535956260985, 1.07452196660476 ], [ 107.598979277309766, 2.055342094428521 ], [ 107.646906689238122, 2.068119744060384 ], [ 109.268727033050098, 1.108873094589292 ], [ 109.366780541230113, 0.681573897625505 ], [ 106.910610127185365, 0.121672407127111 ], [ 106.846884318811149, 0.192742858797512 ] ] ] } },
{ "type": "Feature", "properties": { "districtID": "6201", "district": "Kotawaringin Barat", "distr_t_en": "West Kotawaringin", "provinceID": "62", "province": "Kalimantan Tengah", "islandID": "6", "island": "Kalimantan", "longitude": 111.774174, "latitude": -2.572351 }, "geometry": { "type": "Polygon", "coordinates": [ [ [ 111.448538107546284, -2.237499624077989 ], [ 111.754206122171396, -2.101510381432842 ], [ 112.821543240935981, -3.542692056729248 ], [ 112.770423416735824, -4.486813332033323 ], [ 112.726943937541449, -4.648698290694162 ], [ 112.304372510168292, -4.724819032789018 ], [ 111.759563764170835, -4.684289787188249 ], [ 111.573902259397016, -4.637321836154111 ], [ 111.448538107546284, -2.237499624077989 ] ] ] } },
{ "type": "Feature", "properties": { "districtID": "6202", "district": "Kotawaringin Timur", "distr_t_en": "East Kotawaringin", "provinceID": "62", "province": "Kalimantan Tengah", "islandID": "6", "island": "Kalimantan", "longitude": 112.715228, "latitude": -2.086032 }, "geometry": { "type": "Polygon", "coordinates": [ [ [ 112.197007231370904, -1.390697617851652 ], [ 112.201905929651744, -1.370496066330793 ], [ 112.26525869476653, -1.3273791242312 ], [ 113.253300937470158, -2.206828593779459 ], [ 113.276832492396082, -2.522196768589868 ], [ 112.860378261713549, -3.38412971864841 ], [ 112.197007231370904, -1.390697617851652 ] ] ] } },
{ "type": "Feature", "properties": { "districtID": "6203", "district": "Kapuas", "distr_t_en": "Kapuas", "provinceID": "62", "province": "Kalimantan Tengah", "islandID": "6", "island": "Kalimantan", "longitude": 114.302778, "latitude": -1.763853 }, "geometry": { "type": "Polygon", "coordinates": [ [ [ 113.84902769612907, -1.476840864152837 ], [ 114.348046742783993, -0.974241624307581 ], [ 114.616085119527725, -1.242090354100243 ], [ 114.598326412519256, -2.263243071455737 ], [ 114.51693357558527, -2.365495219593942 ], [ 114.201661125553215, -2.251520251950412 ], [ 113.84902769612907, -1.476840864152837 ] ] ] } },
{ "type": "Feature", "properties": { "districtID": "6204", "district": "Barito Selatan", "distr_t_en": "South Barito", "provinceID": "62", "province": "Kalimantan Tengah", "islandID": "6", "island": "Kalimantan", "longitude": 114.911061, "latitude": -1.774431 }, "geometry": { "type": "Polygon", "coordinates": [ [ [ 114.598326412519256, -2.263243071455737 ], [ 114.616085119527725, -1.242090354100243 ], [ 115.26536155840482, -1.415967580617961 ], [ 115.230397845111852, -1.651141950504357 ], [ 114.724674506032144, -2.217590491999564 ], [ 114.598326412519256, -2.263243071455737 ] ] ] } },
{ "type": "Feature", "properties": { "districtID": "6205", "district": "Barito Utara", "distr_t_en": "North Barito", "provinceID": "62", "province": "Kalimantan Tengah", "islandID": "6", "island": "Kalimantan", "longitude": 115.137626, "latitude": -0.928414 }, "geometry": { "type": "Polygon", "coordinates": [ [ [ 114.339340900748851, -0.832158510983152 ], [ 115.097000617170295, -0.092526570746744 ], [ 115.759272202761665, -1.16518426168769 ], [ 115.684168747690279, -1.253380338500623 ], [ 115.26536155840482, -1.415967580617961 ], [ 114.616085119527725, -1.242090354100243 ], [ 114.348046742783993, -0.974241624307581 ], [ 114.339340900748851, -0.832158510983152 ] ] ] } },
{ "type": "Feature", "properties": { "districtID": "6206", "district": "Sukamara", "distr_t_en": "Sukamara", "provinceID": "62", "province": "Kalimantan Tengah", "islandID": "6", "island": "Kalimantan", "longitude": 111.159564, "latitude": -2.604457 }, "geometry": { "type": "Polygon", "coordinates": [ [ [ 109.612375343720117, -2.843618484402759 ], [ 110.947104958657789, -2.082027388969189 ], [ 111.448538107546284, -2.237499624077989 ], [ 111.573902259397016, -4.637321836154111 ], [ 109.770161385210614, -4.458341228521102 ], [ 109.612375343720117, -2.843618484402759 ] ] ] } },
{ "type": "Feature", "properties": { "districtID": "6207", "district": "Lamandau", "distr_t_en": "Lamandau", "provinceID": "62", "province": "Kalimantan Tengah", "islandID": "6", "island": "Kalimantan", "longitude": 111.41785, "latitude": -1.771429 }, "geometry": { "type": "Polygon", "coordinates": [ [ [ 110.947104958657789, -2.082027388969189 ], [ 111.117615894975685, -1.078997454871281 ], [ 112.201905929651744, -1.370496066330793 ], [ 112.197007231370904, -1.390697617851652 ], [ 111.754206122171396, -2.101510381432842 ], [ 111.448538107546284, -2.237499624077989 ], [ 110.947104958657789, -2.082027388969189 ] ] ] } },
{ "type": "Feature", "properties": { "districtID": "6208", "district": "Seruyan", "distr_t_en": "Seruyan", "provinceID": "62", "province": "Kalimantan Tengah", "islandID": "6", "island": "Kalimantan", "longitude": 112.198764, "latitude": -2.2579 }, "geometry": { "type": "Polygon", "coordinates": [ [ [ 111.754206122171396, -2.101510381432842 ], [ 112.197007231370904, -1.390697617851652 ], [ 112.860378261713549, -3.38412971864841 ], [ 112.821543240935981, -3.542692056729248 ], [ 111.754206122171396, -2.101510381432842 ] ] ] } },
{ "type": "Feature", "properties": { "districtID": "6209", "district": "Katingan", "distr_t_en": "Katingan", "provinceID": "62", "province": "Kalimantan Tengah", "islandID": "6", "island": "Kalimantan", "longitude": 113.070952, "latitude": -1.686384 }, "geometry": { "type": "Polygon", "coordinates": [ [ [ 112.26525869476653, -1.3273791242312 ], [ 112.6358671790681, -0.854832322658206 ], [ 113.561713232072577, -1.537882532971659 ], [ 113.253300937470158, -2.206828593779459 ], [ 112.26525869476653, -1.3273791242312 ] ] ] } },
{ "type": "Feature", "properties": { "districtID": "6210", "district": "Pulang Pisau", "distr_t_en": "Pulang Pisau", "provinceID": "62", "province": "Kalimantan Tengah", "islandID": "6", "island": "Kalimantan", "longitude": 113.967562, "latitude": -2.691113 }, "geometry": { "type": "Polygon", "coordinates": [ [ [ 112.770423416735824, -4.486813332033323 ], [ 112.821543240935981, -3.542692056729248 ], [ 112.860378261713549, -3.38412971864841 ], [ 113.276832492396082, -2.522196768589868 ], [ 114.201661125553215, -2.251520251950412 ], [ 114.51693357558527, -2.365495219593942 ], [ 114.54283034293104, -2.487211701712209 ], [ 114.151080953596477, -3.135941032469262 ], [ 112.770423416735824, -4.486813332033323 ] ] ] } },
{ "type": "Feature", "properties": { "districtID": "6211", "district": "Gunung Mas", "distr_t_en": "Gunung Mas", "provinceID": "62", "province": "Kalimantan Tengah", "islandID": "6", "island": "Kalimantan", "longitude": 113.55878, "latitude": -1.025154 }, "geometry": { "type": "Polygon", "coordinates": [ [ [ 112.6358671790681, -0.854832322658206 ], [ 112.683971251443836, -0.631288174011504 ], [ 113.03440426825243, -0.159640587044795 ], [ 113.259887575398324, -0.067632861523553 ], [ 114.339340900748851, -0.832158510983152 ], [ 114.348046742783993, -0.974241624307581 ], [ 113.84902769612907, -1.476840864152837 ], [ 113.561713232072577, -1.537882532971659 ], [ 112.6358671790681, -0.854832322658206 ] ] ] } },
{ "type": "Feature", "properties": { "districtID": "6212", "district": "Barito Timur", "distr_t_en": "East Barito", "provinceID": "62", "province": "Kalimantan Tengah", "islandID": "6", "island": "Kalimantan", "longitude": 115.143954, "latitude": -1.982358 }, "geometry": { "type": "Polygon", "coordinates": [ [ [ 114.724674506032144, -2.217590491999564 ], [ 115.230397845111852, -1.651141950504357 ], [ 115.393939534937871, -2.135005503803113 ], [ 115.343021651677091, -2.20767667286235 ], [ 114.724674506032144, -2.217590491999564 ] ] ] } },
{ "type": "Feature", "properties": { "districtID": "6213", "district": "Murung Raya", "distr_t_en": "Murung Raya", "provinceID": "62", "province": "Kalimantan Tengah", "islandID": "6", "island": "Kalimantan", "longitude": 114.262334, "latitude": -0.031788 }, "geometry": { "type": "Polygon", "coordinates": [ [ [ 113.259887575398324, -0.067632861523553 ], [ 113.823550968756777, 0.891334806288654 ], [ 115.105367708126067, -0.064779459240611 ], [ 115.097000617170295, -0.092526570746744 ], [ 114.339340900748851, -0.832158510983152 ], [ 113.259887575398324, -0.067632861523553 ] ] ] } },
{ "type": "Feature", "properties": { "districtID": "6271", "district": "Kota Palangkaraya", "distr_t_en": "Palangka Raya City", "provinceID": "62", "province": "Kalimantan Tengah", "islandID": "6", "island": "Kalimantan", "longitude": 113.767488, "latitude": -2.007516 }, "geometry": { "type": "Polygon", "coordinates": [ [ [ 113.253300937470158, -2.206828593779459 ], [ 113.561713232072577, -1.537882532971659 ], [ 113.84902769612907, -1.476840864152837 ], [ 114.201661125553215, -2.251520251950412 ], [ 113.276832492396082, -2.522196768589868 ], [ 113.253300937470158, -2.206828593779459 ] ] ] } },
{ "type": "Feature", "properties": { "districtID": "6301", "district": "Tanah Laut", "distr_t_en": "Tanah Laut", "provinceID": "63", "province": "Kalimantan Selatan", "islandID": "6", "island": "Kalimantan", "longitude": 114.905322, "latitude": -3.819263 }, "geometry": { "type": "Polygon", "coordinates": [ [ [ 112.908402813558297, -4.751242309776122 ], [ 114.405220397350391, -3.793807139297291 ], [ 115.035595382840853, -3.584946616891223 ], [ 115.30093876934265, -3.677824865651754 ], [ 116.31386293352503, -5.657808359852028 ], [ 113.759444514883597, -5.250047741496534 ], [ 113.482890912293769, -5.130660588227831 ], [ 113.260928636820111, -5.017441829751585 ], [ 112.908402813558297, -4.751242309776122 ] ] ] } },
{ "type": "Feature", "properties": { "districtID": "6302", "district": "Kotabaru", "distr_t_en": "Kotabaru", "provinceID": "63", "province": "Kalimantan Selatan", "islandID": "6", "island": "Kalimantan", "longitude": 116.063178, "latitude": -2.98501 }, "geometry": { "type": "Polygon", "coordinates": [ [ [ 115.634075873407667, -3.010129993776643 ], [ 115.880517520859172, -2.626644473008927 ], [ 116.272903715286134, -2.367622843684183 ], [ 117.186306449687066, -2.388834386803898 ], [ 117.526398487726141, -2.539337926897435 ], [ 117.389508188442704, -4.616143950803338 ], [ 115.634075873407667, -3.010129993776643 ] ] ] } },
{ "type": "Feature", "properties": { "districtID": "6303", "district": "Banjar", "distr_t_en": "Banjar", "provinceID": "63", "province": "Kalimantan Selatan", "islandID": "6", "island": "Kalimantan", "longitude": 115.079892, "latitude": -3.320536 }, "geometry": { "type": "Polygon", "coordinates": [ [ [ 114.844326722508015, -3.226923207723485 ], [ 114.890648107325603, -3.136069881830721 ], [ 115.424594441612896, -3.089547115179331 ], [ 115.30093876934265, -3.677824865651754 ], [ 115.035595382840853, -3.584946616891223 ], [ 114.844326722508015, -3.226923207723485 ] ] ] } },
{ "type": "Feature", "properties": { "districtID": "6304", "district": "Barito Kuala", "distr_t_en": "Barito Kuala", "provinceID": "63", "province": "Kalimantan Selatan", "islandID": "6", "island": "Kalimantan", "longitude": 114.6302, "latitude": -3.091262 }, "geometry": { "type": "Polygon", "coordinates": [ [ [ 114.151080953596477, -3.135941032469262 ], [ 114.54283034293104, -2.487211701712209 ], [ 114.665496640042122, -2.585246751526125 ], [ 114.890648107325603, -3.136069881830721 ], [ 114.844326722508015, -3.226923207723485 ], [ 114.808308928095954, -3.242042055339237 ], [ 114.151080953596477, -3.135941032469262 ] ] ] } },
{ "type": "Feature", "properties": { "districtID": "6305", "district": "Tapin", "distr_t_en": "Tapin", "provinceID": "63", "province": "Kalimantan Selatan", "islandID": "6", "island": "Kalimantan", "longitude": 115.045137, "latitude": -2.921654 }, "geometry": { "type": "Polygon", "coordinates": [ [ [ 114.665496640042122, -2.585246751526125 ], [ 114.898674162662957, -2.636553623559857 ], [ 115.431959487792057, -3.080989764963419 ], [ 115.424594441612896, -3.089547115179331 ], [ 114.890648107325603, -3.136069881830721 ], [ 114.665496640042122, -2.585246751526125 ] ] ] } },
{ "type": "Feature", "properties": { "districtID": "6306", "district": "Hulu Sungai Selatan", "distr_t_en": "South Hulu Sungai", "provinceID": "63", "province": "Kalimantan Selatan", "islandID": "6", "island": "Kalimantan", "longitude": 115.205506, "latitude": -2.729225 }, "geometry": { "type": "Polygon", "coordinates": [ [ [ 114.898674162662957, -2.636553623559857 ], [ 115.295178085401062, -2.562403352559187 ], [ 115.503271117540692, -3.036667719739468 ], [ 115.431959487792057, -3.080989764963419 ], [ 114.898674162662957, -2.636553623559857 ] ] ] } },
{ "type": "Feature", "properties": { "districtID": "6307", "district": "Hulu Sungai Tengah", "distr_t_en": "Central Hulu Sungai", "provinceID": "63", "province": "Kalimantan Selatan", "islandID": "6", "island": "Kalimantan", "longitude": 115.478657, "latitude": -2.609375 }, "geometry": { "type": "Polygon", "coordinates": [ [ [ 115.295178085401062, -2.562403352559187 ], [ 115.388246511825173, -2.383297116878717 ], [ 115.880517520859172, -2.626644473008927 ], [ 115.634075873407667, -3.010129993776643 ], [ 115.503271117540692, -3.036667719739468 ], [ 115.295178085401062, -2.562403352559187 ] ] ] } },
{ "type": "Feature", "properties": { "districtID": "6308", "district": "Hulu Sungai Utara", "distr_t_en": "North Hulu Sungai", "provinceID": "63", "province": "Kalimantan Selatan", "islandID": "6", "island": "Kalimantan", "longitude": 115.15128, "latitude": -2.439261 }, "geometry": { "type": "Polygon", "coordinates": [ [ [ 114.51693357558527, -2.365495219593942 ], [ 114.598326412519256, -2.263243071455737 ], [ 114.724674506032144, -2.217590491999564 ], [ 115.343021651677091, -2.20767667286235 ], [ 115.388246511825173, -2.383297116878717 ], [ 115.295178085401062, -2.562403352559187 ], [ 114.898674162662957, -2.636553623559857 ], [ 114.665496640042122, -2.585246751526125 ], [ 114.54283034293104, -2.487211701712209 ], [ 114.51693357558527, -2.365495219593942 ] ] ] } },
{ "type": "Feature", "properties": { "districtID": "6309", "district": "Tabalong", "distr_t_en": "Tabalong", "provinceID": "63", "province": "Kalimantan Selatan", "islandID": "6", "island": "Kalimantan", "longitude": 115.500057, "latitude": -1.861998 }, "geometry": { "type": "Polygon", "coordinates": [ [ [ 115.230397845111852, -1.651141950504357 ], [ 115.26536155840482, -1.415967580617961 ], [ 115.684168747690279, -1.253380338500623 ], [ 115.839625686254834, -2.015027774945704 ], [ 115.393939534937871, -2.135005503803113 ], [ 115.230397845111852, -1.651141950504357 ] ] ] } },
{ "type": "Feature", "properties": { "districtID": "6310", "district": "Tanah Bumbu", "distr_t_en": "Tanah Bumbu", "provinceID": "63", "province": "Kalimantan Selatan", "islandID": "6", "island": "Kalimantan", "longitude": 115.647127, "latitude": -3.439769 }, "geometry": { "type": "Polygon", "coordinates": [ [ [ 115.30093876934265, -3.677824865651754 ], [ 115.424594441612896, -3.089547115179331 ], [ 115.431959487792057, -3.080989764963419 ], [ 115.503271117540692, -3.036667719739468 ], [ 115.634075873407667, -3.010129993776643 ], [ 117.389508188442704, -4.616143950803338 ], [ 117.390695111070187, -4.630710572426739 ], [ 117.299228614941981, -4.864516247782113 ], [ 117.077413962410148, -5.36374471903928 ], [ 116.863226005587904, -5.778011203431012 ], [ 116.71060775868898, -5.797776805368317 ], [ 116.31386293352503, -5.657808359852028 ], [ 115.30093876934265, -3.677824865651754 ] ] ] } },
{ "type": "Feature", "properties": { "districtID": "6311", "district": "Balangan", "distr_t_en": "Balangan", "provinceID": "63", "province": "Kalimantan Selatan", "islandID": "6", "island": "Kalimantan", "longitude": 115.62277, "latitude": -2.317846 }, "geometry": { "type": "Polygon", "coordinates": [ [ [ 115.343021651677091, -2.20767667286235 ], [ 115.393939534937871, -2.135005503803113 ], [ 115.839625686254834, -2.015027774945704 ], [ 116.272903715286134, -2.367622843684183 ], [ 115.880517520859172, -2.626644473008927 ], [ 115.388246511825173, -2.383297116878717 ], [ 115.343021651677091, -2.20767667286235 ] ] ] } },
{ "type": "Feature", "properties": { "districtID": "6371", "district": "Kota Banjarmasin", "distr_t_en": "Banjarmasin City", "provinceID": "63", "province": "Kalimantan Selatan", "islandID": "6", "island": "Kalimantan", "longitude": 114.591802, "latitude": -3.329117 }, "geometry": { "type": "Polygon", "coordinates": [ [ [ 112.726943937541449, -4.648698290694162 ], [ 112.770423416735824, -4.486813332033323 ], [ 114.151080953596477, -3.135941032469262 ], [ 114.808308928095954, -3.242042055339237 ], [ 114.405220397350391, -3.793807139297291 ], [ 112.908402813558297, -4.751242309776122 ], [ 112.726943937541449, -4.648698290694162 ] ] ] } },
{ "type": "Feature", "properties": { "districtID": "6372", "district": "Kota Banjarbaru", "distr_t_en": "Banjar Baru City", "provinceID": "63", "province": "Kalimantan Selatan", "islandID": "6", "island": "Kalimantan", "longitude": 114.791184, "latitude": -3.474774 }, "geometry": { "type": "Polygon", "coordinates": [ [ [ 114.405220397350391, -3.793807139297291 ], [ 114.808308928095954, -3.242042055339237 ], [ 114.844326722508015, -3.226923207723485 ], [ 115.035595382840853, -3.584946616891223 ], [ 114.405220397350391, -3.793807139297291 ] ] ] } },
{ "type": "Feature", "properties": { "districtID": "6401", "district": "Paser", "distr_t_en": "Paser", "provinceID": "64", "province": "Kalimantan Timur", "islandID": "6", "island": "Kalimantan", "longitude": 116.092063, "latitude": -1.741166 }, "geometry": { "type": "Polygon", "coordinates": [ [ [ 115.684168747690279, -1.253380338500623 ], [ 115.759272202761665, -1.16518426168769 ], [ 115.959167886501618, -1.122234572075529 ], [ 116.736865079126602, -1.788892021182615 ], [ 117.186306449687066, -2.388834386803898 ], [ 116.272903715286134, -2.367622843684183 ], [ 115.839625686254834, -2.015027774945704 ], [ 115.684168747690279, -1.253380338500623 ] ] ] } },
{ "type": "Feature", "properties": { "districtID": "6402", "district": "Kutai Barat", "distr_t_en": "West Kutai", "provinceID": "64", "province": "Kalimantan Timur", "islandID": "6", "island": "Kalimantan", "longitude": 115.826103, "latitude": -0.503339 }, "geometry": { "type": "Polygon", "coordinates": [ [ [ 115.097000617170295, -0.092526570746744 ], [ 115.105367708126067, -0.064779459240611 ], [ 115.633085369095127, 0.35862316731864 ], [ 116.465293726535691, -0.531643831956131 ], [ 115.959167886501618, -1.122234572075529 ], [ 115.759272202761665, -1.16518426168769 ], [ 115.097000617170295, -0.092526570746744 ] ] ] } },
{ "type": "Feature", "properties": { "districtID": "6403", "district": "Kutai Kartanegara", "distr_t_en": "Kutai Kartanegara", "provinceID": "64", "province": "Kalimantan Timur", "islandID": "6", "island": "Kalimantan", "longitude": 116.480095, "latitude": 0.108002 }, "geometry": { "type": "Polygon", "coordinates": [ [ [ 115.633085369095127, 0.35862316731864 ], [ 115.945694474958231, 1.181080129366315 ], [ 116.973953539516799, 0.424348293371194 ], [ 116.966990169826943, -0.037550586662096 ], [ 116.541606200416965, -0.524955298310701 ], [ 116.465293726535691, -0.531643831956131 ], [ 115.633085369095127, 0.35862316731864 ] ] ] } },
{ "type": "Feature", "properties": { "districtID": "6404", "district": "Kutai Timur", "distr_t_en": "East Kutai", "provinceID": "64", "province": "Kalimantan Timur", "islandID": "6", "island": "Kalimantan", "longitude": 117.12914, "latitude": 0.989935 }, "geometry": { "type": "Polygon", "coordinates": [ [ [ 115.932982715545734, 1.295048039166112 ], [ 116.329972014739056, 1.658117376060112 ], [ 118.798623850541475, 1.093659340627074 ], [ 116.973953539516799, 0.424348293371194 ], [ 115.945694474958231, 1.181080129366315 ], [ 115.932982715545734, 1.295048039166112 ] ] ] } },
{ "type": "Feature", "properties": { "districtID": "6405", "district": "Berau", "distr_t_en": "Berau", "provinceID": "64", "province": "Kalimantan Timur", "islandID": "6", "island": "Kalimantan", "longitude": 117.340108, "latitude": 1.912601 }, "geometry": { "type": "Polygon", "coordinates": [ [ [ 116.329972014739056, 1.658117376060112 ], [ 116.501829432959909, 2.116898804547787 ], [ 117.815132661919037, 2.574095694012119 ], [ 119.293465249359386, 2.309048748374925 ], [ 118.948984544312253, 1.123819364911116 ], [ 118.928481108620275, 1.102077702431421 ], [ 118.798623850541475, 1.093659340627074 ], [ 116.329972014739056, 1.658117376060112 ] ] ] } },
{ "type": "Feature", "properties": { "districtID": "6409", "district": "Penajam Paser Utara", "distr_t_en": "North Penajam Paser", "provinceID": "64", "province": "Kalimantan Timur", "islandID": "6", "island": "Kalimantan", "longitude": 116.59114, "latitude": -1.158962 }, "geometry": { "type": "Polygon", "coordinates": [ [ [ 115.959167886501618, -1.122234572075529 ], [ 116.465293726535691, -0.531643831956131 ], [ 116.541606200416965, -0.524955298310701 ], [ 116.727900994356901, -0.690673300779231 ], [ 116.736865079126602, -1.788892021182615 ], [ 115.959167886501618, -1.122234572075529 ] ] ] } },
{ "type": "Feature", "properties": { "districtID": "6411", "district": "Mahakam Ulu", "distr_t_en": "Mahakam Ulu", "provinceID": "64", "province": "Kalimantan Timur", "islandID": "6", "island": "Kalimantan", "longitude": 114.833449, "latitude": 0.733878 }, "geometry": { "type": "Polygon", "coordinates": [ [ [ 113.823550968756777, 0.891334806288654 ], [ 113.888654202969903, 2.331353714672131 ], [ 115.932982715545734, 1.295048039166112 ], [ 115.945694474958231, 1.181080129366315 ], [ 115.633085369095127, 0.35862316731864 ], [ 115.105367708126067, -0.064779459240611 ], [ 113.823550968756777, 0.891334806288654 ] ] ] } },
{ "type": "Feature", "properties": { "districtID": "6471", "district": "Kota Balikpapan", "distr_t_en": "Balikpapan City", "provinceID": "64", "province": "Kalimantan Timur", "islandID": "6", "island": "Kalimantan", "longitude": 116.872288, "latitude": -1.156668 }, "geometry": { "type": "Polygon", "coordinates": [ [ [ 116.727900994356901, -0.690673300779231 ], [ 118.184427284820742, -1.366979907620651 ], [ 118.135342391495101, -1.755413082557883 ], [ 118.109316821925063, -1.83659061145087 ], [ 117.97007279671152, -2.089144790925754 ], [ 117.526398487726141, -2.539337926897435 ], [ 117.186306449687066, -2.388834386803898 ], [ 116.736865079126602, -1.788892021182615 ], [ 116.727900994356901, -0.690673300779231 ] ] ] } },
{ "type": "Feature", "properties": { "districtID": "6472", "district": "Kota Samarinda", "distr_t_en": "Samarinda City", "provinceID": "64", "province": "Kalimantan Timur", "islandID": "6", "island": "Kalimantan", "longitude": 117.177067, "latitude": -0.500283 }, "geometry": { "type": "Polygon", "coordinates": [ [ [ 116.541606200416965, -0.524955298310701 ], [ 116.966990169826943, -0.037550586662096 ], [ 118.450636411562684, -0.739916761505583 ], [ 118.184427284820742, -1.366979907620651 ], [ 116.727900994356901, -0.690673300779231 ], [ 116.541606200416965, -0.524955298310701 ] ] ] } },
{ "type": "Feature", "properties": { "districtID": "6474", "district": "Kota Bontang", "distr_t_en": "Bontang City", "provinceID": "64", "province": "Kalimantan Timur", "islandID": "6", "island": "Kalimantan", "longitude": 117.458052, "latitude": 0.093259 }, "geometry": { "type": "Polygon", "coordinates": [ [ [ 116.966990169826943, -0.037550586662096 ], [ 116.973953539516799, 0.424348293371194 ], [ 118.798623850541475, 1.093659340627074 ], [ 118.928481108620275, 1.102077702431421 ], [ 118.544676618063193, -0.618154301078199 ], [ 118.450636411562684, -0.739916761505583 ], [ 116.966990169826943, -0.037550586662096 ] ] ] } },
{ "type": "Feature", "properties": { "districtID": "6501", "district": "Malinau", "distr_t_en": "Malinau", "provinceID": "65", "province": "Kalimantan Utara", "islandID": "6", "island": "Kalimantan", "longitude": 115.735635, "latitude": 2.513629 }, "geometry": { "type": "Polygon", "coordinates": [ [ [ 112.321395370210169, 5.053727773235932 ], [ 112.406639039919114, 5.555950225439398 ], [ 116.260601356175727, 3.218164364158483 ], [ 116.501829432959909, 2.116898804547787 ], [ 116.329972014739056, 1.658117376060112 ], [ 115.932982715545734, 1.295048039166112 ], [ 113.888654202969903, 2.331353714672131 ], [ 112.321395370210169, 5.053727773235932 ] ] ] } },
{ "type": "Feature", "properties": { "districtID": "6502", "district": "Bulungan", "distr_t_en": "Bulungan", "provinceID": "65", "province": "Kalimantan Utara", "islandID": "6", "island": "Kalimantan", "longitude": 117.032017, "latitude": 2.797597 }, "geometry": { "type": "Polygon", "coordinates": [ [ [ 116.260601356175727, 3.218164364158483 ], [ 116.470557176991392, 3.285595117945855 ], [ 117.233613185008338, 3.161482539964659 ], [ 117.815132661919037, 2.574095694012119 ], [ 116.501829432959909, 2.116898804547787 ], [ 116.260601356175727, 3.218164364158483 ] ] ] } },
{ "type": "Feature", "properties": { "districtID": "6503", "district": "Tana Tidung", "distr_t_en": "Tana Tidung", "provinceID": "65", "province": "Kalimantan Utara", "islandID": "6", "island": "Kalimantan", "longitude": 117.157731, "latitude": 3.570501 }, "geometry": { "type": "Polygon", "coordinates": [ [ [ 116.470557176991392, 3.285595117945855 ], [ 118.342486714835076, 5.4822106740033 ], [ 117.233613185008338, 3.161482539964659 ], [ 116.470557176991392, 3.285595117945855 ] ] ] } },
{ "type": "Feature", "properties": { "districtID": "6504", "district": "Nunukan", "distr_t_en": "Nunukan", "provinceID": "65", "province": "Kalimantan Utara", "islandID": "6", "island": "Kalimantan", "longitude": 116.642872, "latitude": 4.009257 }, "geometry": { "type": "Polygon", "coordinates": [ [ [ 112.374395579244265, 6.747645941745089 ], [ 119.202098620817395, 6.747645941745089 ], [ 118.342486714835076, 5.4822106740033 ], [ 116.470557176991392, 3.285595117945855 ], [ 116.260601356175727, 3.218164364158483 ], [ 112.406639039919114, 5.555950225439398 ], [ 112.374395579244265, 6.747645941745089 ] ] ] } },
{ "type": "Feature", "properties": { "districtID": "6571", "district": "Kota Tarakan", "distr_t_en": "Tarakan City", "provinceID": "65", "province": "Kalimantan Utara", "islandID": "6", "island": "Kalimantan", "longitude": 117.599504, "latitude": 3.359416 }, "geometry": { "type": "Polygon", "coordinates": [ [ [ 117.233613185008338, 3.161482539964659 ], [ 118.342486714835076, 5.4822106740033 ], [ 119.202098620817395, 6.747645941745089 ], [ 121.490117975177725, 6.747645941745089 ], [ 121.522956461380574, 5.398555553674599 ], [ 120.801167950669182, 4.249729032843767 ], [ 119.293465249359386, 2.309048748374925 ], [ 117.815132661919037, 2.574095694012119 ], [ 117.233613185008338, 3.161482539964659 ] ] ] } },
{ "type": "Feature", "properties": { "districtID": "7101", "district": "Bolaang Mongondow", "distr_t_en": "Bolaang Mongondow", "provinceID": "71", "province": "Sulawesi Utara", "islandID": "7", "island": "Sulawesi", "longitude": 124.036984, "latitude": 0.708684 }, "geometry": { "type": "Polygon", "coordinates": [ [ [ 123.749504305965772, 0.669460155413706 ], [ 123.833310217607533, 1.466276289025275 ], [ 124.174933162757512, 1.028757087757246 ], [ 124.179433890077135, 0.499549330164646 ], [ 123.749504305965772, 0.669460155413706 ] ] ] } },
{ "type": "Feature", "properties": { "districtID": "7102", "district": "Minahasa", "distr_t_en": "Minahasa", "provinceID": "71", "province": "Sulawesi Utara", "islandID": "7", "island": "Sulawesi", "longitude": 124.858105, "latitude": 1.250036 }, "geometry": { "type": "Polygon", "coordinates": [ [ [ 124.671676884280714, 1.202087346988575 ], [ 124.987986861412011, 1.371266055118637 ], [ 125.019353021844054, 1.355775219894181 ], [ 125.572284037653873, 0.664278176225325 ], [ 124.673150211190006, 1.199059623049259 ], [ 124.671676884280714, 1.202087346988575 ] ] ] } },
{ "type": "Feature", "properties": { "districtID": "7103", "district": "Kepulauan Sangihe", "distr_t_en": "Sangihe Islands", "provinceID": "71", "province": "Sulawesi Utara", "islandID": "7", "island": "Sulawesi", "longitude": 125.540974, "latitude": 3.552721 }, "geometry": { "type": "Polygon", "coordinates": [ [ [ 121.490117975177725, 6.747645941745089 ], [ 124.60957664546946, 6.747645941745089 ], [ 126.714837283634651, 2.868925655117854 ], [ 123.012407118895041, 3.395054925996307 ], [ 122.265482465058824, 4.20059222655393 ], [ 121.522956461380574, 5.398555553674599 ], [ 121.490117975177725, 6.747645941745089 ] ] ] } },
{ "type": "Feature", "properties": { "districtID": "7104", "district": "Kepulauan Talaud", "distr_t_en": "Talaud Islands", "provinceID": "71", "province": "Sulawesi Utara", "islandID": "7", "island": "Sulawesi", "longitude": 126.781076, "latitude": 4.225813 }, "geometry": { "type": "Polygon", "coordinates": [ [ [ 124.60957664546946, 6.747645941745089 ], [ 131.595894266520276, 6.747645941745089 ], [ 127.071690310229357, 2.796938638838494 ], [ 126.889922402695447, 2.72523998661193 ], [ 126.714837283634651, 2.868925655117854 ], [ 124.60957664546946, 6.747645941745089 ] ] ] } },
{ "type": "Feature", "properties": { "districtID": "7105", "district": "Minahasa Selatan", "distr_t_en": "South Minahasa", "provinceID": "71", "province": "Sulawesi Utara", "islandID": "7", "island": "Sulawesi", "longitude": 124.518904, "latitude": 1.084976 }, "geometry": { "type": "Polygon", "coordinates": [ [ [ 123.646325993017896, 2.08049968234748 ], [ 124.428050727960056, 1.495904663991197 ], [ 124.671676884280714, 1.202087346988575 ], [ 124.673150211190006, 1.199059623049259 ], [ 124.562876548854106, 0.899407522575347 ], [ 124.408718691306063, 0.903330713467051 ], [ 124.174933162757512, 1.028757087757246 ], [ 123.833310217607533, 1.466276289025275 ], [ 123.646325993017896, 2.08049968234748 ] ] ] } },
{ "type": "Feature", "properties": { "districtID": "7106", "district": "Minahasa Utara", "distr_t_en": "North Minahasa", "provinceID": "71", "province": "Sulawesi Utara", "islandID": "7", "island": "Sulawesi", "longitude": 125.005305, "latitude": 1.548088 }, "geometry": { "type": "Polygon", "coordinates": [ [ [ 124.830367689096818, 2.190159499677979 ], [ 125.27133239756057, 2.015911600814587 ], [ 125.019353021844054, 1.355775219894181 ], [ 124.987986861412011, 1.371266055118637 ], [ 124.945454039694113, 1.40846154463166 ], [ 124.830367689096818, 2.190159499677979 ] ] ] } },
{ "type": "Feature", "properties": { "districtID": "7107", "district": "Bolaang Mongondow Utara", "distr_t_en": "North Bolaang Mongondow", "provinceID": "71", "province": "Sulawesi Utara", "islandID": "7", "island": "Sulawesi", "longitude": 123.476476, "latitude": 0.767636 }, "geometry": { "type": "Polygon", "coordinates": [ [ [ 123.091761836312074, 0.972955882312151 ], [ 123.334630560664863, 2.644978100126036 ], [ 123.646325993017896, 2.08049968234748 ], [ 123.833310217607533, 1.466276289025275 ], [ 123.749504305965772, 0.669460155413706 ], [ 123.610317153941779, 0.473154340293497 ], [ 123.180788897288039, 0.80938103193122 ], [ 123.091761836312074, 0.972955882312151 ] ] ] } },
{ "type": "Feature", "properties": { "districtID": "7108", "district": "Kepulauan Siau Tagulandang Biaro", "distr_t_en": "Siau Tagulandang Biaro Islands", "provinceID": "71", "province": "Sulawesi Utara", "islandID": "7", "island": "Sulawesi", "longitude": 125.396951, "latitude": 2.539218 }, "geometry": { "type": "Polygon", "coordinates": [ [ [ 123.012407118895041, 3.395054925996307 ], [ 126.714837283634651, 2.868925655117854 ], [ 126.889922402695447, 2.72523998661193 ], [ 126.813449492178961, 2.535928336739815 ], [ 126.446204812905449, 1.857420084414816 ], [ 126.36045066854733, 1.767888872285109 ], [ 125.27133239756057, 2.015911600814587 ], [ 124.830367689096818, 2.190159499677979 ], [ 123.211155501685582, 3.066650304188091 ], [ 123.012407118895041, 3.395054925996307 ] ] ] } },
{ "type": "Feature", "properties": { "districtID": "7109", "district": "Minahasa Tenggara", "distr_t_en": "Southeast Minahasa", "provinceID": "71", "province": "Sulawesi Utara", "islandID": "7", "island": "Sulawesi", "longitude": 124.71665, "latitude": 1.012205 }, "geometry": { "type": "Polygon", "coordinates": [ [ [ 124.562876548854106, 0.899407522575347 ], [ 124.673150211190006, 1.199059623049259 ], [ 125.572284037653873, 0.664278176225325 ], [ 125.904436818648705, 0.35736060000775 ], [ 125.877678773816015, -0.020977550279669 ], [ 124.562876548854106, 0.899407522575347 ] ] ] } },
{ "type": "Feature", "properties": { "districtID": "7110", "district": "Bolaang Mongondow Selatan", "distr_t_en": "South Bolaang Mongondow", "provinceID": "71", "province": "Sulawesi Utara", "islandID": "7", "island": "Sulawesi", "longitude": 123.932498, "latitude": 0.444302 }, "geometry": { "type": "Polygon", "coordinates": [ [ [ 123.484617695465346, -0.44059452110579 ], [ 123.610317153941779, 0.473154340293497 ], [ 123.749504305965772, 0.669460155413706 ], [ 124.179433890077135, 0.499549330164646 ], [ 124.42969655551326, 0.137621618317233 ], [ 124.749249231404121, -0.540246176079663 ], [ 124.180471463130189, -0.742987076791298 ], [ 123.484617695465346, -0.44059452110579 ] ] ] } },
{ "type": "Feature", "properties": { "districtID": "7111", "district": "Bolaang Mongondow Timur", "distr_t_en": "East Bolaang Mongondow", "provinceID": "71", "province": "Sulawesi Utara", "islandID": "7", "island": "Sulawesi", "longitude": 124.509522, "latitude": 0.716316 }, "geometry": { "type": "Polygon", "coordinates": [ [ [ 124.408718691306063, 0.903330713467051 ], [ 124.562876548854106, 0.899407522575347 ], [ 125.877678773816015, -0.020977550279669 ], [ 125.889066690149619, -0.269161350409833 ], [ 125.475530824399215, -0.474403166071548 ], [ 124.749249231404121, -0.540246176079663 ], [ 124.42969655551326, 0.137621618317233 ], [ 124.408718691306063, 0.903330713467051 ] ] ] } },
{ "type": "Feature", "properties": { "districtID": "7171", "district": "Kota Manado", "distr_t_en": "Manado City", "provinceID": "71", "province": "Sulawesi Utara", "islandID": "7", "island": "Sulawesi", "longitude": 124.847902, "latitude": 1.524915 }, "geometry": { "type": "Polygon", "coordinates": [ [ [ 123.211155501685582, 3.066650304188091 ], [ 124.830367689096818, 2.190159499677979 ], [ 124.945454039694113, 1.40846154463166 ], [ 124.428050727960056, 1.495904663991197 ], [ 123.646325993017896, 2.08049968234748 ], [ 123.334630560664863, 2.644978100126036 ], [ 123.211155501685582, 3.066650304188091 ] ] ] } },
{ "type": "Feature", "properties": { "districtID": "7172", "district": "Kota Bitung", "distr_t_en": "Bitung City", "provinceID": "71", "province": "Sulawesi Utara", "islandID": "7", "island": "Sulawesi", "longitude": 125.157972, "latitude": 1.489814 }, "geometry": { "type": "Polygon", "coordinates": [ [ [ 125.019353021844054, 1.355775219894181 ], [ 125.27133239756057, 2.015911600814587 ], [ 126.36045066854733, 1.767888872285109 ], [ 125.904436818648705, 0.35736060000775 ], [ 125.572284037653873, 0.664278176225325 ], [ 125.019353021844054, 1.355775219894181 ] ] ] } },
{ "type": "Feature", "properties": { "districtID": "7173", "district": "Kota Tomohon", "distr_t_en": "Tomohon City", "provinceID": "71", "province": "Sulawesi Utara", "islandID": "7", "island": "Sulawesi", "longitude": 124.815051, "latitude": 1.330534 }, "geometry": { "type": "Polygon", "coordinates": [ [ [ 124.428050727960056, 1.495904663991197 ], [ 124.945454039694113, 1.40846154463166 ], [ 124.987986861412011, 1.371266055118637 ], [ 124.671676884280714, 1.202087346988575 ], [ 124.428050727960056, 1.495904663991197 ] ] ] } },
{ "type": "Feature", "properties": { "districtID": "7174", "district": "Kota Kotamobagu", "distr_t_en": "Kotamobagu City", "provinceID": "71", "province": "Sulawesi Utara", "islandID": "7", "island": "Sulawesi", "longitude": 124.318306, "latitude": 0.711077 }, "geometry": { "type": "Polygon", "coordinates": [ [ [ 124.174933162757512, 1.028757087757246 ], [ 124.408718691306063, 0.903330713467051 ], [ 124.42969655551326, 0.137621618317233 ], [ 124.179433890077135, 0.499549330164646 ], [ 124.174933162757512, 1.028757087757246 ] ] ] } },
{ "type": "Feature", "properties": { "districtID": "7201", "district": "Banggai Kepulauan", "distr_t_en": "Banggai Islands", "provinceID": "72", "province": "Sulawesi Tengah", "islandID": "7", "island": "Sulawesi", "longitude": 123.143289, "latitude": -1.371795 }, "geometry": { "type": "Polygon", "coordinates": [ [ [ 122.401658012273757, -1.924300728130135 ], [ 123.35266477297462, -0.430267640184358 ], [ 123.484617695465346, -0.44059452110579 ], [ 124.180471463130189, -0.742987076791298 ], [ 124.16736176077012, -0.789731517944052 ], [ 122.690789992814501, -2.186622758078544 ], [ 122.401658012273757, -1.924300728130135 ] ] ] } },
{ "type": "Feature", "properties": { "districtID": "7202", "district": "Banggai", "distr_t_en": "Banggai", "provinceID": "72", "province": "Sulawesi Tengah", "islandID": "7", "island": "Sulawesi", "longitude": 122.588284, "latitude": -1.018513 }, "geometry": { "type": "Polygon", "coordinates": [ [ [ 121.995413512210376, -0.255039471298137 ], [ 122.571584107076646, -0.164999512366261 ], [ 123.151526388915073, -0.338960104549468 ], [ 123.35266477297462, -0.430267640184358 ], [ 122.401658012273757, -1.924300728130135 ], [ 122.307187024320044, -1.887314938832139 ], [ 122.139518946935141, -1.640086831517896 ], [ 121.995413512210376, -0.255039471298137 ] ] ] } },
{ "type": "Feature", "properties": { "districtID": "7203", "district": "Morowali", "distr_t_en": "Morowali", "provinceID": "72", "province": "Sulawesi Tengah", "islandID": "7", "island": "Sulawesi", "longitude": 121.923699, "latitude": -2.71603 }, "geometry": { "type": "Polygon", "coordinates": [ [ [ 121.471604277871535, -2.906717195384477 ], [ 121.591129986136991, -2.312360247063875 ], [ 122.307187024320044, -1.887314938832139 ], [ 122.401658012273757, -1.924300728130135 ], [ 122.690789992814501, -2.186622758078544 ], [ 123.093113426609165, -2.876782466493351 ], [ 121.648351417281518, -3.105410886724945 ], [ 121.607067765342265, -3.10235639996654 ], [ 121.471604277871535, -2.906717195384477 ] ] ] } },
{ "type": "Feature", "properties": { "districtID": "7204", "district": "Poso", "distr_t_en": "Poso", "provinceID": "72", "province": "Sulawesi Tengah", "islandID": "7", "island": "Sulawesi", "longitude": 120.533728, "latitude": -1.678422 }, "geometry": { "type": "Polygon", "coordinates": [ [ [ 120.082276476048975, -1.89989614860537 ], [ 120.485182403493013, -1.063842912325796 ], [ 120.763338944596242, -0.858317160328893 ], [ 121.032210108100685, -1.362223375272938 ], [ 120.911426184278326, -2.062797079963332 ], [ 120.690139121705712, -2.212724579633781 ], [ 120.082276476048975, -1.89989614860537 ] ] ] } },
{ "type": "Feature", "properties": { "districtID": "7205", "district": "Donggala", "distr_t_en": "Donggala", "provinceID": "72", "province": "Sulawesi Tengah", "islandID": "7", "island": "Sulawesi", "longitude": 119.830645, "latitude": -0.436095 }, "geometry": { "type": "Polygon", "coordinates": [ [ [ 118.544676618063193, -0.618154301078199 ], [ 118.928481108620275, 1.102077702431421 ], [ 118.948984544312253, 1.123819364911116 ], [ 119.363304349505768, 0.850521323934762 ], [ 120.377363953807887, -0.53384886051213 ], [ 119.109009072431121, -0.791166643224622 ], [ 118.544676618063193, -0.618154301078199 ] ] ] } },
{ "type": "Feature", "properties": { "districtID": "7206", "district": "Tolitoli", "distr_t_en": "Tolitoli", "provinceID": "72", "province": "Sulawesi Tengah", "islandID": "7", "island": "Sulawesi", "longitude": 120.730012, "latitude": 0.927344 }, "geometry": { "type": "Polygon", "coordinates": [ [ [ 118.948984544312253, 1.123819364911116 ], [ 119.293465249359386, 2.309048748374925 ], [ 120.801167950669182, 4.249729032843767 ], [ 121.106867832708261, 0.344554287020074 ], [ 121.099588850499742, 0.314720289350888 ], [ 119.363304349505768, 0.850521323934762 ], [ 118.948984544312253, 1.123819364911116 ] ] ] } },
{ "type": "Feature", "properties": { "districtID": "7207", "district": "Buol", "distr_t_en": "Buol", "provinceID": "72", "province": "Sulawesi Tengah", "islandID": "7", "island": "Sulawesi", "longitude": 121.388447, "latitude": 0.978886 }, "geometry": { "type": "Polygon", "coordinates": [ [ [ 120.801167950669182, 4.249729032843767 ], [ 121.522956461380574, 5.398555553674599 ], [ 122.265482465058824, 4.20059222655393 ], [ 122.060715931143875, 1.400298410376481 ], [ 122.060165242022492, 1.398712694179695 ], [ 121.106867832708261, 0.344554287020074 ], [ 120.801167950669182, 4.249729032843767 ] ] ] } },
{ "type": "Feature", "properties": { "districtID": "7208", "district": "Parigi Moutong", "distr_t_en": "Parigi Moutong", "provinceID": "72", "province": "Sulawesi Tengah", "islandID": "7", "island": "Sulawesi", "longitude": 120.449055, "latitude": 0.016894 }, "geometry": { "type": "Polygon", "coordinates": [ [ [ 119.363304349505768, 0.850521323934762 ], [ 121.099588850499742, 0.314720289350888 ], [ 121.372422521233034, -0.197592919976882 ], [ 120.776082805948917, -0.784657412850933 ], [ 120.377363953807887, -0.53384886051213 ], [ 119.363304349505768, 0.850521323934762 ] ] ] } },
{ "type": "Feature", "properties": { "districtID": "7209", "district": "Tojo Una-Una", "distr_t_en": "Tojo Una-Una", "provinceID": "72", "province": "Sulawesi Tengah", "islandID": "7", "island": "Sulawesi", "longitude": 121.572409, "latitude": -1.124209 }, "geometry": { "type": "Polygon", "coordinates": [ [ [ 120.763338944596242, -0.858317160328893 ], [ 120.776082805948917, -0.784657412850933 ], [ 121.372422521233034, -0.197592919976882 ], [ 121.966092737278956, -0.242588079928934 ], [ 121.995413512210376, -0.255039471298137 ], [ 122.139518946935141, -1.640086831517896 ], [ 121.032210108100685, -1.362223375272938 ], [ 120.763338944596242, -0.858317160328893 ] ] ] } },
{ "type": "Feature", "properties": { "districtID": "7210", "district": "Sigi", "distr_t_en": "Sigi", "provinceID": "72", "province": "Sulawesi Tengah", "islandID": "7", "island": "Sulawesi", "longitude": 119.974227, "latitude": -1.408791 }, "geometry": { "type": "Polygon", "coordinates": [ [ [ 119.689139821042417, -1.150513059076884 ], [ 120.485182403493013, -1.063842912325796 ], [ 120.082276476048975, -1.89989614860537 ], [ 120.009590431696722, -1.913901344718877 ], [ 119.792084911062688, -1.744276786390923 ], [ 119.689139821042417, -1.150513059076884 ] ] ] } },
{ "type": "Feature", "properties": { "districtID": "7211", "district": "Banggai Laut", "distr_t_en": "Banggai Laut", "provinceID": "72", "province": "Sulawesi Tengah", "islandID": "7", "island": "Sulawesi", "longitude": 123.529442, "latitude": -1.779974 }, "geometry": { "type": "Polygon", "coordinates": [ [ [ 122.690789992814501, -2.186622758078544 ], [ 124.16736176077012, -0.789731517944052 ], [ 124.092283225151448, -3.09190903085037 ], [ 123.133015921908211, -2.913915311751296 ], [ 123.093113426609165, -2.876782466493351 ], [ 122.690789992814501, -2.186622758078544 ] ] ] } },
{ "type": "Feature", "properties": { "districtID": "7212", "district": "Morowali Utara", "distr_t_en": "North Morowali", "provinceID": "72", "province": "Sulawesi Tengah", "islandID": "7", "island": "Sulawesi", "longitude": 121.396031, "latitude": -1.827089 }, "geometry": { "type": "Polygon", "coordinates": [ [ [ 120.911426184278326, -2.062797079963332 ], [ 121.032210108100685, -1.362223375272938 ], [ 122.139518946935141, -1.640086831517896 ], [ 122.307187024320044, -1.887314938832139 ], [ 121.591129986136991, -2.312360247063875 ], [ 120.911426184278326, -2.062797079963332 ] ] ] } },
{ "type": "Feature", "properties": { "districtID": "7271", "district": "Kota Palu", "distr_t_en": "Palu City", "provinceID": "72", "province": "Sulawesi Tengah", "islandID": "7", "island": "Sulawesi", "longitude": 119.911966, "latitude": -0.836936 }, "geometry": { "type": "Polygon", "coordinates": [ [ [ 119.109009072431121, -0.791166643224622 ], [ 120.377363953807887, -0.53384886051213 ], [ 120.776082805948917, -0.784657412850933 ], [ 120.763338944596242, -0.858317160328893 ], [ 120.485182403493013, -1.063842912325796 ], [ 119.689139821042417, -1.150513059076884 ], [ 119.109009072431121, -0.791166643224622 ] ] ] } },
{ "type": "Feature", "properties": { "districtID": "7301", "district": "Kepulauan Selayar", "distr_t_en": "Selayar Islands", "provinceID": "73", "province": "Sulawesi Selatan", "islandID": "7", "island": "Sulawesi", "longitude": 120.718188, "latitude": -6.558848 }, "geometry": { "type": "Polygon", "coordinates": [ [ [ 119.275332414439404, -7.022017997113132 ], [ 120.03340733125242, -6.242926705681833 ], [ 120.259979368813944, -6.087980411449595 ], [ 121.255499290440127, -5.660718181497686 ], [ 121.442940730004494, -5.781665809252261 ], [ 121.753645565458299, -6.20211981729192 ], [ 122.166976401597083, -7.048342731314291 ], [ 122.104237932506265, -7.125666106951436 ], [ 121.864815298786283, -7.311134557554682 ], [ 121.470078287036827, -7.500761009080386 ], [ 121.240727334546506, -7.560496751432354 ], [ 121.152947851380944, -7.572309105805647 ], [ 120.559033615968374, -7.563792348430121 ], [ 120.105044487098908, -7.492168060403756 ], [ 119.537254350132301, -7.289472958115859 ], [ 119.275332414439404, -7.022017997113132 ] ] ] } },
{ "type": "Feature", "properties": { "districtID": "7302", "district": "Bulukumba", "distr_t_en": "Bulukumba", "provinceID": "73", "province": "Sulawesi Selatan", "islandID": "7", "island": "Sulawesi", "longitude": 120.234331, "latitude": -5.431464 }, "geometry": { "type": "Polygon", "coordinates": [ [ [ 120.087733722738392, -5.363627506778928 ], [ 120.984238424513791, -4.964473383535839 ], [ 121.255499290440127, -5.660718181497686 ], [ 120.259979368813944, -6.087980411449595 ], [ 120.087733722738392, -5.363627506778928 ] ] ] } },
{ "type": "Feature", "properties": { "districtID": "7303", "district": "Bantaeng", "distr_t_en": "Bantaeng", "provinceID": "73", "province": "Sulawesi Selatan", "islandID": "7", "island": "Sulawesi", "longitude": 119.987363, "latitude": -5.490192 }, "geometry": { "type": "Polygon", "coordinates": [ [ [ 119.821282992592728, -5.44663020546539 ], [ 119.932493808165489, -5.281807535959816 ], [ 120.087733722738392, -5.363627506778928 ], [ 120.259979368813944, -6.087980411449595 ], [ 120.03340733125242, -6.242926705681833 ], [ 119.821282992592728, -5.44663020546539 ] ] ] } },
{ "type": "Feature", "properties": { "districtID": "7304", "district": "Jeneponto", "distr_t_en": "Jeneponto", "provinceID": "73", "province": "Sulawesi Selatan", "islandID": "7", "island": "Sulawesi", "longitude": 119.698883, "latitude": -5.56704 }, "geometry": { "type": "Polygon", "coordinates": [ [ [ 118.696824826592774, -6.838364120179713 ], [ 119.626895035393133, -5.4316897403292 ], [ 119.821282992592728, -5.44663020546539 ], [ 120.03340733125242, -6.242926705681833 ], [ 119.275332414439404, -7.022017997113132 ], [ 118.696824826592774, -6.838364120179713 ] ] ] } },
{ "type": "Feature", "properties": { "districtID": "7305", "district": "Takalar", "distr_t_en": "Takalar", "provinceID": "73", "province": "Sulawesi Selatan", "islandID": "7", "island": "Sulawesi", "longitude": 119.474164, "latitude": -5.418459 }, "geometry": { "type": "Polygon", "coordinates": [ [ [ 116.863226005587904, -5.778011203431012 ], [ 117.077413962410148, -5.36374471903928 ], [ 119.556217419111661, -5.273880151838307 ], [ 119.626895035393133, -5.4316897403292 ], [ 118.696824826592774, -6.838364120179713 ], [ 118.494507062325596, -6.792251979765501 ], [ 118.429145876760316, -6.773967347467925 ], [ 117.381879810896535, -6.342824405753145 ], [ 116.863226005587904, -5.778011203431012 ] ] ] } },
{ "type": "Feature", "properties": { "districtID": "7306", "district": "Gowa", "distr_t_en": "Gowa", "provinceID": "73", "province": "Sulawesi Selatan", "islandID": "7", "island": "Sulawesi", "longitude": 119.718721, "latitude": -5.30893 }, "geometry": { "type": "Polygon", "coordinates": [ [ [ 119.556217419111661, -5.273880151838307 ], [ 119.638931535732581, -5.152267829904626 ], [ 119.903067268308774, -5.158744548709715 ], [ 119.932493808165489, -5.281807535959816 ], [ 119.821282992592728, -5.44663020546539 ], [ 119.626895035393133, -5.4316897403292 ], [ 119.556217419111661, -5.273880151838307 ] ] ] } },
{ "type": "Feature", "properties": { "districtID": "7307", "district": "Sinjai", "distr_t_en": "Sinjai", "provinceID": "73", "province": "Sulawesi Selatan", "islandID": "7", "island": "Sulawesi", "longitude": 120.135413, "latitude": -5.209292 }, "geometry": { "type": "Polygon", "coordinates": [ [ [ 119.903067268308774, -5.158744548709715 ], [ 120.008214712640793, -4.95349984999658 ], [ 120.979212551345867, -4.943335359551918 ], [ 120.984238424513791, -4.964473383535839 ], [ 120.087733722738392, -5.363627506778928 ], [ 119.932493808165489, -5.281807535959816 ], [ 119.903067268308774, -5.158744548709715 ] ] ] } },
{ "type": "Feature", "properties": { "districtID": "7308", "district": "Maros", "distr_t_en": "Maros", "provinceID": "73", "province": "Sulawesi Selatan", "islandID": "7", "island": "Sulawesi", "longitude": 119.726303, "latitude": -4.999704 }, "geometry": { "type": "Polygon", "coordinates": [ [ [ 119.584021762573443, -5.04626341243923 ], [ 119.663612383943104, -4.72252478082305 ], [ 119.827020241571176, -4.713341075600725 ], [ 120.008214712640793, -4.95349984999658 ], [ 119.903067268308774, -5.158744548709715 ], [ 119.638931535732581, -5.152267829904626 ], [ 119.584021762573443, -5.04626341243923 ] ] ] } },
{ "type": "Feature", "properties": { "districtID": "7309", "district": "Pangkajene dan Kepulauan", "distr_t_en": "Pangkajene Islands", "provinceID": "73", "province": "Sulawesi Selatan", "islandID": "7", "island": "Sulawesi", "longitude": 119.479548, "latitude": -4.93904 }, "geometry": { "type": "Polygon", "coordinates": [ [ [ 117.299228614941981, -4.864516247782113 ], [ 117.390695111070187, -4.630710572426739 ], [ 118.39168932151162, -4.31264793229584 ], [ 118.555303776621486, -4.279261144477859 ], [ 118.708176880156344, -4.310261577876191 ], [ 119.663612383943104, -4.72252478082305 ], [ 119.584021762573443, -5.04626341243923 ], [ 117.299228614941981, -4.864516247782113 ] ] ] } },
{ "type": "Feature", "properties": { "districtID": "7310", "district": "Barru", "distr_t_en": "Barru", "provinceID": "73", "province": "Sulawesi Selatan", "islandID": "7", "island": "Sulawesi", "longitude": 119.694851, "latitude": -4.440067 }, "geometry": { "type": "Polygon", "coordinates": [ [ [ 118.708176880156344, -4.310261577876191 ], [ 119.713522042141136, -4.233224975875606 ], [ 119.898942226677661, -4.590616603990756 ], [ 119.827020241571176, -4.713341075600725 ], [ 119.663612383943104, -4.72252478082305 ], [ 118.708176880156344, -4.310261577876191 ] ] ] } },
{ "type": "Feature", "properties": { "districtID": "7311", "district": "Bone", "distr_t_en": "Bone", "provinceID": "73", "province": "Sulawesi Selatan", "islandID": "7", "island": "Sulawesi", "longitude": 120.13003, "latitude": -4.695101 }, "geometry": { "type": "Polygon", "coordinates": [ [ [ 119.827020241571176, -4.713341075600725 ], [ 119.898942226677661, -4.590616603990756 ], [ 120.26259530206822, -4.350253106441683 ], [ 120.825876397401515, -4.384531083304726 ], [ 120.990822860721309, -4.754588240205631 ], [ 120.979212551345867, -4.943335359551918 ], [ 120.008214712640793, -4.95349984999658 ], [ 119.827020241571176, -4.713341075600725 ] ] ] } },
{ "type": "Feature", "properties": { "districtID": "7312", "district": "Soppeng", "distr_t_en": "Soppeng", "provinceID": "73", "province": "Sulawesi Selatan", "islandID": "7", "island": "Sulawesi", "longitude": 119.89338, "latitude": -4.337066 }, "geometry": { "type": "Polygon", "coordinates": [ [ [ 119.713522042141136, -4.233224975875606 ], [ 119.923164684859415, -4.075472630905852 ], [ 120.26259530206822, -4.350253106441683 ], [ 119.898942226677661, -4.590616603990756 ], [ 119.713522042141136, -4.233224975875606 ] ] ] } },
{ "type": "Feature", "properties": { "districtID": "7313", "district": "Wajo", "distr_t_en": "Wajo", "provinceID": "73", "province": "Sulawesi Selatan", "islandID": "7", "island": "Sulawesi", "longitude": 120.172824, "latitude": -3.991875 }, "geometry": { "type": "Polygon", "coordinates": [ [ [ 119.923017063155882, -4.073582172412612 ], [ 120.319998795649639, -3.597438661338541 ], [ 120.6338474599591, -3.601522522440201 ], [ 120.855947504387316, -3.894340659162916 ], [ 120.825876397401515, -4.384531083304726 ], [ 120.26259530206822, -4.350253106441683 ], [ 119.923164684859415, -4.075472630905852 ], [ 119.923017063155882, -4.073582172412612 ] ] ] } },
{ "type": "Feature", "properties": { "districtID": "7314", "district": "Sidenreng Rappang", "distr_t_en": "Sidenreng Rappang", "provinceID": "73", "province": "Sulawesi Selatan", "islandID": "7", "island": "Sulawesi", "longitude": 119.958464, "latitude": -3.813153 }, "geometry": { "type": "Polygon", "coordinates": [ [ [ 119.73145950301452, -3.81502513875723 ], [ 119.795796751856088, -3.69126398261148 ], [ 120.24411154149783, -3.569663209821063 ], [ 120.319998795649639, -3.597438661338541 ], [ 119.923017063155882, -4.073582172412612 ], [ 119.73145950301452, -3.81502513875723 ] ] ] } },
{ "type": "Feature", "properties": { "districtID": "7315", "district": "Pinrang", "distr_t_en": "Pinrang", "provinceID": "73", "province": "Sulawesi Selatan", "islandID": "7", "island": "Sulawesi", "longitude": 119.602578, "latitude": -3.628146 }, "geometry": { "type": "Polygon", "coordinates": [ [ [ 119.062748240835035, -3.916081408756527 ], [ 119.470497741084188, -3.332182988410676 ], [ 119.64911584473235, -3.370189306259394 ], [ 119.795796751856088, -3.69126398261148 ], [ 119.73145950301452, -3.81502513875723 ], [ 119.062748240835035, -3.916081408756527 ] ] ] } },
{ "type": "Feature", "properties": { "districtID": "7316", "district": "Enrekang", "distr_t_en": "Enrekang", "provinceID": "73", "province": "Sulawesi Selatan", "islandID": "7", "island": "Sulawesi", "longitude": 119.874578, "latitude": -3.503885 }, "geometry": { "type": "Polygon", "coordinates": [ [ [ 119.64911584473235, -3.370189306259394 ], [ 119.930598989861537, -3.252052448624277 ], [ 120.24411154149783, -3.569663209821063 ], [ 119.795796751856088, -3.69126398261148 ], [ 119.64911584473235, -3.370189306259394 ] ] ] } },
{ "type": "Feature", "properties": { "districtID": "7317", "district": "Luwu", "distr_t_en": "Luwu", "provinceID": "73", "province": "Sulawesi Selatan", "islandID": "7", "island": "Sulawesi", "longitude": 120.183137, "latitude": -3.199306 }, "geometry": { "type": "Polygon", "coordinates": [ [ [ 119.930598989861537, -3.252052448624277 ], [ 119.953382155894786, -3.123668349789359 ], [ 120.673503474220126, -3.007670248471883 ], [ 120.6338474599591, -3.601522522440201 ], [ 120.319998795649639, -3.597438661338541 ], [ 120.24411154149783, -3.569663209821063 ], [ 119.930598989861537, -3.252052448624277 ] ] ] } },
{ "type": "Feature", "properties": { "districtID": "7318", "district": "Tana Toraja", "distr_t_en": "Tana Toraja", "provinceID": "73", "province": "Sulawesi Selatan", "islandID": "7", "island": "Sulawesi", "longitude": 119.71163, "latitude": -3.115632 }, "geometry": { "type": "Polygon", "coordinates": [ [ [ 119.431937438598339, -3.220261899590699 ], [ 119.583653195009617, -2.865501855791291 ], [ 119.945952551439873, -3.099828953586523 ], [ 119.953382155894786, -3.123668349789359 ], [ 119.930598989861537, -3.252052448624277 ], [ 119.64911584473235, -3.370189306259394 ], [ 119.470497741084188, -3.332182988410676 ], [ 119.431937438598339, -3.220261899590699 ] ] ] } },
{ "type": "Feature", "properties": { "districtID": "7322", "district": "Luwu Utara", "distr_t_en": "North Luwu", "provinceID": "73", "province": "Sulawesi Selatan", "islandID": "7", "island": "Sulawesi", "longitude": 120.164441, "latitude": -2.395989 }, "geometry": { "type": "Polygon", "coordinates": [ [ [ 119.73999390250097, -2.361735230112497 ], [ 120.009590431696722, -1.913901344718877 ], [ 120.082276476048975, -1.89989614860537 ], [ 120.690139121705712, -2.212724579633781 ], [ 120.609075778334841, -2.700790842664855 ], [ 120.092022566056841, -2.68601859396075 ], [ 119.757613661686889, -2.478468645795035 ], [ 119.73999390250097, -2.361735230112497 ] ] ] } },
{ "type": "Feature", "properties": { "districtID": "7325", "district": "Luwu Timur", "distr_t_en": "East Luwu", "provinceID": "73", "province": "Sulawesi Selatan", "islandID": "7", "island": "Sulawesi", "longitude": 121.128369, "latitude": -2.556088 }, "geometry": { "type": "Polygon", "coordinates": [ [ [ 120.609075778334841, -2.700790842664855 ], [ 120.690139121705712, -2.212724579633781 ], [ 120.911426184278326, -2.062797079963332 ], [ 121.591129986136991, -2.312360247063875 ], [ 121.471604277871535, -2.906717195384477 ], [ 120.700706366644411, -2.912898465510771 ], [ 120.609075778334841, -2.700790842664855 ] ] ] } },
{ "type": "Feature", "properties": { "districtID": "7326", "district": "Toraja Utara", "distr_t_en": "North Toraja", "provinceID": "73", "province": "Sulawesi Selatan", "islandID": "7", "island": "Sulawesi", "longitude": 119.864266, "latitude": -2.879638 }, "geometry": { "type": "Polygon", "coordinates": [ [ [ 119.569738452714859, -2.749764700697786 ], [ 119.757613661686889, -2.478468645795035 ], [ 120.092022566056841, -2.68601859396075 ], [ 119.945952551439873, -3.099828953586523 ], [ 119.583653195009617, -2.865501855791291 ], [ 119.569738452714859, -2.749764700697786 ] ] ] } },
{ "type": "Feature", "properties": { "districtID": "7371", "district": "Kota Makassar", "distr_t_en": "Makassar City", "provinceID": "73", "province": "Sulawesi Selatan", "islandID": "7", "island": "Sulawesi", "longitude": 119.46391, "latitude": -5.135622 }, "geometry": { "type": "Polygon", "coordinates": [ [ [ 117.077413962410148, -5.36374471903928 ], [ 117.299228614941981, -4.864516247782113 ], [ 119.584021762573443, -5.04626341243923 ], [ 119.638931535732581, -5.152267829904626 ], [ 119.556217419111661, -5.273880151838307 ], [ 117.077413962410148, -5.36374471903928 ] ] ] } },
{ "type": "Feature", "properties": { "districtID": "7372", "district": "Kota Parepare", "distr_t_en": "Parepare City", "provinceID": "73", "province": "Sulawesi Selatan", "islandID": "7", "island": "Sulawesi", "longitude": 119.663555, "latitude": -4.031643 }, "geometry": { "type": "Polygon", "coordinates": [ [ [ 118.555303776621486, -4.279261144477859 ], [ 119.062748240835035, -3.916081408756527 ], [ 119.73145950301452, -3.81502513875723 ], [ 119.923017063155882, -4.073582172412612 ], [ 119.923164684859415, -4.075472630905852 ], [ 119.713522042141136, -4.233224975875606 ], [ 118.708176880156344, -4.310261577876191 ], [ 118.555303776621486, -4.279261144477859 ] ] ] } },
{ "type": "Feature", "properties": { "districtID": "7373", "district": "Kota Palopo", "distr_t_en": "Palopo City", "provinceID": "73", "province": "Sulawesi Selatan", "islandID": "7", "island": "Sulawesi", "longitude": 120.147765, "latitude": -2.97971 }, "geometry": { "type": "Polygon", "coordinates": [ [ [ 119.945952551439873, -3.099828953586523 ], [ 120.092022566056841, -2.68601859396075 ], [ 120.609075778334841, -2.700790842664855 ], [ 120.700706366644411, -2.912898465510771 ], [ 120.673503474220126, -3.007670248471883 ], [ 119.953382155894786, -3.123668349789359 ], [ 119.945952551439873, -3.099828953586523 ] ] ] } },
{ "type": "Feature", "properties": { "districtID": "7401", "district": "Buton", "distr_t_en": "Buton", "provinceID": "74", "province": "Sulawesi Tenggara", "islandID": "7", "island": "Sulawesi", "longitude": 122.92293, "latitude": -5.316537 }, "geometry": { "type": "Polygon", "coordinates": [ [ [ 122.712345746030294, -5.181056216471042 ], [ 122.934962983165732, -5.005411511308957 ], [ 123.461089542368597, -5.082210332771575 ], [ 123.236150155736681, -5.84345327581335 ], [ 122.866919963866465, -5.521409422259979 ], [ 122.712345746030294, -5.181056216471042 ] ] ] } },
{ "type": "Feature", "properties": { "districtID": "7402", "district": "Muna", "distr_t_en": "Muna", "provinceID": "74", "province": "Sulawesi Tenggara", "islandID": "7", "island": "Sulawesi", "longitude": 122.629575, "latitude": -4.944731 }, "geometry": { "type": "Polygon", "coordinates": [ [ [ 122.396143560024043, -5.057704921642006 ], [ 122.737510735605241, -4.691661385112709 ], [ 122.934962983165732, -5.005411511308957 ], [ 122.712345746030294, -5.181056216471042 ], [ 122.610666217740899, -5.19076526733472 ], [ 122.396143560024043, -5.057704921642006 ] ] ] } },
{ "type": "Feature", "properties": { "districtID": "7403", "district": "Konawe", "distr_t_en": "Konawe", "provinceID": "74", "province": "Sulawesi Tenggara", "islandID": "7", "island": "Sulawesi", "longitude": 121.863396, "latitude": -3.531075 }, "geometry": { "type": "Polygon", "coordinates": [ [ [ 121.488404918651383, -3.424971695538673 ], [ 121.607067765342265, -3.10235639996654 ], [ 121.648351417281518, -3.105410886724945 ], [ 122.199809137860512, -3.761994630588462 ], [ 122.062818763541614, -3.958537721699042 ], [ 122.051584069641663, -3.967134923638537 ], [ 121.488404918651383, -3.424971695538673 ] ] ] } },
{ "type": "Feature", "properties": { "districtID": "7404", "district": "Kolaka", "distr_t_en": "Kolaka", "provinceID": "74", "province": "Sulawesi Tenggara", "islandID": "7", "island": "Sulawesi", "longitude": 121.522027, "latitude": -4.074643 }, "geometry": { "type": "Polygon", "coordinates": [ [ [ 120.825876397401515, -4.384531083304726 ], [ 120.855947504387316, -3.894340659162916 ], [ 121.083644823927855, -3.785520238307565 ], [ 121.993642333157425, -4.068185941343691 ], [ 121.940535978810956, -4.322631616913496 ], [ 120.990822860721309, -4.754588240205631 ], [ 120.825876397401515, -4.384531083304726 ] ] ] } },
{ "type": "Feature", "properties": { "districtID": "7405", "district": "Konawe Selatan", "distr_t_en": "South Konawe", "provinceID": "74", "province": "Sulawesi Tenggara", "islandID": "7", "island": "Sulawesi", "longitude": 122.423302, "latitude": -4.262752 }, "geometry": { "type": "Polygon", "coordinates": [ [ [ 121.940535978810956, -4.322631616913496 ], [ 121.993642333157425, -4.068185941343691 ], [ 122.051584069641663, -3.967134923638537 ], [ 122.062818763541614, -3.958537721699042 ], [ 122.77382822753755, -4.252498835486841 ], [ 122.80037162179832, -4.373060193407857 ], [ 122.697938963031149, -4.509860813904507 ], [ 122.178321215439979, -4.574811845573 ], [ 121.940535978810956, -4.322631616913496 ] ] ] } },
{ "type": "Feature", "properties": { "districtID": "7406", "district": "Bombana", "distr_t_en": "Bombana", "provinceID": "74", "province": "Sulawesi Tenggara", "islandID": "7", "island": "Sulawesi", "longitude": 121.852417, "latitude": -4.801049 }, "geometry": { "type": "Polygon", "coordinates": [ [ [ 120.979212551345867, -4.943335359551918 ], [ 120.990822860721309, -4.754588240205631 ], [ 121.940535978810956, -4.322631616913496 ], [ 122.178321215439979, -4.574811845573 ], [ 122.167381266565954, -5.014737686504425 ], [ 121.442940730004494, -5.781665809252261 ], [ 121.255499290440127, -5.660718181497686 ], [ 120.984238424513791, -4.964473383535839 ], [ 120.979212551345867, -4.943335359551918 ] ] ] } },
{ "type": "Feature", "properties": { "districtID": "7407", "district": "Wakatobi", "distr_t_en": "Wakatobi", "provinceID": "74", "province": "Sulawesi Tenggara", "islandID": "7", "island": "Sulawesi", "longitude": 123.785456, "latitude": -5.571405 }, "geometry": { "type": "Polygon", "coordinates": [ [ [ 123.236150155736681, -5.84345327581335 ], [ 123.461089542368597, -5.082210332771575 ], [ 124.056273204618819, -4.551847931466213 ], [ 124.862779432790973, -4.170296233908356 ], [ 126.092244700363295, -5.850771976407266 ], [ 125.668250000956036, -6.510368943590391 ], [ 123.953777149691007, -7.001618456304262 ], [ 123.281041991839601, -6.943040517598368 ], [ 123.268947669750247, -6.939399861305885 ], [ 123.236150155736681, -5.84345327581335 ] ] ] } },
{ "type": "Feature", "properties": { "districtID": "7408", "district": "Kolaka Utara", "distr_t_en": "North Kolaka", "provinceID": "74", "province": "Sulawesi Tenggara", "islandID": "7", "island": "Sulawesi", "longitude": 121.134035, "latitude": -3.262805 }, "geometry": { "type": "Polygon", "coordinates": [ [ [ 120.6338474599591, -3.601522522440201 ], [ 120.673503474220126, -3.007670248471883 ], [ 120.700706366644411, -2.912898465510771 ], [ 121.471604277871535, -2.906717195384477 ], [ 121.607067765342265, -3.10235639996654 ], [ 121.488404918651383, -3.424971695538673 ], [ 121.083644823927855, -3.785520238307565 ], [ 120.855947504387316, -3.894340659162916 ], [ 120.6338474599591, -3.601522522440201 ] ] ] } },
{ "type": "Feature", "properties": { "districtID": "7409", "district": "Buton Utara", "distr_t_en": "North Buton", "provinceID": "74", "province": "Sulawesi Tenggara", "islandID": "7", "island": "Sulawesi", "longitude": 123.012367, "latitude": -4.703828 }, "geometry": { "type": "Polygon", "coordinates": [ [ [ 122.697938963031149, -4.509860813904507 ], [ 122.80037162179832, -4.373060193407857 ], [ 124.056273204618819, -4.551847931466213 ], [ 123.461089542368597, -5.082210332771575 ], [ 122.934962983165732, -5.005411511308957 ], [ 122.737510735605241, -4.691661385112709 ], [ 122.697938963031149, -4.509860813904507 ] ] ] } },
{ "type": "Feature", "properties": { "districtID": "7410", "district": "Konawe Utara", "distr_t_en": "North Konawe", "provinceID": "74", "province": "Sulawesi Tenggara", "islandID": "7", "island": "Sulawesi", "longitude": 122.030471, "latitude": -3.39075 }, "geometry": { "type": "Polygon", "coordinates": [ [ [ 121.648351417281518, -3.105410886724945 ], [ 123.093113426609165, -2.876782466493351 ], [ 123.133015921908211, -2.913915311751296 ], [ 123.015720942392932, -3.086619383277116 ], [ 122.199809137860512, -3.761994630588462 ], [ 121.648351417281518, -3.105410886724945 ] ] ] } },
{ "type": "Feature", "properties": { "districtID": "7411", "district": "Kolaka Timur", "distr_t_en": "East Kolaka", "provinceID": "74", "province": "Sulawesi Tenggara", "islandID": "7", "island": "Sulawesi", "longitude": 121.608686, "latitude": -3.795658 }, "geometry": { "type": "Polygon", "coordinates": [ [ [ 121.083644823927855, -3.785520238307565 ], [ 121.488404918651383, -3.424971695538673 ], [ 122.051584069641663, -3.967134923638537 ], [ 121.993642333157425, -4.068185941343691 ], [ 121.083644823927855, -3.785520238307565 ] ] ] } },
{ "type": "Feature", "properties": { "districtID": "7412", "district": "Konawe Kepulauan", "distr_t_en": "Konawe Islands", "provinceID": "74", "province": "Sulawesi Tenggara", "islandID": "7", "island": "Sulawesi", "longitude": 123.09625, "latitude": -4.114592 }, "geometry": { "type": "Polygon", "coordinates": [ [ [ 122.77382822753755, -4.252498835486841 ], [ 123.015720942392932, -3.086619383277116 ], [ 123.133015921908211, -2.913915311751296 ], [ 124.092283225151448, -3.09190903085037 ], [ 124.767893148044791, -3.575593807869065 ], [ 124.862779432790973, -4.170296233908356 ], [ 124.056273204618819, -4.551847931466213 ], [ 122.80037162179832, -4.373060193407857 ], [ 122.77382822753755, -4.252498835486841 ] ] ] } },
{ "type": "Feature", "properties": { "districtID": "7413", "district": "Muna Barat", "distr_t_en": "West Muna", "provinceID": "74", "province": "Sulawesi Tenggara", "islandID": "7", "island": "Sulawesi", "longitude": 122.492578, "latitude": -4.816969 }, "geometry": { "type": "Polygon", "coordinates": [ [ [ 122.167381266565954, -5.014737686504425 ], [ 122.178321215439979, -4.574811845573 ], [ 122.697938963031149, -4.509860813904507 ], [ 122.737510735605241, -4.691661385112709 ], [ 122.396143560024043, -5.057704921642006 ], [ 122.167381266565954, -5.014737686504425 ] ] ] } },
{ "type": "Feature", "properties": { "districtID": "7414", "district": "Buton Tengah", "distr_t_en": "Central Buton", "provinceID": "74", "province": "Sulawesi Tenggara", "islandID": "7", "island": "Sulawesi", "longitude": 122.398655, "latitude": -5.317026 }, "geometry": { "type": "Polygon", "coordinates": [ [ [ 121.442940730004494, -5.781665809252261 ], [ 122.167381266565954, -5.014737686504425 ], [ 122.396143560024043, -5.057704921642006 ], [ 122.610666217740899, -5.19076526733472 ], [ 122.48108760548277, -5.51212108845314 ], [ 121.753645565458299, -6.20211981729192 ], [ 121.442940730004494, -5.781665809252261 ] ] ] } },
{ "type": "Feature", "properties": { "districtID": "7415", "district": "Buton Selatan", "distr_t_en": "South Buton", "provinceID": "74", "province": "Sulawesi Tenggara", "islandID": "7", "island": "Sulawesi", "longitude": 122.671559, "latitude": -5.604739 }, "geometry": { "type": "Polygon", "coordinates": [ [ [ 121.753645565458299, -6.20211981729192 ], [ 122.48108760548277, -5.51212108845314 ], [ 122.866919963866465, -5.521409422259979 ], [ 123.236150155736681, -5.84345327581335 ], [ 123.268947669750247, -6.939399861305885 ], [ 122.166976401597083, -7.048342731314291 ], [ 121.753645565458299, -6.20211981729192 ] ] ] } },
{ "type": "Feature", "properties": { "districtID": "7471", "district": "Kota Kendari", "distr_t_en": "Kendari City", "provinceID": "74", "province": "Sulawesi Tenggara", "islandID": "7", "island": "Sulawesi", "longitude": 122.532883, "latitude": -3.997707 }, "geometry": { "type": "Polygon", "coordinates": [ [ [ 122.062818763541614, -3.958537721699042 ], [ 122.199809137860512, -3.761994630588462 ], [ 123.015720942392932, -3.086619383277116 ], [ 122.77382822753755, -4.252498835486841 ], [ 122.062818763541614, -3.958537721699042 ] ] ] } },
{ "type": "Feature", "properties": { "districtID": "7472", "district": "Kota Baubau", "distr_t_en": "Baubau City", "provinceID": "74", "province": "Sulawesi Tenggara", "islandID": "7", "island": "Sulawesi", "longitude": 122.675795, "latitude": -5.428775 }, "geometry": { "type": "Polygon", "coordinates": [ [ [ 122.48108760548277, -5.51212108845314 ], [ 122.610666217740899, -5.19076526733472 ], [ 122.712345746030294, -5.181056216471042 ], [ 122.866919963866465, -5.521409422259979 ], [ 122.48108760548277, -5.51212108845314 ] ] ] } },
{ "type": "Feature", "properties": { "districtID": "7501", "district": "Boalemo", "distr_t_en": "Boalemo", "provinceID": "75", "province": "Gorontalo", "islandID": "7", "island": "Sulawesi", "longitude": 122.327085, "latitude": 0.652915 }, "geometry": { "type": "Polygon", "coordinates": [ [ [ 121.966092737278956, -0.242588079928934 ], [ 122.060165242022492, 1.398712694179695 ], [ 122.060715931143875, 1.400298410376481 ], [ 122.512287594131763, 0.74534354199672 ], [ 122.592757803494123, -0.030343721868597 ], [ 122.571584107076646, -0.164999512366261 ], [ 121.995413512210376, -0.255039471298137 ], [ 121.966092737278956, -0.242588079928934 ] ] ] } },
{ "type": "Feature", "properties": { "districtID": "7502", "district": "Gorontalo", "distr_t_en": "Gorontalo", "provinceID": "75", "province": "Gorontalo", "islandID": "7", "island": "Sulawesi", "longitude": 122.71252, "latitude": 0.692901 }, "geometry": { "type": "Polygon", "coordinates": [ [ [ 122.512287594131763, 0.74534354199672 ], [ 122.996742867395156, 0.866002913197324 ], [ 122.592757803494123, -0.030343721868597 ], [ 122.512287594131763, 0.74534354199672 ] ] ] } },
{ "type": "Feature", "properties": { "districtID": "7503", "district": "Pohuwato", "distr_t_en": "Pohuwato", "provinceID": "75", "province": "Gorontalo", "islandID": "7", "island": "Sulawesi", "longitude": 121.709782, "latitude": 0.688297 }, "geometry": { "type": "Polygon", "coordinates": [ [ [ 121.099588850499742, 0.314720289350888 ], [ 121.106867832708261, 0.344554287020074 ], [ 122.060165242022492, 1.398712694179695 ], [ 121.966092737278956, -0.242588079928934 ], [ 121.372422521233034, -0.197592919976882 ], [ 121.099588850499742, 0.314720289350888 ] ] ] } },
{ "type": "Feature", "properties": { "districtID": "7504", "district": "Bone Bolango", "distr_t_en": "Bone Bolango", "provinceID": "75", "province": "Gorontalo", "islandID": "7", "island": "Sulawesi", "longitude": 123.292313, "latitude": 0.532369 }, "geometry": { "type": "Polygon", "coordinates": [ [ [ 123.151526388915073, -0.338960104549468 ], [ 123.180788897288039, 0.80938103193122 ], [ 123.610317153941779, 0.473154340293497 ], [ 123.484617695465346, -0.44059452110579 ], [ 123.35266477297462, -0.430267640184358 ], [ 123.151526388915073, -0.338960104549468 ] ] ] } },
{ "type": "Feature", "properties": { "districtID": "7505", "district": "Gorontalo Utara", "distr_t_en": "North Gorontalo", "provinceID": "75", "province": "Gorontalo", "islandID": "7", "island": "Sulawesi", "longitude": 122.664532, "latitude": 0.885575 }, "geometry": { "type": "Polygon", "coordinates": [ [ [ 122.060715931143875, 1.400298410376481 ], [ 122.265482465058824, 4.20059222655393 ], [ 123.012407118895041, 3.395054925996307 ], [ 123.211155501685582, 3.066650304188091 ], [ 123.334630560664863, 2.644978100126036 ], [ 123.091761836312074, 0.972955882312151 ], [ 122.996742867395156, 0.866002913197324 ], [ 122.512287594131763, 0.74534354199672 ], [ 122.060715931143875, 1.400298410376481 ] ] ] } },
{ "type": "Feature", "properties": { "districtID": "7571", "district": "Kota Gorontalo", "distr_t_en": "Gorontalo City", "provinceID": "75", "province": "Gorontalo", "islandID": "7", "island": "Sulawesi", "longitude": 123.055301, "latitude": 0.538408 }, "geometry": { "type": "Polygon", "coordinates": [ [ [ 122.571584107076646, -0.164999512366261 ], [ 122.592757803494123, -0.030343721868597 ], [ 122.996742867395156, 0.866002913197324 ], [ 123.091761836312074, 0.972955882312151 ], [ 123.180788897288039, 0.80938103193122 ], [ 123.151526388915073, -0.338960104549468 ], [ 122.571584107076646, -0.164999512366261 ] ] ] } },
{ "type": "Feature", "properties": { "districtID": "7601", "district": "Majene", "distr_t_en": "Majene", "provinceID": "76", "province": "Sulawesi Barat", "islandID": "7", "island": "Sulawesi", "longitude": 118.918462, "latitude": -3.173212 }, "geometry": { "type": "Polygon", "coordinates": [ [ [ 117.389508188442704, -4.616143950803338 ], [ 117.526398487726141, -2.539337926897435 ], [ 117.97007279671152, -2.089144790925754 ], [ 118.911709274491287, -2.703150391510885 ], [ 119.128883914849666, -3.08116665666655 ], [ 118.39168932151162, -4.31264793229584 ], [ 117.390695111070187, -4.630710572426739 ], [ 117.389508188442704, -4.616143950803338 ] ] ] } },
{ "type": "Feature", "properties": { "districtID": "7602", "district": "Polewali Mandar", "distr_t_en": "Polewali Mandar", "provinceID": "76", "province": "Sulawesi Barat", "islandID": "7", "island": "Sulawesi", "longitude": 119.147153, "latitude": -3.310112 }, "geometry": { "type": "Polygon", "coordinates": [ [ [ 118.39168932151162, -4.31264793229584 ], [ 119.128883914849666, -3.08116665666655 ], [ 119.431937438598339, -3.220261899590699 ], [ 119.470497741084188, -3.332182988410676 ], [ 119.062748240835035, -3.916081408756527 ], [ 118.555303776621486, -4.279261144477859 ], [ 118.39168932151162, -4.31264793229584 ] ] ] } },
{ "type": "Feature", "properties": { "districtID": "7603", "district": "Mamasa", "distr_t_en": "Mamasa", "provinceID": "76", "province": "Sulawesi Barat", "islandID": "7", "island": "Sulawesi", "longitude": 119.314388, "latitude": -2.945748 }, "geometry": { "type": "Polygon", "coordinates": [ [ [ 118.911709274491287, -2.703150391510885 ], [ 119.569738452714859, -2.749764700697786 ], [ 119.583653195009617, -2.865501855791291 ], [ 119.431937438598339, -3.220261899590699 ], [ 119.128883914849666, -3.08116665666655 ], [ 118.911709274491287, -2.703150391510885 ] ] ] } },
{ "type": "Feature", "properties": { "districtID": "7604", "district": "Mamuju", "distr_t_en": "Mamuju", "provinceID": "76", "province": "Sulawesi Barat", "islandID": "7", "island": "Sulawesi", "longitude": 119.344566, "latitude": -2.519741 }, "geometry": { "type": "Polygon", "coordinates": [ [ [ 117.97007279671152, -2.089144790925754 ], [ 118.109316821925063, -1.83659061145087 ], [ 119.73999390250097, -2.361735230112497 ], [ 119.757613661686889, -2.478468645795035 ], [ 119.569738452714859, -2.749764700697786 ], [ 118.911709274491287, -2.703150391510885 ], [ 117.97007279671152, -2.089144790925754 ] ] ] } },
{ "type": "Feature", "properties": { "districtID": "7605", "district": "Pasangkayu", "distr_t_en": "Pasangkayu", "provinceID": "76", "province": "Sulawesi Barat", "islandID": "7", "island": "Sulawesi", "longitude": 119.507637, "latitude": -1.489687 }, "geometry": { "type": "Polygon", "coordinates": [ [ [ 118.135342391495101, -1.755413082557883 ], [ 118.184427284820742, -1.366979907620651 ], [ 118.450636411562684, -0.739916761505583 ], [ 118.544676618063193, -0.618154301078199 ], [ 119.109009072431121, -0.791166643224622 ], [ 119.689139821042417, -1.150513059076884 ], [ 119.792084911062688, -1.744276786390923 ], [ 118.135342391495101, -1.755413082557883 ] ] ] } },
{ "type": "Feature", "properties": { "districtID": "7606", "district": "Mamuju Tengah", "distr_t_en": "Central Mamuju", "provinceID": "76", "province": "Sulawesi Barat", "islandID": "7", "island": "Sulawesi", "longitude": 119.511085, "latitude": -2.002667 }, "geometry": { "type": "Polygon", "coordinates": [ [ [ 118.109316821925063, -1.83659061145087 ], [ 118.135342391495101, -1.755413082557883 ], [ 119.792084911062688, -1.744276786390923 ], [ 120.009590431696722, -1.913901344718877 ], [ 119.73999390250097, -2.361735230112497 ], [ 118.109316821925063, -1.83659061145087 ] ] ] } },
{ "type": "Feature", "properties": { "districtID": "8101", "district": "Kepulauan Tanimbar", "distr_t_en": "Tanimbar Islands", "provinceID": "81", "province": "Maluku", "islandID": "8", "island": "Maluku", "longitude": 131.366536, "latitude": -7.584627 }, "geometry": { "type": "Polygon", "coordinates": [ [ [ 129.23556838681327, -6.078430874623903 ], [ 129.583636033177498, -5.795322542330165 ], [ 130.247975293734129, -5.647953336378389 ], [ 132.33577780070641, -6.797094774650136 ], [ 133.163852113114928, -7.457574860822719 ], [ 135.044130670493871, -11.635912426951478 ], [ 129.575769098175442, -11.635912426951478 ], [ 129.23556838681327, -6.078430874623903 ] ] ] } },
{ "type": "Feature", "properties": { "districtID": "8102", "district": "Maluku Tenggara", "distr_t_en": "Southeast Maluku", "provinceID": "81", "province": "Maluku", "islandID": "8", "island": "Maluku", "longitude": 132.888075, "latitude": -5.677004 }, "geometry": { "type": "Polygon", "coordinates": [ [ [ 132.33577780070641, -6.797094774650136 ], [ 133.047567728182344, -4.394069964204999 ], [ 134.004695160289259, -4.928677727587195 ], [ 133.163852113114928, -7.457574860822719 ], [ 132.33577780070641, -6.797094774650136 ] ] ] } },
{ "type": "Feature", "properties": { "districtID": "8103", "district": "Maluku Tengah", "distr_t_en": "Central Maluku", "provinceID": "81", "province": "Maluku", "islandID": "8", "island": "Maluku", "longitude": 129.295409, "latitude": -3.181405 }, "geometry": { "type": "Polygon", "coordinates": [ [ [ 128.805981344429199, -3.566116575547749 ], [ 128.894456754379462, -1.738041365600454 ], [ 129.119553637244735, -1.585991097946666 ], [ 130.110635516802176, -2.138816420479065 ], [ 129.499141975816769, -5.079716836995147 ], [ 128.805981344429199, -3.566116575547749 ] ] ] } },
{ "type": "Feature", "properties": { "districtID": "8104", "district": "Buru", "distr_t_en": "Buru", "provinceID": "81", "province": "Maluku", "islandID": "8", "island": "Maluku", "longitude": 126.72702, "latitude": -3.329419 }, "geometry": { "type": "Polygon", "coordinates": [ [ [ 125.943161650606513, -2.867669489939798 ], [ 127.179823848618454, -2.064127179970612 ], [ 127.413565008182601, -2.155498932278302 ], [ 127.53693616961715, -3.19420192014929 ], [ 127.329928890693225, -4.047950324750067 ], [ 125.943161650606513, -2.867669489939798 ] ] ] } },
{ "type": "Feature", "properties": { "districtID": "8105", "district": "Kepulauan Aru", "distr_t_en": "Aru Islands", "provinceID": "81", "province": "Maluku", "islandID": "8", "island": "Maluku", "longitude": 134.450912, "latitude": -6.196638 }, "geometry": { "type": "Polygon", "coordinates": [ [ [ 133.163852113114928, -7.457574860822719 ], [ 134.004695160289259, -4.928677727587195 ], [ 134.523996073140381, -4.850198574641269 ], [ 135.7488328209879, -5.509006214536663 ], [ 135.757773269530645, -5.517666835990254 ], [ 136.791663837979314, -6.997696264522092 ], [ 136.854417570461408, -7.318218624718494 ], [ 136.823929948851344, -7.808324740616851 ], [ 135.631246958705958, -11.635912426951478 ], [ 135.044130670493871, -11.635912426951478 ], [ 133.163852113114928, -7.457574860822719 ] ] ] } },
{ "type": "Feature", "properties": { "districtID": "8106", "district": "Seram Bagian Barat", "distr_t_en": "West Seram", "provinceID": "81", "province": "Maluku", "islandID": "8", "island": "Maluku", "longitude": 128.355993, "latitude": -3.135939 }, "geometry": { "type": "Polygon", "coordinates": [ [ [ 127.413565008182601, -2.155498932278302 ], [ 128.894456754379462, -1.738041365600454 ], [ 128.805981344429199, -3.566116575547749 ], [ 127.53693616961715, -3.19420192014929 ], [ 127.413565008182601, -2.155498932278302 ] ] ] } },
{ "type": "Feature", "properties": { "districtID": "8107", "district": "Seram Bagian Timur", "distr_t_en": "East Seram", "provinceID": "81", "province": "Maluku", "islandID": "8", "island": "Maluku", "longitude": 130.442695, "latitude": -3.419957 }, "geometry": { "type": "Polygon", "coordinates": [ [ [ 129.499141975816769, -5.079716836995147 ], [ 130.110635516802176, -2.138816420479065 ], [ 130.797143557974891, -2.173305265843156 ], [ 131.049756290678658, -2.295827544030947 ], [ 131.590283002315147, -2.857326499585092 ], [ 131.762895573092607, -4.201819985945527 ], [ 130.247975293734129, -5.647953336378389 ], [ 129.583636033177498, -5.795322542330165 ], [ 129.499141975816769, -5.079716836995147 ] ] ] } },
{ "type": "Feature", "properties": { "districtID": "8108", "district": "Maluku Barat Daya", "distr_t_en": "Southwest Maluku", "provinceID": "81", "province": "Maluku", "islandID": "8", "island": "Maluku", "longitude": 127.304226, "latitude": -7.833301 }, "geometry": { "type": "Polygon", "coordinates": [ [ [ 125.668250000956036, -6.510368943590391 ], [ 126.092244700363295, -5.850771976407266 ], [ 127.217406290246771, -5.64504036792568 ], [ 129.23556838681327, -6.078430874623903 ], [ 129.575769098175442, -11.635912426951478 ], [ 128.166245225651465, -11.635912426951478 ], [ 126.847949346608004, -9.752576663502028 ], [ 125.95408459918653, -8.171885611273346 ], [ 125.668250000956036, -6.510368943590391 ] ] ] } },
{ "type": "Feature", "properties": { "districtID": "8109", "district": "Buru Selatan", "distr_t_en": "South Buru", "provinceID": "81", "province": "Maluku", "islandID": "8", "island": "Maluku", "longitude": 126.524267, "latitude": -3.567643 }, "geometry": { "type": "Polygon", "coordinates": [ [ [ 124.767893148044791, -3.575593807869065 ], [ 125.115088248912727, -3.221120065142732 ], [ 125.943161650606513, -2.867669489939798 ], [ 127.329928890693225, -4.047950324750067 ], [ 127.217406290246771, -5.64504036792568 ], [ 126.092244700363295, -5.850771976407266 ], [ 124.862779432790973, -4.170296233908356 ], [ 124.767893148044791, -3.575593807869065 ] ] ] } },
{ "type": "Feature", "properties": { "districtID": "8171", "district": "Kota Ambon", "distr_t_en": "Ambon City", "provinceID": "81", "province": "Maluku", "islandID": "8", "island": "Maluku", "longitude": 128.194978, "latitude": -3.685353 }, "geometry": { "type": "Polygon", "coordinates": [ [ [ 127.217406290246771, -5.64504036792568 ], [ 127.329928890693225, -4.047950324750067 ], [ 127.53693616961715, -3.19420192014929 ], [ 128.805981344429199, -3.566116575547749 ], [ 129.499141975816769, -5.079716836995147 ], [ 129.583636033177498, -5.795322542330165 ], [ 129.23556838681327, -6.078430874623903 ], [ 127.217406290246771, -5.64504036792568 ] ] ] } },
{ "type": "Feature", "properties": { "districtID": "8172", "district": "Kota Tual", "distr_t_en": "Tual City", "provinceID": "81", "province": "Maluku", "islandID": "8", "island": "Maluku", "longitude": 132.48261, "latitude": -5.556903 }, "geometry": { "type": "Polygon", "coordinates": [ [ [ 130.247975293734129, -5.647953336378389 ], [ 131.762895573092607, -4.201819985945527 ], [ 133.042937561644294, -4.390373916711323 ], [ 133.047567728182344, -4.394069964204999 ], [ 132.33577780070641, -6.797094774650136 ], [ 130.247975293734129, -5.647953336378389 ] ] ] } },
{ "type": "Feature", "properties": { "districtID": "8201", "district": "Halmahera Barat", "distr_t_en": "West Halmahera", "provinceID": "82", "province": "Maluku Utara", "islandID": "8", "island": "Maluku", "longitude": 127.590808, "latitude": 1.351786 }, "geometry": { "type": "Polygon", "coordinates": [ [ [ 126.446204812905449, 1.857420084414816 ], [ 126.813449492178961, 2.535928336739815 ], [ 127.94308435432292, 1.175860051215071 ], [ 127.834968692165631, 0.935035505996852 ], [ 127.605374746649119, 0.912877642033834 ], [ 126.446204812905449, 1.857420084414816 ] ] ] } },
{ "type": "Feature", "properties": { "districtID": "8202", "district": "Halmahera Tengah", "distr_t_en": "Central Halmahera", "provinceID": "82", "province": "Maluku Utara", "islandID": "8", "island": "Maluku", "longitude": 128.295269, "latitude": 0.401884 }, "geometry": { "type": "Polygon", "coordinates": [ [ [ 127.909084503101596, -0.168899094353572 ], [ 128.020220792582251, 0.721706260066288 ], [ 129.962582149837601, 0.680313939186361 ], [ 129.139807301586984, -0.759793241604941 ], [ 127.909084503101596, -0.168899094353572 ] ] ] } },
{ "type": "Feature", "properties": { "districtID": "8203", "district": "Kepulauan Sula", "distr_t_en": "Sula Islands", "provinceID": "82", "province": "Maluku Utara", "islandID": "8", "island": "Maluku", "longitude": 125.839699, "latitude": -1.963821 }, "geometry": { "type": "Polygon", "coordinates": [ [ [ 125.115088248912727, -3.221120065142732 ], [ 125.475530824399215, -0.474403166071548 ], [ 125.889066690149619, -0.269161350409833 ], [ 126.16657071739354, -0.401150145800852 ], [ 127.179823848618454, -2.064127179970612 ], [ 125.943161650606513, -2.867669489939798 ], [ 125.115088248912727, -3.221120065142732 ] ] ] } },
{ "type": "Feature", "properties": { "districtID": "8204", "district": "Halmahera Selatan", "distr_t_en": "South Halmahera", "provinceID": "82", "province": "Maluku Utara", "islandID": "8", "island": "Maluku", "longitude": 127.705166, "latitude": -0.827191 }, "geometry": { "type": "Polygon", "coordinates": [ [ [ 126.16657071739354, -0.401150145800852 ], [ 126.813879899539302, -0.194176733817866 ], [ 127.909084503101596, -0.168899094353572 ], [ 129.139807301586984, -0.759793241604941 ], [ 129.119553637244735, -1.585991097946666 ], [ 128.894456754379462, -1.738041365600454 ], [ 127.413565008182601, -2.155498932278302 ], [ 127.179823848618454, -2.064127179970612 ], [ 126.16657071739354, -0.401150145800852 ] ] ] } },
{ "type": "Feature", "properties": { "districtID": "8205", "district": "Halmahera Utara", "distr_t_en": "North Halmahera", "provinceID": "82", "province": "Maluku Utara", "islandID": "8", "island": "Maluku", "longitude": 127.834803, "latitude": 1.554441 }, "geometry": { "type": "Polygon", "coordinates": [ [ [ 126.813449492178961, 2.535928336739815 ], [ 126.889922402695447, 2.72523998661193 ], [ 127.071690310229357, 2.796938638838494 ], [ 128.481431144600293, 1.661821048191282 ], [ 127.94308435432292, 1.175860051215071 ], [ 126.813449492178961, 2.535928336739815 ] ] ] } },
{ "type": "Feature", "properties": { "districtID": "8206", "district": "Halmahera Timur", "distr_t_en": "East Halmahera", "provinceID": "82", "province": "Maluku Utara", "islandID": "8", "island": "Maluku", "longitude": 128.308644, "latitude": 1.029521 }, "geometry": { "type": "Polygon", "coordinates": [ [ [ 127.834968692165631, 0.935035505996852 ], [ 127.94308435432292, 1.175860051215071 ], [ 128.481431144600293, 1.661821048191282 ], [ 130.60281650030285, 1.431472807336577 ], [ 129.962582149837601, 0.680313939186361 ], [ 128.020220792582251, 0.721706260066288 ], [ 127.834968692165631, 0.935035505996852 ] ] ] } },
{ "type": "Feature", "properties": { "districtID": "8207", "district": "Pulau Morotai", "distr_t_en": "Morotai Island", "provinceID": "82", "province": "Maluku Utara", "islandID": "8", "island": "Maluku", "longitude": 128.448386, "latitude": 2.316471 }, "geometry": { "type": "Polygon", "coordinates": [ [ [ 127.071690310229357, 2.796938638838494 ], [ 131.595894266520276, 6.747645941745089 ], [ 134.562486611814279, 6.747645941745089 ], [ 134.019454603029203, 5.481980742142698 ], [ 131.887888571211874, 2.532172540313814 ], [ 130.841946871701765, 1.58928978373658 ], [ 130.60281650030285, 1.431472807336577 ], [ 128.481431144600293, 1.661821048191282 ], [ 127.071690310229357, 2.796938638838494 ] ] ] } },
{ "type": "Feature", "properties": { "districtID": "8208", "district": "Pulau Taliabu", "distr_t_en": "Taliabu Island", "provinceID": "82", "province": "Maluku Utara", "islandID": "8", "island": "Maluku", "longitude": 124.739407, "latitude": -1.819433 }, "geometry": { "type": "Polygon", "coordinates": [ [ [ 124.092283225151448, -3.09190903085037 ], [ 124.16736176077012, -0.789731517944052 ], [ 124.180471463130189, -0.742987076791298 ], [ 124.749249231404121, -0.540246176079663 ], [ 125.475530824399215, -0.474403166071548 ], [ 125.115088248912727, -3.221120065142732 ], [ 124.767893148044791, -3.575593807869065 ], [ 124.092283225151448, -3.09190903085037 ] ] ] } },
{ "type": "Feature", "properties": { "districtID": "8271", "district": "Kota Ternate", "distr_t_en": "Ternate City", "provinceID": "82", "province": "Maluku Utara", "islandID": "8", "island": "Maluku", "longitude": 127.172567, "latitude": 0.83851 }, "geometry": { "type": "Polygon", "coordinates": [ [ [ 125.877678773816015, -0.020977550279669 ], [ 125.904436818648705, 0.35736060000775 ], [ 126.36045066854733, 1.767888872285109 ], [ 126.446204812905449, 1.857420084414816 ], [ 127.605374746649119, 0.912877642033834 ], [ 126.813879899539302, -0.194176733817866 ], [ 126.16657071739354, -0.401150145800852 ], [ 125.889066690149619, -0.269161350409833 ], [ 125.877678773816015, -0.020977550279669 ] ] ] } },
{ "type": "Feature", "properties": { "districtID": "8272", "district": "Kota Tidore Kepulauan", "distr_t_en": "Tidore Islands City", "provinceID": "82", "province": "Maluku Utara", "islandID": "8", "island": "Maluku", "longitude": 127.675012, "latitude": 0.479284 }, "geometry": { "type": "Polygon", "coordinates": [ [ [ 126.813879899539302, -0.194176733817866 ], [ 127.605374746649119, 0.912877642033834 ], [ 127.834968692165631, 0.935035505996852 ], [ 128.020220792582251, 0.721706260066288 ], [ 127.909084503101596, -0.168899094353572 ], [ 126.813879899539302, -0.194176733817866 ] ] ] } },
{ "type": "Feature", "properties": { "districtID": "9101", "district": "Fakfak", "distr_t_en": "Fakfak", "provinceID": "91", "province": "Papua Barat", "islandID": "9", "island": "Papua", "longitude": 132.842778, "latitude": -3.111823 }, "geometry": { "type": "Polygon", "coordinates": [ [ [ 131.590283002315147, -2.857326499585092 ], [ 132.691140561345719, -2.341454722219181 ], [ 133.613011318162023, -2.929838338144132 ], [ 133.042937561644294, -4.390373916711323 ], [ 131.762895573092607, -4.201819985945527 ], [ 131.590283002315147, -2.857326499585092 ] ] ] } },
{ "type": "Feature", "properties": { "districtID": "9102", "district": "Kaimana", "distr_t_en": "Kaimana", "provinceID": "91", "province": "Papua Barat", "islandID": "9", "island": "Papua", "longitude": 134.056303, "latitude": -3.585484 }, "geometry": { "type": "Polygon", "coordinates": [ [ [ 133.042937561644294, -4.390373916711323 ], [ 133.613011318162023, -2.929838338144132 ], [ 133.617490843966323, -2.9279519359267 ], [ 134.839027890401127, -3.505788806271206 ], [ 134.863510080522417, -3.709427163917141 ], [ 134.523996073140381, -4.850198574641269 ], [ 134.004695160289259, -4.928677727587195 ], [ 133.047567728182344, -4.394069964204999 ], [ 133.042937561644294, -4.390373916711323 ] ] ] } },
{ "type": "Feature", "properties": { "districtID": "9103", "district": "Teluk Wondama", "distr_t_en": "Teluk Wondama", "provinceID": "91", "province": "Papua Barat", "islandID": "9", "island": "Papua", "longitude": 134.404159, "latitude": -2.850122 }, "geometry": { "type": "Polygon", "coordinates": [ [ [ 133.617490843966323, -2.9279519359267 ], [ 134.134238053821065, -2.2218271754281 ], [ 135.068654576971454, -1.944473042551303 ], [ 135.344102335233856, -2.385834767496011 ], [ 134.839027890401127, -3.505788806271206 ], [ 133.617490843966323, -2.9279519359267 ] ] ] } },
{ "type": "Feature", "properties": { "districtID": "9104", "district": "Teluk Bintuni", "distr_t_en": "Teluk Bintuni", "provinceID": "91", "province": "Papua Barat", "islandID": "9", "island": "Papua", "longitude": 133.45373, "latitude": -2.154591 }, "geometry": { "type": "Polygon", "coordinates": [ [ [ 132.691140561345719, -2.341454722219181 ], [ 132.815826002563767, -1.970432605672327 ], [ 133.12754490686433, -1.591452676708975 ], [ 133.6006650459789, -1.725762134149379 ], [ 134.134238053821065, -2.2218271754281 ], [ 133.617490843966323, -2.9279519359267 ], [ 133.613011318162023, -2.929838338144132 ], [ 132.691140561345719, -2.341454722219181 ] ] ] } },
{ "type": "Feature", "properties": { "districtID": "9105", "district": "Manokwari", "distr_t_en": "Manokwari", "provinceID": "91", "province": "Papua Barat", "islandID": "9", "island": "Papua", "longitude": 133.801073, "latitude": -0.933565 }, "geometry": { "type": "Polygon", "coordinates": [ [ [ 133.268758973805575, -0.970737035137962 ], [ 134.030489056549442, 5.003299469882881 ], [ 134.696989247563778, -0.963154301549626 ], [ 134.045459042631023, -1.192818482577996 ], [ 133.268758973805575, -0.970737035137962 ] ] ] } },
{ "type": "Feature", "properties": { "districtID": "9111", "district": "Manokwari Selatan", "distr_t_en": "South Manokwari", "provinceID": "91", "province": "Papua Barat", "islandID": "9", "island": "Papua", "longitude": 134.017667, "latitude": -1.548015 }, "geometry": { "type": "Polygon", "coordinates": [ [ [ 133.6006650459789, -1.725762134149379 ], [ 134.045459042631023, -1.192818482577996 ], [ 134.696989247563778, -0.963154301549626 ], [ 135.023656281529384, -1.585808391191533 ], [ 135.083221226443271, -1.785395096592199 ], [ 135.068654576971454, -1.944473042551303 ], [ 134.134238053821065, -2.2218271754281 ], [ 133.6006650459789, -1.725762134149379 ] ] ] } },
{ "type": "Feature", "properties": { "districtID": "9112", "district": "Pegunungan Arfak", "distr_t_en": "Pegunungan Arfak", "provinceID": "91", "province": "Papua Barat", "islandID": "9", "island": "Papua", "longitude": 133.700961, "latitude": -1.283693 }, "geometry": { "type": "Polygon", "coordinates": [ [ [ 133.103310825921227, -1.292418968469503 ], [ 133.268758973805575, -0.970737035137962 ], [ 134.045459042631023, -1.192818482577996 ], [ 133.6006650459789, -1.725762134149379 ], [ 133.12754490686433, -1.591452676708975 ], [ 133.103310825921227, -1.292418968469503 ] ] ] } },
{ "type": "Feature", "properties": { "districtID": "9201", "district": "Raja Ampat", "distr_t_en": "Raja Ampat", "provinceID": "92", "province": "Papua Barat Daya", "islandID": "9", "island": "Papua", "longitude": 130.569423, "latitude": -0.897406 }, "geometry": { "type": "Polygon", "coordinates": [ [ [ 129.119553637244735, -1.585991097946666 ], [ 129.139807301586984, -0.759793241604941 ], [ 129.962582149837601, 0.680313939186361 ], [ 130.60281650030285, 1.431472807336577 ], [ 130.841946871701765, 1.58928978373658 ], [ 130.966315605319494, -1.433403684517634 ], [ 130.797143557974891, -2.173305265843156 ], [ 130.110635516802176, -2.138816420479065 ], [ 129.119553637244735, -1.585991097946666 ] ] ] } },
{ "type": "Feature", "properties": { "districtID": "9202", "district": "Sorong", "distr_t_en": "Sorong", "provinceID": "92", "province": "Papua Barat Daya", "islandID": "9", "island": "Papua", "longitude": 131.556699, "latitude": -1.123138 }, "geometry": { "type": "Polygon", "coordinates": [ [ [ 130.797143557974891, -2.173305265843156 ], [ 130.966315605319494, -1.433403684517634 ], [ 132.022914108733119, -0.449546718108811 ], [ 132.136067147432726, -0.873433399874612 ], [ 132.030600245162361, -1.26563422191014 ], [ 131.049756290678658, -2.295827544030947 ], [ 130.797143557974891, -2.173305265843156 ] ] ] } },
{ "type": "Feature", "properties": { "districtID": "9203", "district": "Sorong Selatan", "distr_t_en": "South Sorong", "provinceID": "92", "province": "Papua Barat Daya", "islandID": "9", "island": "Papua", "longitude": 132.196169, "latitude": -1.731976 }, "geometry": { "type": "Polygon", "coordinates": [ [ [ 131.049756290678658, -2.295827544030947 ], [ 132.030600245162361, -1.26563422191014 ], [ 132.815826002563767, -1.970432605672327 ], [ 132.691140561345719, -2.341454722219181 ], [ 131.590283002315147, -2.857326499585092 ], [ 131.049756290678658, -2.295827544030947 ] ] ] } },
{ "type": "Feature", "properties": { "districtID": "9204", "district": "Maybrat", "distr_t_en": "Maybrat", "provinceID": "92", "province": "Papua Barat Daya", "islandID": "9", "island": "Papua", "longitude": 132.512055, "latitude": -1.380044 }, "geometry": { "type": "Polygon", "coordinates": [ [ [ 132.030600245162361, -1.26563422191014 ], [ 132.136067147432726, -0.873433399874612 ], [ 133.103310825921227, -1.292418968469503 ], [ 133.12754490686433, -1.591452676708975 ], [ 132.815826002563767, -1.970432605672327 ], [ 132.030600245162361, -1.26563422191014 ] ] ] } },
{ "type": "Feature", "properties": { "districtID": "9205", "district": "Tambrauw", "distr_t_en": "Tambrauw", "provinceID": "92", "province": "Papua Barat Daya", "islandID": "9", "island": "Papua", "longitude": 132.762804, "latitude": -0.801178 }, "geometry": { "type": "Polygon", "coordinates": [ [ [ 131.887888571211874, 2.532172540313814 ], [ 134.019454603029203, 5.481980742142698 ], [ 134.030489056549442, 5.003299469882881 ], [ 133.268758973805575, -0.970737035137962 ], [ 133.103310825921227, -1.292418968469503 ], [ 132.136067147432726, -0.873433399874612 ], [ 132.022914108733119, -0.449546718108811 ], [ 131.887888571211874, 2.532172540313814 ] ] ] } },
{ "type": "Feature", "properties": { "districtID": "9271", "district": "Kota Sorong", "distr_t_en": "Sorong City", "provinceID": "92", "province": "Papua Barat Daya", "islandID": "9", "island": "Papua", "longitude": 131.317834, "latitude": -0.866613 }, "geometry": { "type": "Polygon", "coordinates": [ [ [ 130.841946871701765, 1.58928978373658 ], [ 131.887888571211874, 2.532172540313814 ], [ 132.022914108733119, -0.449546718108811 ], [ 130.966315605319494, -1.433403684517634 ], [ 130.841946871701765, 1.58928978373658 ] ] ] } },
{ "type": "Feature", "properties": { "districtID": "9403", "district": "Jayapura", "distr_t_en": "Jayapura", "provinceID": "94", "province": "Papua", "islandID": "9", "island": "Papua", "longitude": 139.988701, "latitude": -3.010197 }, "geometry": { "type": "Polygon", "coordinates": [ [ [ 139.337077100885068, -3.017450905711392 ], [ 139.987085906885795, -1.88116640352535 ], [ 140.447611208630576, -2.962233497640492 ], [ 140.106915717408413, -3.660848549595731 ], [ 139.48301834082659, -3.262730157703332 ], [ 139.337077100885068, -3.017450905711392 ] ] ] } },
{ "type": "Feature", "properties": { "districtID": "9408", "district": "Kepulauan Yapen", "distr_t_en": "Yapen Islands", "provinceID": "94", "province": "Papua", "islandID": "9", "island": "Papua", "longitude": 136.174167, "latitude": -1.745484 }, "geometry": { "type": "Polygon", "coordinates": [ [ [ 135.068654576971454, -1.944473042551303 ], [ 135.083221226443271, -1.785395096592199 ], [ 137.61967812282569, -0.659040691307116 ], [ 137.160588830374877, -1.84902922306993 ], [ 135.902009394997322, -2.573523751875571 ], [ 135.344102335233856, -2.385834767496011 ], [ 135.068654576971454, -1.944473042551303 ] ] ] } },
{ "type": "Feature", "properties": { "districtID": "9409", "district": "Biak Numfor", "distr_t_en": "Biak Numfor", "provinceID": "94", "province": "Papua", "islandID": "9", "island": "Papua", "longitude": 135.844387, "latitude": -1.002846 }, "geometry": { "type": "Polygon", "coordinates": [ [ [ 135.023656281529384, -1.585808391191533 ], [ 139.783876862206483, 3.421993829455166 ], [ 138.538518603639091, 0.699084376335769 ], [ 137.61967812282569, -0.659040691307116 ], [ 135.083221226443271, -1.785395096592199 ], [ 135.023656281529384, -1.585808391191533 ] ] ] } },
{ "type": "Feature", "properties": { "districtID": "9419", "district": "Sarmi", "distr_t_en": "Sarmi", "provinceID": "94", "province": "Papua", "islandID": "9", "island": "Papua", "longitude": 139.01303, "latitude": -2.452067 }, "geometry": { "type": "Polygon", "coordinates": [ [ [ 138.481842957246215, -2.75782154124552 ], [ 138.538518603639091, 0.699084376335769 ], [ 139.783876862206483, 3.421993829455166 ], [ 140.879412602169282, 5.624434685358848 ], [ 139.987085906885795, -1.88116640352535 ], [ 139.337077100885068, -3.017450905711392 ], [ 138.887078489523844, -3.020146565341912 ], [ 138.481842957246215, -2.75782154124552 ] ] ] } },
{ "type": "Feature", "properties": { "districtID": "9420", "district": "Keerom", "distr_t_en": "Keerom", "provinceID": "94", "province": "Papua", "islandID": "9", "island": "Papua", "longitude": 140.692387, "latitude": -3.353365 }, "geometry": { "type": "Polygon", "coordinates": [ [ [ 140.106915717408413, -3.660848549595731 ], [ 140.447611208630576, -2.962233497640492 ], [ 141.7100239100252, -3.159701965211969 ], [ 141.7100239100252, -4.092292617021942 ], [ 140.196453697030108, -3.892138654973493 ], [ 140.106915717408413, -3.660848549595731 ] ] ] } },
{ "type": "Feature", "properties": { "districtID": "9426", "district": "Waropen", "distr_t_en": "Waropen", "provinceID": "94", "province": "Papua", "islandID": "9", "island": "Papua", "longitude": 136.754732, "latitude": -2.754032 }, "geometry": { "type": "Polygon", "coordinates": [ [ [ 135.902009394997322, -2.573523751875571 ], [ 137.160588830374877, -1.84902922306993 ], [ 137.438007922363255, -2.897329541684929 ], [ 137.32896119113343, -3.072507805449716 ], [ 137.301877648720193, -3.093758690073707 ], [ 136.242000479213459, -3.173786151621949 ], [ 135.902009394997322, -2.573523751875571 ] ] ] } },
{ "type": "Feature", "properties": { "districtID": "9427", "district": "Supiori", "distr_t_en": "Supiori", "provinceID": "94", "province": "Papua", "islandID": "9", "island": "Papua", "longitude": 135.564292, "latitude": -0.736599 }, "geometry": { "type": "Polygon", "coordinates": [ [ [ 134.019454603029203, 5.481980742142698 ], [ 134.562486611814279, 6.747645941745089 ], [ 141.292999488698541, 6.747645941745089 ], [ 140.879412602169282, 5.624434685358848 ], [ 139.783876862206483, 3.421993829455166 ], [ 135.023656281529384, -1.585808391191533 ], [ 134.696989247563778, -0.963154301549626 ], [ 134.030489056549442, 5.003299469882881 ], [ 134.019454603029203, 5.481980742142698 ] ] ] } },
{ "type": "Feature", "properties": { "districtID": "9428", "district": "Mamberamo Raya", "distr_t_en": "Mamberamo Raya", "provinceID": "94", "province": "Papua", "islandID": "9", "island": "Papua", "longitude": 137.960964, "latitude": -2.434818 }, "geometry": { "type": "Polygon", "coordinates": [ [ [ 137.160588830374877, -1.84902922306993 ], [ 137.61967812282569, -0.659040691307116 ], [ 138.538518603639091, 0.699084376335769 ], [ 138.481842957246215, -2.75782154124552 ], [ 138.079269954717688, -2.956078966713551 ], [ 137.438007922363255, -2.897329541684929 ], [ 137.160588830374877, -1.84902922306993 ] ] ] } },
{ "type": "Feature", "properties": { "districtID": "9471", "district": "Kota Jayapura", "distr_t_en": "Jayapura City", "provinceID": "94", "province": "Papua", "islandID": "9", "island": "Papua", "longitude": 140.800136, "latitude": -2.664532 }, "geometry": { "type": "Polygon", "coordinates": [ [ [ 139.987085906885795, -1.88116640352535 ], [ 140.879412602169282, 5.624434685358848 ], [ 141.292999488698541, 6.747645941745089 ], [ 141.7100239100252, -3.159701965211969 ], [ 140.447611208630576, -2.962233497640492 ], [ 139.987085906885795, -1.88116640352535 ] ] ] } },
{ "type": "Feature", "properties": { "districtID": "9501", "district": "Merauke", "distr_t_en": "Merauke", "provinceID": "95", "province": "Papua Selatan", "islandID": "9", "island": "Papua", "longitude": 139.692428, "latitude": -7.829903 }, "geometry": { "type": "Polygon", "coordinates": [ [ [ 135.631246958705958, -11.635912426951478 ], [ 136.823929948851344, -7.808324740616851 ], [ 140.240810889246717, -6.999565857789756 ], [ 141.7100239100252, -7.565511445008275 ], [ 135.631246958705958, -11.635912426951478 ] ] ] } },
{ "type": "Feature", "properties": { "districtID": "9502", "district": "Boven Digoel", "distr_t_en": "Boven Digoel", "provinceID": "95", "province": "Papua Selatan", "islandID": "9", "island": "Papua", "longitude": 140.391183, "latitude": -6.015913 }, "geometry": { "type": "Polygon", "coordinates": [ [ [ 139.56290718190553, -5.590471492015352 ], [ 139.620200518149801, -5.435962052986051 ], [ 139.998791176670409, -5.233217806506866 ], [ 141.7100239100252, -5.400454613349235 ], [ 141.7100239100252, -7.565511445008275 ], [ 140.240810889246717, -6.999565857789756 ], [ 139.56290718190553, -5.590471492015352 ] ] ] } },
{ "type": "Feature", "properties": { "districtID": "9503", "district": "Mappi", "distr_t_en": "Mappi", "provinceID": "95", "province": "Papua Selatan", "islandID": "9", "island": "Papua", "longitude": 139.378394, "latitude": -6.503158 }, "geometry": { "type": "Polygon", "coordinates": [ [ [ 136.823929948851344, -7.808324740616851 ], [ 136.854417570461408, -7.318218624718494 ], [ 139.56290718190553, -5.590471492015352 ], [ 140.240810889246717, -6.999565857789756 ], [ 136.823929948851344, -7.808324740616851 ] ] ] } },
{ "type": "Feature", "properties": { "districtID": "9504", "district": "Asmat", "distr_t_en": "Asmat", "provinceID": "95", "province": "Papua Selatan", "islandID": "9", "island": "Papua", "longitude": 138.657497, "latitude": -5.373048 }, "geometry": { "type": "Polygon", "coordinates": [ [ [ 136.791663837979314, -6.997696264522092 ], [ 137.642507495880153, -5.180817131977291 ], [ 138.907230187405446, -4.757008470403095 ], [ 138.954140685429934, -4.764680114002445 ], [ 139.620200518149801, -5.435962052986051 ], [ 139.56290718190553, -5.590471492015352 ], [ 136.854417570461408, -7.318218624718494 ], [ 136.791663837979314, -6.997696264522092 ] ] ] } },
{ "type": "Feature", "properties": { "districtID": "9601", "district": "Mimika", "distr_t_en": "Mimika", "provinceID": "96", "province": "Papua Tengah", "islandID": "9", "island": "Papua", "longitude": 136.84497, "latitude": -4.524243 }, "geometry": { "type": "Polygon", "coordinates": [ [ [ 135.757773269530645, -5.517666835990254 ], [ 136.832208093003658, -4.071275143595872 ], [ 136.942855569880066, -4.014286057728842 ], [ 137.043598057959116, -4.011000234815852 ], [ 137.589322798448336, -4.449008710233782 ], [ 137.642507495880153, -5.180817131977291 ], [ 136.791663837979314, -6.997696264522092 ], [ 135.757773269530645, -5.517666835990254 ] ] ] } },
{ "type": "Feature", "properties": { "districtID": "9602", "district": "Dogiyai", "distr_t_en": "Dogiyai", "provinceID": "96", "province": "Papua Tengah", "islandID": "9", "island": "Papua", "longitude": 135.607127, "latitude": -4.047037 }, "geometry": { "type": "Polygon", "coordinates": [ [ [ 134.523996073140381, -4.850198574641269 ], [ 134.863510080522417, -3.709427163917141 ], [ 135.983106179328217, -3.728758369613949 ], [ 136.037481857588119, -3.917236225554496 ], [ 135.7488328209879, -5.509006214536663 ], [ 134.523996073140381, -4.850198574641269 ] ] ] } },
{ "type": "Feature", "properties": { "districtID": "9603", "district": "Deiyai", "distr_t_en": "Deiyai", "provinceID": "96", "province": "Papua Tengah", "islandID": "9", "island": "Papua", "longitude": 136.394858, "latitude": -4.189883 }, "geometry": { "type": "Polygon", "coordinates": [ [ [ 135.7488328209879, -5.509006214536663 ], [ 136.037481857588119, -3.917236225554496 ], [ 136.832208093003658, -4.071275143595872 ], [ 135.757773269530645, -5.517666835990254 ], [ 135.7488328209879, -5.509006214536663 ] ] ] } },
{ "type": "Feature", "properties": { "districtID": "9604", "district": "Nabire", "distr_t_en": "Nabire", "provinceID": "96", "province": "Papua Tengah", "islandID": "9", "island": "Papua", "longitude": 135.618338, "latitude": -3.39769 }, "geometry": { "type": "Polygon", "coordinates": [ [ [ 134.839027890401127, -3.505788806271206 ], [ 135.344102335233856, -2.385834767496011 ], [ 135.902009394997322, -2.573523751875571 ], [ 136.242000479213459, -3.173786151621949 ], [ 136.241588902631349, -3.17809163599969 ], [ 135.983106179328217, -3.728758369613949 ], [ 134.863510080522417, -3.709427163917141 ], [ 134.839027890401127, -3.505788806271206 ] ] ] } },
{ "type": "Feature", "properties": { "districtID": "9605", "district": "Paniai", "distr_t_en": "Paniai", "provinceID": "96", "province": "Papua Tengah", "islandID": "9", "island": "Papua", "longitude": 136.470843, "latitude": -3.797855 }, "geometry": { "type": "Polygon", "coordinates": [ [ [ 135.983106179328217, -3.728758369613949 ], [ 136.241588902631349, -3.17809163599969 ], [ 136.942855569880066, -4.014286057728842 ], [ 136.832208093003658, -4.071275143595872 ], [ 136.037481857588119, -3.917236225554496 ], [ 135.983106179328217, -3.728758369613949 ] ] ] } },
{ "type": "Feature", "properties": { "districtID": "9606", "district": "Intan Jaya", "distr_t_en": "Intan Jaya", "provinceID": "96", "province": "Papua Tengah", "islandID": "9", "island": "Papua", "longitude": 136.811948, "latitude": -3.511791 }, "geometry": { "type": "Polygon", "coordinates": [ [ [ 136.241588902631349, -3.17809163599969 ], [ 136.242000479213459, -3.173786151621949 ], [ 137.301877648720193, -3.093758690073707 ], [ 137.043598057959116, -4.011000234815852 ], [ 136.942855569880066, -4.014286057728842 ], [ 136.241588902631349, -3.17809163599969 ] ] ] } },
{ "type": "Feature", "properties": { "districtID": "9607", "district": "Puncak", "distr_t_en": "Puncak", "provinceID": "96", "province": "Papua Tengah", "islandID": "9", "island": "Papua", "longitude": 137.501696, "latitude": -3.706013 }, "geometry": { "type": "Polygon", "coordinates": [ [ [ 137.043598057959116, -4.011000234815852 ], [ 137.301877648720193, -3.093758690073707 ], [ 137.32896119113343, -3.072507805449716 ], [ 137.920846864597337, -3.910603424436434 ], [ 137.855463761949068, -4.135917234952282 ], [ 137.589322798448336, -4.449008710233782 ], [ 137.043598057959116, -4.011000234815852 ] ] ] } },
{ "type": "Feature", "properties": { "districtID": "9608", "district": "Puncak Jaya", "distr_t_en": "Puncak Jaya", "provinceID": "96", "province": "Papua Tengah", "islandID": "9", "island": "Papua", "longitude": 137.868218, "latitude": -3.447166 }, "geometry": { "type": "Polygon", "coordinates": [ [ [ 137.32896119113343, -3.072507805449716 ], [ 137.438007922363255, -2.897329541684929 ], [ 138.079269954717688, -2.956078966713551 ], [ 138.179436200923334, -3.651416758122741 ], [ 137.920846864597337, -3.910603424436434 ], [ 137.32896119113343, -3.072507805449716 ] ] ] } },
{ "type": "Feature", "properties": { "districtID": "9701", "district": "Nduga", "distr_t_en": "Nduga", "provinceID": "97", "province": "Papua Pegunungan", "islandID": "9", "island": "Papua", "longitude": 138.336732, "latitude": -4.415828 }, "geometry": { "type": "Polygon", "coordinates": [ [ [ 137.589322798448336, -4.449008710233782 ], [ 137.855463761949068, -4.135917234952282 ], [ 138.575541453390116, -4.211585983169193 ], [ 138.907230187405446, -4.757008470403095 ], [ 137.642507495880153, -5.180817131977291 ], [ 137.589322798448336, -4.449008710233782 ] ] ] } },
{ "type": "Feature", "properties": { "districtID": "9702", "district": "Jayawijaya", "distr_t_en": "Jayawijaya", "provinceID": "97", "province": "Papua Pegunungan", "islandID": "9", "island": "Papua", "longitude": 138.86675, "latitude": -4.093507 }, "geometry": { "type": "Polygon", "coordinates": [ [ [ 138.575541453390116, -4.211585983169193 ], [ 138.696959493060291, -3.765693950751665 ], [ 139.139795707347673, -3.899442794822386 ], [ 139.267521550994672, -4.187921928162424 ], [ 138.954140685429934, -4.764680114002445 ], [ 138.907230187405446, -4.757008470403095 ], [ 138.575541453390116, -4.211585983169193 ] ] ] } },
{ "type": "Feature", "properties": { "districtID": "9703", "district": "Lanny Jaya", "distr_t_en": "Lanny Jaya", "provinceID": "97", "province": "Papua Pegunungan", "islandID": "9", "island": "Papua", "longitude": 138.384405, "latitude": -3.962163 }, "geometry": { "type": "Polygon", "coordinates": [ [ [ 137.855463761949068, -4.135917234952282 ], [ 137.920846864597337, -3.910603424436434 ], [ 138.179436200923334, -3.651416758122741 ], [ 138.646103109824821, -3.679631557487322 ], [ 138.696959493060291, -3.765693950751665 ], [ 138.575541453390116, -4.211585983169193 ], [ 137.855463761949068, -4.135917234952282 ] ] ] } },
{ "type": "Feature", "properties": { "districtID": "9704", "district": "Tolikara", "distr_t_en": "Tolikara", "provinceID": "97", "province": "Papua Pegunungan", "islandID": "9", "island": "Papua", "longitude": 138.420351, "latitude": -3.367629 }, "geometry": { "type": "Polygon", "coordinates": [ [ [ 138.079269954717688, -2.956078966713551 ], [ 138.481842957246215, -2.75782154124552 ], [ 138.887078489523844, -3.020146565341912 ], [ 138.646103109824821, -3.679631557487322 ], [ 138.179436200923334, -3.651416758122741 ], [ 138.079269954717688, -2.956078966713551 ] ] ] } },
{ "type": "Feature", "properties": { "districtID": "9705", "district": "Mamberamo Tengah", "distr_t_en": "Central Mamberamo", "provinceID": "97", "province": "Papua Pegunungan", "islandID": "9", "island": "Papua", "longitude": 139.019827, "latitude": -3.586677 }, "geometry": { "type": "Polygon", "coordinates": [ [ [ 138.646103109824821, -3.679631557487322 ], [ 138.887078489523844, -3.020146565341912 ], [ 139.337077100885068, -3.017450905711392 ], [ 139.48301834082659, -3.262730157703332 ], [ 139.139795707347673, -3.899442794822386 ], [ 138.696959493060291, -3.765693950751665 ], [ 138.646103109824821, -3.679631557487322 ] ] ] } },
{ "type": "Feature", "properties": { "districtID": "9706", "district": "Yalimo", "distr_t_en": "Yalimo", "provinceID": "97", "province": "Papua Pegunungan", "islandID": "9", "island": "Papua", "longitude": 139.467016, "latitude": -3.827736 }, "geometry": { "type": "Polygon", "coordinates": [ [ [ 139.139795707347673, -3.899442794822386 ], [ 139.48301834082659, -3.262730157703332 ], [ 140.106915717408413, -3.660848549595731 ], [ 140.196453697030108, -3.892138654973493 ], [ 140.081286414066454, -4.064555387891511 ], [ 139.267521550994672, -4.187921928162424 ], [ 139.139795707347673, -3.899442794822386 ] ] ] } },
{ "type": "Feature", "properties": { "districtID": "9707", "district": "Yahukimo", "distr_t_en": "Yahukimo", "provinceID": "97", "province": "Papua Pegunungan", "islandID": "9", "island": "Papua", "longitude": 139.564807, "latitude": -4.472796 }, "geometry": { "type": "Polygon", "coordinates": [ [ [ 138.954140685429934, -4.764680114002445 ], [ 139.267521550994672, -4.187921928162424 ], [ 140.081286414066454, -4.064555387891511 ], [ 139.998791176670409, -5.233217806506866 ], [ 139.620200518149801, -5.435962052986051 ], [ 138.954140685429934, -4.764680114002445 ] ] ] } },
{ "type": "Feature", "properties": { "districtID": "9708", "district": "Pegunungan Bintang", "distr_t_en": "Pegunungan Bintang", "provinceID": "97", "province": "Papua Pegunungan", "islandID": "9", "island": "Papua", "longitude": 140.535295, "latitude": -4.541302 }, "geometry": { "type": "Polygon", "coordinates": [ [ [ 139.998791176670409, -5.233217806506866 ], [ 140.081286414066454, -4.064555387891511 ], [ 140.196453697030108, -3.892138654973493 ], [ 141.7100239100252, -4.092292617021942 ], [ 141.7100239100252, -5.400454613349235 ], [ 139.998791176670409, -5.233217806506866 ] ] ] } }
]
}
