fid,districtID,districtID_old,nameID,district_en,provinceID,province_bahasa,province_en,islandID,island_bahasa,island_en,district_bahasa,gfcf_2010,gfcf_2011,gfcf_2012,gfcf_2013,gfcf_2014,gfcf_2015,gfcf_2016,gfcf_2017,gfcf_2018,gfcf_2019,gfcf_2020,gfcf_2021,gfcf_2022,gfcf_2023,gfcf_2024,gfcf_2025
1,1101,1101,simeulue,Simeulue,11,Aceh,Aceh,1,Sumatera,Sumatera,Simeulue,562.07,641.18,684.23,668.66,669.68,677.1,702.59,699.45,708.09,718.48,747.47,751.84,750.28,791.56,803.02,821.87
2,1102,1102,acehsingkil,Aceh Singkil,11,Aceh,Aceh,1,Sumatera,Sumatera,Aceh Singkil,396.03,423.38,437.67,435.57,457.95,474.31,497.31,519.28,538.33,571.41,592.47,594.23,600.27,629.37,644.61,635.33
3,1103,1103,acehselatan,South Aceh,11,Aceh,Aceh,1,Sumatera,Sumatera,Aceh Selatan,786.18,863.58,938.66,987.88,1048.49,1093.53,1152.48,1196.28,1231.47,1251.88,1283.73,1286.9,1279.79,1365.06,1411.02,1396.16
4,1104,1104,acehtenggara,Southeast Aceh,11,Aceh,Aceh,1,Sumatera,Sumatera,Aceh Tenggara,672.61,721.62,735.68,751.25,837.65,855.04,905.87,930.24,967.25,991.99,1027.93,1036.04,1042.64,1078.77,1124.42,1117.54
5,1105,1105,acehtimur,East Aceh,11,Aceh,Aceh,1,Sumatera,Sumatera,Aceh Timur,1854.01,2110.68,2284.33,2220.69,2375.65,2468.73,2584.75,2651.18,2744,2838.19,2938.62,2973.32,2979.91,2916.88,3093.84,3021.37
6,1106,1106,acehtengah,Central Aceh,11,Aceh,Aceh,1,Sumatera,Sumatera,Aceh Tengah,1729.57,1866.32,1960.98,1993.98,2070.57,2130.72,2180.75,2221.25,2278.65,2325.12,2380.08,2410.3,2361.95,2479.59,2563.93,2505.83
7,1107,1107,acehbarat,West Aceh,11,Aceh,Aceh,1,Sumatera,Sumatera,Aceh Barat,2093.67,2260.89,2319.72,2259.99,2351.2,2441.36,2560.54,2693.61,2790.43,2899.2,2992.9,3013.04,2985.49,3141.71,3323.31,3220.21
8,1108,1108,acehbesar,Aceh Besar,11,Aceh,Aceh,1,Sumatera,Sumatera,Aceh Besar,2241.71,2496.33,2709.07,2802.47,2968.21,3150.63,3250.08,3289.38,3393.33,3675.46,3865.23,3882.94,3930.1,4146.38,4390.11,4374.28
9,1109,1109,pidie,Pidie,11,Aceh,Aceh,1,Sumatera,Sumatera,Pidie,1387.23,1567.06,1694.15,1690.15,1786.27,1925.45,2052.42,2125.31,2217.54,2373.46,2520.49,2525.77,2545.9,2525.8,2699.18,2615.78
10,1110,1110,bireuen,Bireuen,11,Aceh,Aceh,1,Sumatera,Sumatera,Bireuen,1579.91,1686.56,1816.36,1825.38,1899.99,1992.87,2055.63,2131.52,2209.5,2311.8,2396.61,2422.06,2420.31,2574.18,2681.87,2646.5
11,1111,1111,acehutara,North Aceh,11,Aceh,Aceh,1,Sumatera,Sumatera,Aceh Utara,2881,3092.8,3262.92,3316.11,3568.66,3818.23,4167.92,4352.8,4550.2,4802.87,5048.65,5049.63,4941.69,4938.73,5015.35,4846.5
12,1112,1112,acehbaratdaya,Southwest Aceh,11,Aceh,Aceh,1,Sumatera,Sumatera,Aceh Barat Daya,1052.28,1182.14,1289.57,1360.82,1443.55,1515.62,1593.79,1626.11,1682.34,1782.18,1874.35,1877.57,1879.07,1945.76,1963.52,1784.76
13,1113,1113,gayolues,Gayo Lues,11,Aceh,Aceh,1,Sumatera,Sumatera,Gayo Lues,559.64,632.19,675.32,690.33,733.75,791.48,816.24,808.52,834.24,843.98,866.4,864.59,870.14,887.98,914.73,923
14,1114,1114,acehtamiang,Aceh Tamiang,11,Aceh,Aceh,1,Sumatera,Sumatera,Aceh Tamiang,1226.73,1449.14,1553.22,1521.75,1585.82,1624.02,1690.43,1730.38,1775.42,1829.19,1862.52,1884.02,1872.93,1927.95,2008.9,1991.79
15,1115,1115,naganraya,Nagan Raya,11,Aceh,Aceh,1,Sumatera,Sumatera,Nagan Raya,1594.4,1765.23,1837.67,1823.12,1944.19,2050.11,2097.15,2112.16,2168,2279.35,2412.18,2443.14,2484.09,2525.49,2524.17,2485.91
16,1116,1116,acehjaya,Aceh Jaya,11,Aceh,Aceh,1,Sumatera,Sumatera,Aceh Jaya,710.97,802.22,863.96,787.23,835.6,879.79,925.41,978.68,1028.68,1089.53,1126.52,1129.95,1130.12,1169.18,1184.99,1187.39
17,1117,1117,benermeriah,Bener Meriah,11,Aceh,Aceh,1,Sumatera,Sumatera,Bener Meriah,1201.21,1287.87,1378.05,1399.14,1414.31,1480.05,1538.76,1586.28,1638.81,1701.81,1729.49,1749.99,1765.09,1876.41,1950.21,1910.67
18,1118,1118,pidiejaya,Pidie Jaya,11,Aceh,Aceh,1,Sumatera,Sumatera,Pidie Jaya,611.86,690.26,735.44,718.09,754.61,791.17,838.09,897.58,936.32,971.02,992.41,997.93,977.34,973.78,1031.4,1027.55
19,1171,1171,kotabandaaceh,Banda Aceh City,11,Aceh,Aceh,1,Sumatera,Sumatera,Kota Banda Aceh,2719.83,2660.76,2664.99,2662.86,2654.34,3195.61,4872.05,3202.93,3268.98,3292.73,3358.6,3365.07,3365.76,3592.8,3881,3841.21
20,1172,1172,kotasabang,Sabang City,11,Aceh,Aceh,1,Sumatera,Sumatera,Kota Sabang,514.26,550.78,592.69,623.6,662.38,696.75,744.59,755.66,765.04,783.98,774.32,780.12,773.63,773.08,798.7,812.85
21,1173,1173,kotalangsa,Langsa City,11,Aceh,Aceh,1,Sumatera,Sumatera,Kota Langsa,957.36,1034.96,1088.48,1116.75,1158.39,1198.64,1276.4,1319.33,1333.66,1373.64,1428.33,1426.66,1425.91,1490.67,1504.06,1460.94
22,1174,1174,kotalhokseumawe,Lhokseumawe City,11,Aceh,Aceh,1,Sumatera,Sumatera,Kota Lhokseumawe,2063.64,2146.88,2271.08,2382.64,2594.22,3074.34,2947.61,2743.47,2804.5,2956.57,3048.44,3049.79,3045.85,3047.56,3270.12,3304.06
23,1175,1175,kotasubulussalam,Subulussalam City,11,Aceh,Aceh,1,Sumatera,Sumatera,Kota Subulussalam,370.41,408.96,443.7,467.03,489.07,521.78,560.92,576.49,591.61,618.09,646.48,656.4,663.71,694.65,712.56,702.69
24,1201,1201,nias,Nias,12,Sumatera Utara,North Sumatera,1,Sumatera,Sumatera,Nias,453.77,473.79,492.04,512.98,531.16,549.08,582.34,617.46,654.39,685.32,687.3,708.71,742.96,781.75,849.44,817.05
25,1202,1202,mandailingnatal,Mandailing Natal,12,Sumatera Utara,North Sumatera,1,Sumatera,Sumatera,Mandailing Natal,1548.08,1583.2,1658.15,1704.38,1759.28,1838.02,1935.8,2032.82,2166.83,2312.36,2222.66,2298.77,2382.66,2547.8,2727.61,2651.4
26,1203,1203,tapanuliselatan,South Tapanuli,12,Sumatera Utara,North Sumatera,1,Sumatera,Sumatera,Tapanuli Selatan,1919.26,1960.81,2053.36,2139.32,2249.72,2371.89,2498.31,2636.82,2793.55,2981.27,2957.86,3086.54,3201.62,3492.16,3671.48,3685.75
27,1204,1204,tapanulitengah,Central Tapanuli,12,Sumatera Utara,North Sumatera,1,Sumatera,Sumatera,Tapanuli Tengah,864.31,899.81,942.55,994.19,1050.77,1115.01,1164.37,1239.74,1321.59,1431.27,1418.17,1468.34,1539.63,1632.37,1657.3,1668.6
28,1205,1205,tapanuliutara,North Tapanuli,12,Sumatera Utara,North Sumatera,1,Sumatera,Sumatera,Tapanuli Utara,1052.04,1098.94,1144.38,1231.69,1327.64,1432.53,1548.93,1676.69,1810.91,1968.31,1962.95,2027.55,2100.71,2191.93,2230.7,2234.99
29,1206,1206,tobasamosir,Toba Samosir,12,Sumatera Utara,North Sumatera,1,Sumatera,Sumatera,Toba Samosir,837.91,855.72,884.17,898.85,928.66,947.36,969.51,1003.16,1041.91,1096.07,1078.16,1131.41,1194.58,1276.95,1335.95,1338.37
30,1207,1207,labuhanbatu,Labuhan Batu,12,Sumatera Utara,North Sumatera,1,Sumatera,Sumatera,Labuhan Batu,3724.42,3758.45,4087.77,4252.26,4414.03,4580.67,4816.45,5100.44,5331.54,5671.56,5447.26,5661.08,5861.72,6183.87,6460.91,6556.29
31,1208,1208,asahan,Asahan,12,Sumatera Utara,North Sumatera,1,Sumatera,Sumatera,Asahan,3774.84,3971.74,4392.3,4727.87,5064.38,5352.33,5632.2,6021.58,6458.07,6984.93,6919.75,7216.18,7472.68,7815.85,7868.5,8009.42
32,1209,1209,simalungun,Simalungun,12,Sumatera Utara,North Sumatera,1,Sumatera,Sumatera,Simalungun,3866.33,3975.15,4439.53,4797.48,5020.69,5300.94,5600.09,5946.76,6346.4,6633.29,6592.4,6798.29,7039.58,7103.26,7493.29,7703.52
33,1210,1210,dairi,Dairi,12,Sumatera Utara,North Sumatera,1,Sumatera,Sumatera,Dairi,994.5,1037.06,1151.85,1249.87,1307.32,1336.87,1404.68,1498.94,1594.25,1690.95,1662.93,1684.39,1724.92,1766.92,1801.93,1819.7
34,1211,1211,karo,Karo,12,Sumatera Utara,North Sumatera,1,Sumatera,Sumatera,Karo,2731.94,2894.48,3109.17,3258.35,3441.71,3546.25,3713.2,3952.95,4185.48,4421.01,4388.03,4508.04,4693.08,5061.25,5292.44,5377.4
35,1212,1212,deliserdang,Deli Serdang,12,Sumatera Utara,North Sumatera,1,Sumatera,Sumatera,Deli Serdang,13885.71,15079.8,16035.05,17054.49,17836.87,18803.29,19851.9,20839.36,22436.78,24161.12,24156.37,24538.84,25562.75,27255.84,28594.3,28816.65
36,1213,1213,langkat,Langkat,12,Sumatera Utara,North Sumatera,1,Sumatera,Sumatera,Langkat,3724.21,4227.61,4436.21,4697.92,4990.37,5061.12,5250.81,5559.51,5890.53,6374.14,6483.08,6755.57,6960.09,7283.54,7504.48,7711.66
37,1214,1214,niasselatan,South Nias,12,Sumatera Utara,North Sumatera,1,Sumatera,Sumatera,Nias Selatan,676.42,692.36,738.76,765.38,800.93,834.42,883.6,950.09,1022.32,1099.27,1152.44,1210.76,1293.73,1403.24,1447.18,1460.39
38,1215,1215,humbanghasundutan,Humbang Hasundutan,12,Sumatera Utara,North Sumatera,1,Sumatera,Sumatera,Humbang Hasundutan,629.48,665.5,716.4,760.52,796.47,799.21,833.71,877.21,926.07,991.04,963.64,1020.92,1074.6,1134.72,1152.17,1160.03
39,1216,1216,pakpakbharat,Pakpak Bharat,12,Sumatera Utara,North Sumatera,1,Sumatera,Sumatera,Pakpak Bharat,141.95,151.03,160.81,171.28,182.71,194.93,207.97,225.65,240.71,264.36,262.79,269.28,286.59,306.76,321.75,333.26
40,1217,1217,samosir,Samosir,12,Sumatera Utara,North Sumatera,1,Sumatera,Sumatera,Samosir,279.96,296.45,316.3,336.96,349.55,361.42,375.51,392.21,424.7,463.33,449.04,474.29,502.32,530.92,566.36,566.19
41,1218,1218,serdangbedagai,Serdang Bedagai,12,Sumatera Utara,North Sumatera,1,Sumatera,Sumatera,Serdang Bedagai,2737.42,3047.26,3308.93,3514.92,3688.57,3878.76,4154.25,4371.61,4655.93,4854.7,4847.08,4983.98,5155.18,5259.82,5488.16,5656.52
42,1219,1219,batubara,Batu Bara,12,Sumatera Utara,North Sumatera,1,Sumatera,Sumatera,Batu Bara,2257.63,2355.69,2527.22,2690.1,2802.25,2995.3,3322.52,3778.84,4099.93,4419.92,4417.94,4549,4710.74,4948.16,4995.78,4983.14
43,1220,1220,padanglawasutara,North Padang Lawas,12,Sumatera Utara,North Sumatera,1,Sumatera,Sumatera,Padang Lawas Utara,1157.8,1232.42,1293.99,1359.7,1445.62,1536.7,1627.77,1705.85,1804.14,1934.66,1908.66,1966.87,2033.03,2189.87,2240.4,2280.77
44,1221,1221,padanglawas,Padang Lawas,12,Sumatera Utara,North Sumatera,1,Sumatera,Sumatera,Padang Lawas,1432,1440.53,1465.71,1518.3,1548.82,1588.94,1660.64,1747.66,1875.78,1984.74,1929.57,2007.37,2087.32,2220.07,2314.35,2347.27
45,1222,1222,labuhanbatuselatan,South Labuhanbatu,12,Sumatera Utara,North Sumatera,1,Sumatera,Sumatera,Labuhan Batu Selatan,2921.98,3157.6,3465.24,3671.22,3827.83,3954.16,4114.23,4289.6,4484.7,4770.5,4706.46,4873.07,5099.52,5428.43,5739.36,5780.53
46,1223,1223,labuhanbatuutara,North Labuhanbatu,12,Sumatera Utara,North Sumatera,1,Sumatera,Sumatera,Labuhan Batu Utara,2609.52,2859.35,3114.53,3270.89,3401.85,3552.78,3708.66,3835,4097.77,4397.14,4351.78,4454.61,4575.86,4828.62,4842.23,4859.44
47,1224,1224,niasutara,North Nias,12,Sumatera Utara,North Sumatera,1,Sumatera,Sumatera,Nias Utara,350.14,370.17,392.31,423.35,453.94,483.86,518.88,560.35,605.02,639,642.39,662.59,689.39,722.56,765.77,778.59
48,1225,1225,niasbarat,West Nias,12,Sumatera Utara,North Sumatera,1,Sumatera,Sumatera,Nias Barat,151.79,174.21,198.59,224.9,251.92,270.12,283.15,295.95,311.61,325.25,327.13,331.5,339.99,352.85,365.28,351.99
49,1271,1271,kotasibolga,Sibolga City,12,Sumatera Utara,North Sumatera,1,Sumatera,Sumatera,Kota Sibolga,419.99,449.87,477.4,511.93,534.6,548.59,570.47,592.35,629.1,671.91,657.82,673.09,694.52,716.89,733.69,731.75
50,1272,1272,kotatanjungbalai,Tanjung Balai City,12,Sumatera Utara,North Sumatera,1,Sumatera,Sumatera,Kota Tanjung Balai,1123.14,1184.03,1273.46,1379.57,1488.87,1554.79,1648.83,1755.83,1842.98,1993.7,1943.36,1987.71,2025.12,2099.85,2169.34,2231.99
51,1273,1273,kotapematangsiantar,Pematang Siantar City,12,Sumatera Utara,North Sumatera,1,Sumatera,Sumatera,Kota Pematang Siantar,1429.02,1499.81,1594.37,1690.36,1794.04,1879.25,1965.99,2055.65,2159.01,2290.79,2177.52,2232.4,2283.23,2388.31,2457.19,2476.75
52,1274,1274,kotatebingtinggi,Tebing Tinggi City,12,Sumatera Utara,North Sumatera,1,Sumatera,Sumatera,Kota Tebing Tinggi,717.7,733.73,758.96,780.47,809.46,844.75,882.95,959.65,1040.24,1127.6,1132.06,1167.7,1218.17,1265.95,1294.9,1332.04
53,1275,1275,kotamedan,Medan City,12,Sumatera Utara,North Sumatera,1,Sumatera,Sumatera,Kota Medan,37635.06,39367.12,43059.52,43216.3,45704.66,48031.55,49836.43,52044.07,56798.62,61595.51,59245.99,62275.77,66116,68739.94,72149.05,71918.01
54,1276,1276,kotabinjai,Binjai City,12,Sumatera Utara,North Sumatera,1,Sumatera,Sumatera,Kota Binjai,1620.99,1671.48,1795.74,1868.39,1902.02,2019.87,2156.68,2289.48,2492.77,2650.76,2637.81,2726.19,2916.54,3127.01,3307.54,3318.63
55,1277,1277,kotapadangsidimpuan,Padangsidempuan City,12,Sumatera Utara,North Sumatera,1,Sumatera,Sumatera,Kota Padangsidimpuan,1250.45,1289.07,1323.23,1356.04,1382.46,1392.31,1415.36,1447.91,1507.58,1590.08,1582.51,1631.33,1707.6,1761.36,1817.07,1820.39
56,1278,1278,kotagunungsitoli,Gunungsitoli City,12,Sumatera Utara,North Sumatera,1,Sumatera,Sumatera,Kota Gunungsitoli,619.85,653.55,692.51,733.31,775.62,818.55,866.04,916.21,971.24,1025.21,1043.11,1089.71,1142.03,1223.31,1281.04,1257.25
57,1301,1301,kepulauanmentawai,Mentawai Islands,13,Sumatera Barat,West Sumatera,1,Sumatera,Sumatera,Kepulauan Mentawai,560.92,627.84,669.57,713.63,755.87,788.17,838.28,874.37,907.3,962.4,921.65,944.6,984.3,1064.64,1082,1083.65
58,1302,1302,pesisirselatan,South Pesisir,13,Sumatera Barat,West Sumatera,1,Sumatera,Sumatera,Pesisir Selatan,1752.54,1944.3,2039.46,2149.1,2267.33,2376.5,2539.1,2653.75,2750.41,2874.86,2804.74,2862.82,2936.52,3143.22,3192.95,3144.07
59,1303,1303,solok,Solok,13,Sumatera Barat,West Sumatera,1,Sumatera,Sumatera,Solok,1898.69,2079.57,2175.9,2246.37,2358.54,2461.93,2613.6,2726.85,2834.69,2962.83,2844.83,2884.79,3021.04,3320.2,3401.58,3343.59
60,1304,1304,sijunjung,Sijunjung,13,Sumatera Barat,West Sumatera,1,Sumatera,Sumatera,Sijunjung,1279.3,1404.84,1486.19,1575.78,1675.24,1746.1,1856.11,1931.46,1997.74,2093.71,2021.36,2030.85,2102.82,2261.11,2317.5,2294.92
61,1305,1305,tanahdatar,Tanah Datar,13,Sumatera Barat,West Sumatera,1,Sumatera,Sumatera,Tanah Datar,1749.69,1912.76,2040.54,2138.35,2273.22,2395.06,2548.16,2656.55,2748.09,2861.59,2777.57,2806.07,2893.1,3110.72,3213.26,3108.71
62,1306,1306,padangpariaman,Padang Pariaman,13,Sumatera Barat,West Sumatera,1,Sumatera,Sumatera,Padang Pariaman,2469.57,2725.35,2881.55,3048.75,3238.92,3365.67,3583.39,3730.78,3862,4072.7,4032.59,4061.48,4194.82,4492.9,5046.68,4497.15
63,1307,1307,agam,Agam,13,Sumatera Barat,West Sumatera,1,Sumatera,Sumatera,Agam,2607.89,2889.56,3063.6,3171.81,3334.7,3473.23,3700.09,3853.38,4007.26,4169.32,4054.97,4130.5,4339.41,4729.39,4871.97,4669.66
64,1308,1308,limapuluhkota,Lima Puluh Kota,13,Sumatera Barat,West Sumatera,1,Sumatera,Sumatera,Lima Puluh Kota,1974.07,2195.65,2348.62,2448.7,2596.64,2714.63,2892.42,3018.72,3139.29,3289.16,3215.49,3265.73,3411.02,3684.93,3769.79,3719.56
65,1309,1309,pasaman,Pasaman,13,Sumatera Barat,West Sumatera,1,Sumatera,Sumatera,Pasaman,1149.82,1275.89,1357.53,1431.6,1505.06,1569.39,1676.25,1745.18,1818.65,1904.27,1848.79,1883.87,1940.24,2077.89,2137.53,2093.26
66,1310,1310,solokselatan,South Solok,13,Sumatera Barat,West Sumatera,1,Sumatera,Sumatera,Solok Selatan,647.31,723.28,779.04,821.28,875.87,922.49,986.72,1027.65,1069.03,1125.98,1105.72,1114.26,1156.68,1240.53,1273.11,1254.91
67,1311,1311,dharmasraya,Dharmasraya,13,Sumatera Barat,West Sumatera,1,Sumatera,Sumatera,Dharmasraya,1246.26,1387.03,1496.08,1559.25,1648.85,1720.43,1834.96,1911.6,1988.54,2091.24,2063.08,2097.76,2154.79,2340.94,2414.96,2417.42
68,1312,1312,pasamanbarat,West Pasaman,13,Sumatera Barat,West Sumatera,1,Sumatera,Sumatera,Pasaman Barat,1981.79,2215.78,2340.33,2466.36,2621.01,2733.62,2922.79,3045.06,3148.38,3295.47,3214.97,3249.99,3375.87,3657.36,3772.03,3723
69,1371,1371,kotapadang,Padang City,13,Sumatera Barat,West Sumatera,1,Sumatera,Sumatera,Kota Padang,7739.48,8474.66,9064.89,9563.31,10044.97,10571.24,11246.76,11661.95,12074.25,12714.94,12209.91,12424.43,12925.67,13748.22,14092.33,14137.53
70,1372,1372,kotasolok,Solok City,13,Sumatera Barat,West Sumatera,1,Sumatera,Sumatera,Kota Solok,471.08,520.34,553.33,584.95,607.13,629.39,666.03,690.96,716.36,748.35,728.16,745.48,778.79,832.04,843.37,834.87
71,1373,1373,kotasawahlunto,Sawahlunto City,13,Sumatera Barat,West Sumatera,1,Sumatera,Sumatera,Kota Sawah Lunto,408.59,451.46,479.81,506.02,533.66,561.75,593.7,620.45,642.65,676.78,652.49,666.26,695.56,745.49,768.45,749.44
72,1374,1374,kotapadangpanjang,Padang Panjang City,13,Sumatera Barat,West Sumatera,1,Sumatera,Sumatera,Kota Padang Panjang,475.01,520.49,549.6,574.89,605.36,638.1,674.53,701.21,723.66,759.94,736.81,743.94,763.51,803.37,826.06,801.52
73,1375,1375,kotabukittinggi,Bukittinggi City,13,Sumatera Barat,West Sumatera,1,Sumatera,Sumatera,Kota Bukittinggi,986,1074.5,1131.5,1196.82,1265.61,1326.49,1415.76,1478.76,1537.95,1622.02,1614.54,1629.89,1702.3,1823.72,1863.69,1853.32
74,1376,1376,kotapayakumbuh,Payakumbuh City,13,Sumatera Barat,West Sumatera,1,Sumatera,Sumatera,Kota Payakumbuh,701.05,786.51,849.72,898.46,945.51,994.87,1059.15,1106.87,1153.61,1214.98,1168.3,1185.96,1225.09,1295.62,1334.25,1336.36
75,1377,1377,kotapariaman,Pariaman City,13,Sumatera Barat,West Sumatera,1,Sumatera,Sumatera,Kota Pariaman,597.74,645.57,691.74,727.02,761.81,798.33,849.43,885.4,921.33,968.75,948.53,960.23,987.85,1044.72,1074.5,1067.03
76,1401,1401,kuantansingingi,Kuantan Singingi,14,Riau,Riau,1,Sumatera,Sumatera,Kuantan Singingi,5126.19,6118.98,6693.23,7204.25,7375.72,7653.07,7929.21,8119.69,8463.08,8741.47,8620.67,8718.51,9148.14,9335.47,9538.59,9740.44
77,1402,1402,indragirihulu,Indragiri Hulu,14,Riau,Riau,1,Sumatera,Sumatera,Indragiri Hulu,6542.79,7520.82,8088.22,8519.91,8760.06,9059.5,9324.75,9653.69,9970.82,10321.23,10138.83,10449.17,10927.14,11432.34,11793.31,11927.46
78,1403,1403,indragirihilir,Indragiri Hilir,14,Riau,Riau,1,Sumatera,Sumatera,Indragiri Hilir,5363.63,6159.71,6636.18,6998.98,7794.14,8023.07,8350.19,8103.3,8368.09,8610.11,8463.1,8697.74,9104.96,9557.39,9822.03,10150.32
79,1404,1404,pelalawan,Pelalawan,14,Riau,Riau,1,Sumatera,Sumatera,Pelalawan,3184.64,3728.63,4019.78,4172.44,4265.96,4459.13,4687.05,4909.93,5118.57,5376.85,5289.13,5592.54,6012.11,6311.91,6538.8,6607.49
80,1405,1405,siak,Siak,14,Riau,Riau,1,Sumatera,Sumatera,Siak,6757.44,7884.94,8711.8,9374.08,9787.54,10143.17,10485.28,10970.49,11399.5,11825.39,11647.22,12461.48,13390.23,13996.28,14442.95,14793.38
81,1406,1406,kampar,Kampar,14,Riau,Riau,1,Sumatera,Sumatera,Kampar,10127.16,11635.46,12724.62,13343.73,13591.55,13981.17,14514.23,14710.7,15276.63,15802.44,15586.54,16222.12,17383.07,18293.49,18869.31,19340.14
82,1407,1407,rokanhulu,Rokan Hulu,14,Riau,Riau,1,Sumatera,Sumatera,Rokan Hulu,2900.57,3447.39,3781.27,3910.91,3986.85,4116.09,4295.4,4493.38,4743.92,4903.31,4819.31,5090.93,5436.01,5690.61,5870.67,5959.65
83,1408,1408,bengkalis,Bengkalis,14,Riau,Riau,1,Sumatera,Sumatera,Bengkalis,8367.82,9989.91,10939.24,11106.19,11728.95,12108.8,12596.33,13041.22,13354.2,13638.42,13370.72,14091.47,15216.01,16113.36,16643.67,17029.31
84,1409,1409,rokanhilir,Rokan Hilir,14,Riau,Riau,1,Sumatera,Sumatera,Rokan Hilir,2865.26,3441.75,3697.96,3822.45,3898.21,4120.22,4375.47,4521.01,4674.14,4761.88,4700.06,4969.06,5300.17,5497.45,5615.38,5691.22
85,1410,1410,kepulauanmeranti,Meranti Islands,14,Riau,Riau,1,Sumatera,Sumatera,Kepulauan Meranti,1633.02,1866.55,2032.84,2138.6,2204.91,2277.06,2344.08,2426.25,2566.64,2711.68,2679.45,2775.24,2921.64,3038.5,3141.15,3211.37
86,1471,1471,kotapekanbaru,Pekanbaru City,14,Riau,Riau,1,Sumatera,Sumatera,Kota Pekanbaru,34670.39,38765.58,42627.95,45156.64,46238.44,49166.85,51133.53,53210.56,54277.37,55931.39,54840.16,57174.91,60191.46,63009.04,64968.18,67030.28
87,1473,1473,kotadumai,Dumai City,14,Riau,Riau,1,Sumatera,Sumatera,Kota Dumai,7613.59,8615.92,9265.84,9776.97,9227.05,9345.38,9518.7,9760.67,10086.86,10320.04,10175.81,10408.22,11111.35,11722.01,12161.2,12123.1
88,1501,1501,kerinci,Kerinci,15,Jambi,Jambi,1,Sumatera,Sumatera,Kerinci,860.71,878.2,1002.42,1080,1057.35,1055.35,1125.99,1151.38,1176.4,1203.95,1581.94,1935,2094.24,2434.52,2527.87,2323.48
89,1502,1502,merangin,Merangin,15,Jambi,Jambi,1,Sumatera,Sumatera,Merangin,1554.7,1641.47,1920.46,2055.42,2093.9,2109.98,2237.66,2377.11,2479.88,2566.39,2552.78,2698.68,2747.7,2962.99,3052.92,3221.64
90,1503,1503,sarolangun,Sarolangun,15,Jambi,Jambi,1,Sumatera,Sumatera,Sarolangun,2531.97,2679.78,3136.69,3408.44,3462.43,3511.26,3715.59,3886.73,3955.6,4049.61,4071.1,4387.06,4532.71,4773.39,5030.28,5052.47
91,1504,1504,batanghari,Batang Hari,15,Jambi,Jambi,1,Sumatera,Sumatera,Batang Hari,1954.44,2010.72,2446.9,2577.41,2647.81,2486.27,2555.59,2687.96,2702.27,2802.15,2829.54,2958.8,3080.85,3325.16,3451.67,3569.55
92,1505,1505,muarojambi,Muaro Jambi,15,Jambi,Jambi,1,Sumatera,Sumatera,Muaro Jambi,2075.24,2180.52,2533.54,2691.29,2667.14,2596.12,2742.16,2870.45,2948.57,3041.4,3020.88,3346.2,3466.58,4205.59,5323.74,5180.36
93,1506,1506,tanjungjabungtimur,East Tanjung Jabung,15,Jambi,Jambi,1,Sumatera,Sumatera,Tanjung Jabung Timur,1254.53,1350.26,1450,1655.66,1653.75,2064.47,2196.78,2353.9,2403.58,2517.75,2512.8,2636.52,2657.6,3046.45,3333.56,3400.57
94,1507,1507,tanjungjabungbarat,West Tanjung Jabung,15,Jambi,Jambi,1,Sumatera,Sumatera,Tanjung Jabung Barat,3029.99,2498.52,3176.64,3439.85,3316.73,3188.99,3335.94,3489.42,3557.74,3674.92,3697.79,3993.44,4113.24,4590.72,4785.21,4859.33
95,1508,1508,tebo,Tebo,15,Jambi,Jambi,1,Sumatera,Sumatera,Tebo,1878.72,1804.68,2150.69,2297.76,2168.75,2188.17,2324.56,2406.32,2455.19,2566.12,2501.16,2607.6,2685.98,2910.79,2993.32,3010.18
96,1509,1509,bungo,Bungo,15,Jambi,Jambi,1,Sumatera,Sumatera,Bungo,2428.11,2441.57,2878.75,3198.7,3400.07,3420.96,3615.64,3836.52,3961.9,4099.71,4001.23,4199.59,4223.63,4467.06,4573.37,4526.98
97,1571,1571,kotajambi,Jambi City,15,Jambi,Jambi,1,Sumatera,Sumatera,Kota Jambi,2532.76,2683.35,3178.93,4006.63,4033.81,4014.6,4179.2,4383.19,4522.82,4797.22,4781.2,5029.69,5022.63,5386.62,5526.83,5612.35
98,1572,1572,kotasungaipenuh,Sungai Penuh City,15,Jambi,Jambi,1,Sumatera,Sumatera,Kota Sungai Penuh,880.44,920,1057.78,1201.07,1212.87,1246.72,1289.46,1345.6,1370.29,1404.49,1315.08,1395.41,1435.38,1509.25,1572.16,1576.54
99,1601,1601,ogankomeringulu,Ogan Komering Ulu,16,Sumatera Selatan,South Sumatera ,1,Sumatera,Sumatera,Ogan Komering Ulu,2679.18,2835.69,3020.84,3157.8,3253.53,3274.02,3520.18,3655.05,3702.68,3721.14,3779.41,3621.97,3562.69,3612.24,3817.36,3867.05
100,1602,1602,ogankomeringilir,Ogan Komering Ilir,16,Sumatera Selatan,South Sumatera ,1,Sumatera,Sumatera,Ogan Komering Ilir,3950.28,4152.2,4409.22,4590.2,4725.53,4839.07,5197.16,5476.42,5616.21,5744.15,5807.46,5804.64,6233.4,6676.28,7124.4,7399.42
101,1603,1603,muaraenim,Muara Enim,16,Sumatera Selatan,South Sumatera ,1,Sumatera,Sumatera,Muara Enim,7452.59,7764.22,8170.72,8460.83,8835.84,8981.09,10088.58,10526.88,10771.82,11044.31,11431.64,10701.95,10152.97,10398.21,10749.55,10895.15
102,1604,1604,lahat,Lahat,16,Sumatera Selatan,South Sumatera ,1,Sumatera,Sumatera,Lahat,3339.95,3528.36,3682.2,3908.95,3998.25,4002.26,4157.95,4313.24,4417.5,4498.43,4582,4351.08,4286.85,4372.73,4557.83,4650.98
103,1605,1605,musirawas,Musi Rawas,16,Sumatera Selatan,South Sumatera ,1,Sumatera,Sumatera,Musi Rawas,3181.52,3294.72,3451.65,3631.28,3698.64,3699.83,3869.73,4011.17,4085.98,4056.01,4115.09,3845.84,3660.09,3720.69,3932.26,4017.48
104,1606,1606,musibanyuasin,Musi Banyuasin,16,Sumatera Selatan,South Sumatera ,1,Sumatera,Sumatera,Musi Banyuasin,10425.56,10828.81,11435.69,11723.79,12290.17,12559.22,13248.28,13701.14,14091.52,13849,14258.45,13652.04,13102.41,13547.7,14419.41,14430.75
105,1607,1607,banyuasin,Banyuasin,16,Sumatera Selatan,South Sumatera ,1,Sumatera,Sumatera,Banyu Asin,4106.95,4286.6,4554.94,4820.53,4870.96,4917.93,5276.62,5550.47,5817.68,5954.41,6121.69,5962.28,5964.81,6033.81,6227.25,6449.07
106,1608,1608,ogankomeringuluselatan,South Ogan Komering Ulu,16,Sumatera Selatan,South Sumatera ,1,Sumatera,Sumatera,Ogan Komering Ulu Selatan,1338.39,1386.96,1440.13,1510.69,1578.96,1647.52,1728.23,1815.81,1904.57,1989.19,2012.63,1935.45,1938.67,1968.08,2064.91,2122.46
107,1609,1609,ogankomeringulutimur,East Ogan Komering Ulu,16,Sumatera Selatan,South Sumatera ,1,Sumatera,Sumatera,Ogan Komering Ulu Timur,2373.24,2471.04,2568.42,2635.72,2759.6,2768.77,2972.22,3143.48,3292.87,3471.61,3545.86,3388.78,3393.72,3508,3721.01,3813.9
108,1610,1610,oganilir,Ogan Ilir,16,Sumatera Selatan,South Sumatera ,1,Sumatera,Sumatera,Ogan Ilir,1500.43,1564.79,1640.75,1658.39,1773.54,1857.06,1991.77,2101.41,2183.5,2212.29,2281.45,2205.08,2173.39,2221.13,2343.9,2345.01
109,1611,1611,empatlawang,Empat Lawang,16,Sumatera Selatan,South Sumatera ,1,Sumatera,Sumatera,Empat Lawang,817.67,857.76,907.81,937.79,988.58,991.74,1067.07,1124.87,1149.24,1180.45,1190.74,1168.9,1160.03,1186.87,1235.9,1229.08
110,1612,1612,penukalabablematangilir,Penukal Abab Lematang Ilir,16,Sumatera Selatan,South Sumatera ,1,Sumatera,Sumatera,Penukal Abab Lematang Ilir,1122.3,1174.29,1242.84,1280.49,1330.89,1350.1,1426.25,1547.52,1558.92,1577.91,1620.44,1567.26,1507.67,1540.43,1593.33,1629.19
111,1613,1613,musirawasutara,North Musi Rawas,16,Sumatera Selatan,South Sumatera ,1,Sumatera,Sumatera,Musi Rawas Utara,1159.17,1206.88,1267.05,1316.18,1370.97,1380.31,1456.96,1529.17,1573.25,1613.16,1648.76,1607.66,1537.96,1586.82,1654.69,1694.21
112,1671,1671,kotapalembang,Palembang City,16,Sumatera Selatan,South Sumatera ,1,Sumatera,Sumatera,Kota Palembang,29471.36,31063.81,32677.68,34687.63,37320.61,37918.39,40687.17,44216.18,46429.07,47301.37,47072.74,46377.21,47051.05,48053.91,49733.05,51633.81
113,1672,1672,kotaprabumulih,Prabumulih City,16,Sumatera Selatan,South Sumatera ,1,Sumatera,Sumatera,Kota Prabumulih,1330.75,1399.04,1464.69,1533.16,1647.7,1718.99,1833.19,1912.11,1979.75,1999.07,1983.99,1931.77,1907.33,1920.19,1997.03,2008.72
114,1673,1673,kotapagaralam,Pagar Alam City,16,Sumatera Selatan,South Sumatera ,1,Sumatera,Sumatera,Kota Pagar Alam,679.53,702.6,742.47,779.89,787.72,784.68,815.45,834.39,849.3,841.81,857.52,836.11,816.76,830.42,864.26,886.58
115,1674,1674,kotalubuklinggau,Lubuklinggau City,16,Sumatera Selatan,South Sumatera ,1,Sumatera,Sumatera,Kota Lubuklinggau,1435.78,1509.65,1592.04,1661.8,1709.08,1717.18,1831.34,1929.62,2009.65,2068.07,2043.31,2020.21,1974.52,1993.33,2071.26,2076.34
116,1701,1701,bengkuluselatan,South Bengkulu,17,Bengkulu,Bengkulu,1,Sumatera,Sumatera,Bengkulu Selatan,838.9,907.02,981.95,1057.79,1138.68,1178.62,1253.39,1323.24,1383.22,1459.09,1440.63,1497.15,1550.08,1595.55,1639.04,1692.04
117,1702,1702,rejanglebong,Rejang Lebong,17,Bengkulu,Bengkulu,1,Sumatera,Sumatera,Rejang Lebong,1358.06,1445.74,1561.55,1681.42,1808.46,1866.3,1968.13,2068.76,2164.59,2261.6,2219.94,2298.92,2391.03,2468.47,2543.85,2621.68
118,1703,1703,bengkuluutara,North Bengkulu,17,Bengkulu,Bengkulu,1,Sumatera,Sumatera,Bengkulu Utara,1478.01,1558.61,1685.73,1821.47,1965.03,2057.8,2176.34,2304.38,2425.09,2541.05,2483.71,2565,2673.51,2752.37,2829.59,2919.98
119,1704,1704,kaur,Kaur,17,Bengkulu,Bengkulu,1,Sumatera,Sumatera,Kaur,777.85,830.57,897.85,970.56,1054.87,1143.96,1224.11,1307.53,1367.36,1427.96,1399.33,1446.27,1493.6,1531.8,1564.43,1617.99
120,1705,1705,seluma,Seluma,17,Bengkulu,Bengkulu,1,Sumatera,Sumatera,Seluma,1017.53,1090.78,1173.95,1267.99,1373.9,1426.51,1513.75,1601.15,1692.73,1793.55,1789.9,1878.39,1942.21,1978.47,2019.98,2070.2
121,1706,1706,mukomuko,Mukomuko,17,Bengkulu,Bengkulu,1,Sumatera,Sumatera,Mukomuko,1142.89,1221.6,1323.93,1437.55,1551.77,1609.5,1694.2,1779.53,1895.11,1960.92,1915.61,1991.72,2073.72,2141.02,2194.64,2265.32
122,1707,1707,lebong,Lebong,17,Bengkulu,Bengkulu,1,Sumatera,Sumatera,Lebong,801.89,862.12,932.54,990.51,1065.16,1119.45,1188.62,1255.53,1315.16,1380.21,1354.16,1384.5,1441.73,1479.2,1521.83,1574.17
123,1708,1708,kepahiang,Kepahiang,17,Bengkulu,Bengkulu,1,Sumatera,Sumatera,Kepahiang,782.41,842.29,921.32,1002.86,1084.62,1119.4,1186.33,1243.63,1293.85,1357.23,1334.6,1380.98,1421.21,1467.47,1510.05,1565.22
124,1709,1709,bengkulutengah,Central Bengkulu,17,Bengkulu,Bengkulu,1,Sumatera,Sumatera,Bengkulu Tengah,795.2,865.1,958.28,1023.67,1096.11,1139.01,1202.16,1266.49,1327.13,1387.54,1381.88,1422.39,1458.05,1500.75,1540.81,1584.78
125,1771,1771,kotabengkulu,Bengkulu City,17,Bengkulu,Bengkulu,1,Sumatera,Sumatera,Kota Bengkulu,2585.73,2767.53,2992.78,3279.55,3577.36,3755.26,4051.32,4397.67,4643.71,4897.46,4805.38,4984.01,5142.15,5351.58,5563.52,5817.42
126,1801,1801,lampungbarat,West Lampung,18,Lampung,Lampung,1,Sumatera,Sumatera,Lampung Barat,1274.54,1493.24,1215.5,1270.57,1330.69,1403.96,1529.32,1629.46,1752.63,1863.07,1783.66,1867.77,1926.63,1996.87,2059.94,2144.8
127,1802,1802,tanggamus,Tanggamus,18,Lampung,Lampung,1,Sumatera,Sumatera,Tanggamus,1588.89,1784.21,1939.2,1987.6,2091.02,2222.19,2395.09,2519.95,2700.15,2839.15,2668.72,2769.94,2852.39,2961.52,3011.76,3578.48
128,1803,1803,lampungselatan,South Lampung,18,Lampung,Lampung,1,Sumatera,Sumatera,Lampung Selatan,5780.26,6539.35,7237.61,7484.4,7914.16,8290.01,9116.84,9801.14,10623.16,11184.88,10568.2,10960.31,11283.08,11547.11,11676.54,12234.1
129,1804,1804,lampungtimur,East Lampung,18,Lampung,Lampung,1,Sumatera,Sumatera,Lampung Timur,5152.47,5772.01,6324.21,6535.09,6869.95,7157.68,7734.41,8161.01,8821.52,9224.5,8793.06,9214.03,9364.09,9741.29,9916.58,10333.49
130,1805,1805,lampungtengah,Central Lampung,18,Lampung,Lampung,1,Sumatera,Sumatera,Lampung Tengah,9339.47,10306.19,11136.87,11517.55,12182.12,12726.33,13757.15,14645.03,15857.94,16727.31,16146.71,16786.92,17175.69,17889.52,18199.04,19096.42
131,1806,1806,lampungutara,North Lampung,18,Lampung,Lampung,1,Sumatera,Sumatera,Lampung Utara,2648.37,3095.74,3483,3584.84,3773.8,4017.57,4384.49,4602.14,4977.57,5216.82,4951.52,5158.43,5285.24,5488.13,5555.62,5776.4
132,1807,1807,waykanan,Way Kanan,18,Lampung,Lampung,1,Sumatera,Sumatera,Way Kanan,1758.73,1958.03,2112.41,2164.03,2283.45,2497.9,2675.92,2817.88,3048.3,3218.43,3119.84,3229.96,3343.65,3481.85,3563.2,3693.83
133,1808,1808,tulangbawang,Tulang Bawang,18,Lampung,Lampung,1,Sumatera,Sumatera,Tulangbawang,2788.96,3166.07,3494.08,3624,3838.03,4061.49,4431.69,4766.87,5206.89,5501.14,5371.69,5608.87,5773.09,6015.56,6087,6405.54
134,1809,1809,pesawaran,Pesawaran,18,Lampung,Lampung,1,Sumatera,Sumatera,Pesawaran,1971.3,2189.34,2361.81,2444.16,2587.37,2716.67,2917.54,3081.14,3343.67,3534.27,3354.08,3494.79,3582.54,3740.39,3819.35,4045.01
135,1810,1810,pringsewu,Pringsewu,18,Lampung,Lampung,1,Sumatera,Sumatera,Pringsewu,1307.44,1459.36,1594.52,1656.41,1751.65,1845.95,1988.4,2134.5,2322.9,2435.3,2313.5,2423.54,2497.64,2601.48,2617.54,2748.82
136,1811,1811,mesuji,Mesuji,18,Lampung,Lampung,1,Sumatera,Sumatera,Mesuji,1238.33,1393.97,1510.54,1585.5,1675.99,1737.34,1863.45,1986.6,2145.96,2266,2171.06,2274.61,2331.4,2464.21,2539.15,2629.86
137,1812,1812,tulangbawangbarat,West Tulang Bawang,18,Lampung,Lampung,1,Sumatera,Sumatera,Tulang Bawang Barat,1388.59,1546.98,1687.21,1768.52,1863.65,1946.59,2098.96,2245.39,2434,2565.73,2441.14,2493.33,2559.08,2646.13,2676.11,2806.19
138,1813,1813,pesisirbarat,Pesisir Barat,18,Lampung,Lampung,1,Sumatera,Sumatera,Pesisir Barat,0,0,453.11,473.26,499.97,521.52,570.75,605.47,652.79,727.03,670.11,702.02,732.58,752.69,760.16,786.83
139,1871,1871,kotabandarlampung,Bandar Lampung City,18,Lampung,Lampung,1,Sumatera,Sumatera,Kota Bandar Lampung,7160.12,7769.66,8335.36,8611.62,9183.69,9677.8,10456.91,11284.26,12326.11,12926.95,12477.99,13146.11,13501.53,14032.87,14326.95,14855.5
140,1872,1872,kotametro,Metro City,18,Lampung,Lampung,1,Sumatera,Sumatera,Kota Metro,529.87,585.82,639.39,665.05,706.69,744.31,817.46,857.2,912.12,947.19,898.01,937.72,959.72,999.45,1016.57,1054.96
141,1901,1901,bangka,Bangka,19,Kepulauan Bangka Belitung,Bangka Belitung Islands,1,Sumatera,Sumatera,Bangka,1300.18,1410.41,1479.45,1541.28,1602.82,1677.13,1764.84,1885.21,1997.9,2113.58,1964.3,2064.16,2136.44,2235.27,2223.2,2192.88
142,1902,1902,belitung,Belitung,19,Kepulauan Bangka Belitung,Bangka Belitung Islands,1,Sumatera,Sumatera,Belitung,973.99,1030.73,1094.45,1134.42,1177.23,1227.1,1306.58,1394.57,1493.64,1577.32,1484.46,1534.9,1580.33,1648.36,1650.93,1652.68
143,1903,1903,bangkabarat,West Bangka,19,Kepulauan Bangka Belitung,Bangka Belitung Islands,1,Sumatera,Sumatera,Bangka Barat,1045.8,1145.16,1202.91,1254.32,1313.48,1372.34,1437.36,1531.35,1617.66,1698.53,1561.44,1590.86,1681.05,1740.88,1736.35,1727.21
144,1904,1904,bangkatengah,Central Bangka,19,Kepulauan Bangka Belitung,Bangka Belitung Islands,1,Sumatera,Sumatera,Bangka Tengah,898.42,954.7,1005.57,1058.18,1113.09,1179.11,1274.68,1334.96,1430.45,1555.09,1447.98,1481.08,1541.16,1599.57,1580.47,1582.84
145,1905,1905,bangkaselatan,South Bangka,19,Kepulauan Bangka Belitung,Bangka Belitung Islands,1,Sumatera,Sumatera,Bangka Selatan,1032.28,1082.04,1139.42,1203.9,1257.11,1299.17,1378.1,1453.16,1542.79,1615.11,1496.36,1525.49,1572.43,1604.78,1583.43,1583.79
146,1906,1906,belitungtimur,East Belitung,19,Kepulauan Bangka Belitung,Bangka Belitung Islands,1,Sumatera,Sumatera,Belitung Timur,880.25,964.11,1006.91,1055.17,1107.28,1155.01,1249.23,1311.07,1379.83,1429.05,1312.29,1353.25,1459.87,1516.14,1519.91,1513.99
147,1971,1971,kotapangkalpinang,Pangkal Pinang City,19,Kepulauan Bangka Belitung,Bangka Belitung Islands,1,Sumatera,Sumatera,Kota Pangkal Pinang,1384.8,1477.08,1576.2,1667.96,1746.6,1834.07,1962.05,2118.24,2250.13,2394.62,2292.78,2379.09,2389.51,2553.06,2519.18,2492.87
148,2101,2101,karimun,Karimun,21,Kepulauan Riau,Riau Islands,2,Sumatera,Sumatera,Karimun,1601.82,1757.86,1934.87,1977.44,2167.14,2448.59,2694.45,3026.14,3385.97,3687.59,3728.64,3835.03,3931.22,4205.76,4446.01,4731.85
149,2102,2102,bintan,Bintan,21,Kepulauan Riau,Riau Islands,2,Sumatera,Sumatera,Bintan,4265.58,4549.25,4790.62,5092.67,5444.18,5696.77,6037.67,6389.57,6892.3,7417.04,7321.7,7377.41,7744.75,8254.09,9010.17,10139.55
150,2103,2103,natuna,Natuna,21,Kepulauan Riau,Riau Islands,2,Sumatera,Sumatera,Natuna,1518.52,1647.45,1743.02,1814.92,1905.12,1950.72,1987.08,2080.68,2143.6,2242.92,2210.33,2103.87,2173.41,2241.65,2445.87,2399.37
151,2104,2104,lingga,Lingga,21,Kepulauan Riau,Riau Islands,2,Sumatera,Sumatera,Lingga,675.9,726.5,780.34,840.1,898.92,834.99,854.09,981.82,1006.78,1120.46,1079.2,1101.9,1165.86,1253.22,1317.82,1284.4
152,2105,2105,kepulauananambas,Anambas Islands,21,Kepulauan Riau,Riau Islands,2,Sumatera,Sumatera,Kepulauan Anambas,1348.35,1437.21,1544.87,1664.69,1781.22,1900.46,2028.53,2111.61,2123.84,2228.57,2091.27,2133.46,2192.23,2335.93,2535.32,2604.91
153,2171,2171,kotabatam,Batam City,21,Kepulauan Riau,Riau Islands,2,Sumatera,Sumatera,Kota Batam,30366.45,32475.28,34876.53,37375.65,39461.13,41770.39,42160.76,42573.15,45426.69,48096.29,45848.29,47867.2,49689.98,53809.03,56235.12,61592.18
154,2172,2172,kotatanjungpinang,Tanjung Pinang City,21,Kepulauan Riau,Riau Islands,2,Sumatera,Sumatera,Kota Tanjung Pinang,5577.6,5889.63,6139.01,6495.85,6781.89,6782.51,6848.23,6743.62,6806.49,6878.28,6657.9,6660.65,6696.75,6751.3,6734.23,6615.1
155,3101,3101,kepseribu,Kepulauan Seribu,31,DKI Jakarta,DKI Jakarta,3,Jawa,Java,Kepulauan Seribu,180.18,191.3,193.97,201.69,201.18,206.66,209.54,224.91,236.67,252.12,249.08,250.82,261.47,271.57,286.54,299.86
156,3171,3171,kotajakartaselatan,South Jakarta City,31,DKI Jakarta,DKI Jakarta,3,Jawa,Java,Kota Jakarta Selatan,112766.6,120362.7,129964.2,137440.67,140693.09,144116.09,146693.31,155636.25,162637.84,164905.11,153746.23,155364.2,161863.76,167643.57,176746.89,184715.37
157,3172,3172,kotajakartatimur,East Jakarta City,31,DKI Jakarta,DKI Jakarta,3,Jawa,Java,Kota Jakarta Timur,77631.88,85065.32,95197.63,100978.21,104120.69,106936.6,108402.98,114933.55,120295.57,122062.39,113581.96,114840.97,120190.82,124622.16,130949.26,137071.19
158,3173,3173,kotajakartapusat,Central Jakarta City,31,DKI Jakarta,DKI Jakarta,3,Jawa,Java,Kota Jakarta Pusat,92747.6,102685.1,112205.86,119421.22,124383.36,127615.45,129598.73,137403.01,144097.16,146111.03,135722.54,137277.5,143819.07,149340.03,156808.45,164163.77
159,3174,3174,kotajakartabarat,West Jakarta City,31,DKI Jakarta,DKI Jakarta,3,Jawa,Java,Kota Jakarta Barat,102967.19,112208.99,123753.67,130659.08,134762.75,138387.26,140567.82,148974.72,155940.21,157766.24,146763.49,148437.52,155065.49,161101.28,169256.09,176751.61
160,3175,3175,kotajakartautara,North Jakarta City,31,DKI Jakarta,DKI Jakarta,3,Jawa,Java,Kota Jakarta Utara,105255.69,114112.86,125751.89,132627.4,136097.2,139309.71,141495.1,150114.18,157289.24,159477.68,149924.37,151506.14,158076.4,164174.95,173077.02,183002.53
161,3201,3201,bogor,Bogor,32,Jawa Barat,West Java,3,Jawa,Java,Bogor,21275.24,23447.11,25440.88,25226.62,26716.12,28298.87,29465.27,31276.73,33595.98,35316.75,32780.31,34966.06,34980.51,37221.62,39397.72,40397.46
162,3202,3202,sukabumi,Sukabumi,32,Jawa Barat,West Java,3,Jawa,Java,Sukabumi,8114.15,8795.98,9578.96,9633.86,10175.22,10629.43,11176.83,11945.26,12817.01,13464.78,12590.38,13471.7,13561.34,14366.01,15335.09,15810.57
163,3203,3203,cianjur,Cianjur,32,Jawa Barat,West Java,3,Jawa,Java,Cianjur,4875.51,5367.04,5953.21,5992.59,6357.53,6637.34,7245.31,7785.15,8318.08,8594.51,7891.46,8388.23,8526.37,9425.37,9514.56,9925.07
164,3204,3204,bandung,Bandung,32,Jawa Barat,West Java,3,Jawa,Java,Bandung,10739.1,11677.96,12603.69,11767.91,12772.6,13431.68,14283.39,15372.42,16323.53,16892.18,15796.48,16220.13,16703.05,17804.04,18728.26,19837.92
165,3205,3205,garut,Garut,32,Jawa Barat,West Java,3,Jawa,Java,Garut,6549.9,7347.48,8021.26,7628.48,8200.47,8516.39,9001.95,9445.06,9968.38,10357.26,9525.33,10194.86,10230.75,11013.59,11586,11982.21
166,3206,3206,tasikmalaya,Tasikmalaya,32,Jawa Barat,West Java,3,Jawa,Java,Tasikmalaya,3379.94,3460.76,3772.57,3888.71,4051.43,4231.22,4450.01,4790.77,5084.69,5401.34,5089.29,5436.93,5477.48,5499.81,6073.24,6088.17
167,3207,3207,ciamis,Ciamis,32,Jawa Barat,West Java,3,Jawa,Java,Ciamis,3313.78,3628.85,4046.65,4329.24,4516.23,4734.22,4931.95,5280.96,5327.3,5620.83,5276.69,5577.81,5584.09,5829.14,6049.13,6169.95
168,3208,3208,kuningan,Kuningan,32,Jawa Barat,West Java,3,Jawa,Java,Kuningan,2585.91,2835.84,3095.51,3140.78,3327.54,3470.44,3583.79,3822.81,4127.51,4326.9,4026.59,4299.56,4422.26,4569.5,4769.85,5160.28
169,3209,3209,cirebon,Cirebon,32,Jawa Barat,West Java,3,Jawa,Java,Cirebon,6734.22,7225.68,8312.99,8800.46,9090.58,9518.58,9957.03,10196.7,10671.19,11078.32,10093.69,10488.74,10489.98,10521.2,10724.16,10842
170,3210,3210,majalengka,Majalengka,32,Jawa Barat,West Java,3,Jawa,Java,Majalengka,3583.14,3927.33,4824.12,5080.25,5582.84,5916.88,6457.05,7261.93,7585.73,7848.13,7462.53,7980.04,8114.68,8647.48,9259.31,9871.86
171,3211,3211,sumedang,Sumedang,32,Jawa Barat,West Java,3,Jawa,Java,Sumedang,3516.48,3797.13,4254.63,4255.96,4491.02,4721.63,4988.03,5297.29,5716.22,5929.74,5487.01,5967.23,6068.62,6188.93,6229.88,6531.67
172,3212,3212,indramayu,Indramayu,32,Jawa Barat,West Java,3,Jawa,Java,Indramayu,5727.33,6320.95,6791.34,6643.52,7190.7,7530.83,7867.31,8348.32,8888.14,9258.97,8526.73,9162.81,9875.29,9849.77,10432.98,11037.78
173,3213,3213,subang,Subang,32,Jawa Barat,West Java,3,Jawa,Java,Subang,4668.27,5128.85,5510.94,5442.06,6030.43,6271.03,6539.36,6915.76,7311.36,7522.52,6911.88,7402.14,7657.51,8409.56,9267.88,9783.07
174,3214,3214,purwakarta,Purwakarta,32,Jawa Barat,West Java,3,Jawa,Java,Purwakarta,7176.69,7929.24,8883.76,8263.32,9212.39,9633.09,9962.55,10521.12,10752.07,11002.32,10086.52,10705.18,11075.46,11668.24,12465.14,12944.59
175,3215,3215,karawang,Karawang,32,Jawa Barat,West Java,3,Jawa,Java,Karawang,19456.83,21349.61,22779.17,19969.03,22680.09,23463.54,24350.25,25874.16,26591.11,27031.63,24206.7,25791.03,26683.95,28898.97,34672.59,38392.43
176,3216,3216,bekasi,Bekasi,32,Jawa Barat,West Java,3,Jawa,Java,Bekasi,29934.65,33094.1,36899.82,35081.13,39647.5,42406.39,44430.05,46995.21,50956.52,52360.95,45008.74,48458.99,49286.82,50732.54,55919.75,59032.43
177,3217,3217,bandungbarat,West Bandung,32,Jawa Barat,West Java,3,Jawa,Java,Bandung Barat,3940.93,4280.22,4659.33,4765.59,5168.96,5529.7,5754.66,6155.7,6588.32,6963.87,6529.16,7009.2,7050.77,7371.64,7726.05,7987.74
178,3218,3218,pangandaran,Pangandaran,32,Jawa Barat,West Java,3,Jawa,Java,Pangandaran,1102.19,1204.39,1343.84,1465.1,1527.25,1586.91,1654.84,1770.82,1776.08,1844.43,1684.38,1780.82,1764.57,1852.05,1986.64,2120.95
179,3271,3271,kotabogor,Bogor City,32,Jawa Barat,West Java,3,Jawa,Java,Kota Bogor,5700.55,6254.89,6997.1,7198.15,8457.34,9154.98,9649.75,10204.41,10721.05,11293.06,10482.87,11113.12,11316.17,12381,12852.69,13605.09
180,3272,3272,kotasukabumi,Sukabumi City,32,Jawa Barat,West Java,3,Jawa,Java,Kota Sukabumi,800.13,871.04,950.31,982.56,1039.43,1102.68,1173.01,1247.23,1336.14,1408.35,1319.26,1391.21,1396.15,1493.84,1582.57,1662.14
181,3273,3273,kotabandung,Bandung City,32,Jawa Barat,West Java,3,Jawa,Java,Kota Bandung,32249.15,35254.72,39654.31,37751.2,40201.73,43638.12,46636.52,49748.51,53030.61,55371.02,49976.88,52725.06,53426.25,56883.72,60135.5,63101.15
182,3274,3274,kotacirebon,Cirebon City,32,Jawa Barat,West Java,3,Jawa,Java,Kota Cirebon,2737.61,3016.12,3320.76,3493.86,3755.38,3930.17,4109.95,4302.33,4545.31,4737.01,4456.28,4533.55,4482.1,4738.26,5052.6,5578.54
183,3275,3275,kotabekasi,Bekasi City,32,Jawa Barat,West Java,3,Jawa,Java,Kota Bekasi,11669.68,12843.47,14230.39,15320.29,16914.64,18047.03,19695.75,21558.07,23386.14,24667.9,22398.37,23406.33,23811.3,25264.16,27424.17,28366.78
184,3276,3276,kotadepok,Depok City,32,Jawa Barat,West Java,3,Jawa,Java,Kota Depok,13660.07,14655.26,16356.07,16812.12,17524,18253.3,19861.64,21769.17,23947.91,25214.42,24317.22,25677.32,26108.54,27520.9,28929.83,30667.21
185,3277,3277,kotacimahi,Cimahi City,32,Jawa Barat,West Java,3,Jawa,Java,Kota Cimahi,4768.14,5029.71,5535.69,5615.65,5908.66,6190.59,6469.5,6846.37,7284.43,7574.12,7033.98,7522.03,7540.09,8024.11,8646.3,8948.14
186,3278,3278,kotatasikmalaya,Tasikmalaya City,32,Jawa Barat,West Java,3,Jawa,Java,Kota Tasikmalaya,2753.25,2947.71,3205.29,3377.02,3498.86,3733.02,4098.37,4433.46,4750.1,5028.16,4800.18,5095.88,5111.42,5447.11,5510.5,5703.5
187,3279,3279,kotabanjar,Banjar City,32,Jawa Barat,West Java,3,Jawa,Java,Kota Banjar,511.4,589.04,653.78,697.17,725.78,776.29,813.85,886.83,949.26,1000.03,934.97,1004.89,1026.8,1052.67,1097.99,1202.29
188,3301,3301,cilacap,Cilacap,33,Jawa Tengah,Central Java,3,Jawa,Java,Cilacap,9220.95,9978.28,10845.23,11213.77,11716.92,12308.44,12641.35,13486.91,14297.53,15151.2,14804.53,15625.77,16035.75,16714.68,17932.58,18747.69
189,3302,3302,banyumas,Banyumas,33,Jawa Tengah,Central Java,3,Jawa,Java,Banyumas,8227.64,8816.56,9739.48,10138.7,10647.09,11026.99,11739.34,12465.92,13440.46,14144.05,13269.74,14300.18,14666,15116.62,16154.94,16894.82
190,3303,3303,purbalingga,Purbalingga,33,Jawa Tengah,Central Java,3,Jawa,Java,Purbalingga,1932.49,2096.62,2357.46,2475.32,2606.1,2750.46,2897.37,3111.37,3382.69,3551.05,3372.54,3578.7,3658.63,3804.29,4048.49,4256.58
191,3304,3304,banjarnegara,Banjarnegara,33,Jawa Tengah,Central Java,3,Jawa,Java,Banjarnegara,1906.71,2038.33,2264.5,2357.23,2436.23,2539,2692.29,2856.87,3046.97,3209.14,3117.31,3328.19,3407.3,3547.31,3732.48,4079.91
192,3305,3305,kebumen,Kebumen,33,Jawa Tengah,Central Java,3,Jawa,Java,Kebumen,2449.71,2632.01,2868.46,3014.78,3209.02,3219.95,3498.36,3705.64,3910.34,4071.59,3759.07,4015.46,4109,4244.7,4381.18,4732.21
193,3306,3306,purworejo,Purworejo,33,Jawa Tengah,Central Java,3,Jawa,Java,Purworejo,2050.88,2201.49,2393.24,2580.89,2664.24,2768.61,2919.66,3120.29,3327.26,3495.37,3260.74,3498.22,3625.65,3771.1,3982.2,4238.98
194,3307,3307,wonosobo,Wonosobo,33,Jawa Tengah,Central Java,3,Jawa,Java,Wonosobo,1505.54,1605.56,1790.88,1885.64,1942.81,2059.12,2189.2,2318.25,2468.51,2586.13,2409.83,2576.78,2625.86,2696.51,2872.82,3062.65
195,3308,3308,magelang,Magelang,33,Jawa Tengah,Central Java,3,Jawa,Java,Magelang,3741.81,4031.19,4371.69,4501.62,4679.5,4889.69,5124.68,5481.95,6002.23,6303.16,5946.33,6313.79,6440.02,6798.34,7279.67,7653.4
196,3309,3309,boyolali,Boyolali,33,Jawa Tengah,Central Java,3,Jawa,Java,Boyolali,2741.6,2961.43,3280.15,3410.11,3553.34,3707.83,3894.48,4200.39,4414.64,4613.87,4358.14,4709.83,4813.49,5284.72,5661.37,6140.35
197,3310,3310,klaten,Klaten,33,Jawa Tengah,Central Java,3,Jawa,Java,Klaten,3558.99,3909.75,4413.46,4577.39,4785.93,5009.29,5109.76,5487.43,5794.2,6080.09,5680.88,6047.13,6504.23,7291.81,7835.58,7305.94
198,3311,3311,sukoharjo,Sukoharjo,33,Jawa Tengah,Central Java,3,Jawa,Java,Sukoharjo,3473.79,3848.97,4440.02,4667.82,4837.17,5014.09,5265.83,5597.86,5918.92,6234.52,5926.42,6246.54,6371.02,6646.41,7035.96,7438.71
199,3312,3312,wonogiri,Wonogiri,33,Jawa Tengah,Central Java,3,Jawa,Java,Wonogiri,2505.56,2735,3123.57,3260.41,3281.08,3408.23,3560.39,3818.79,4019.97,4201.38,4007.86,4248.65,4279.11,4557.5,4820.36,5014.66
200,3313,3313,karanganyar,Karanganyar,33,Jawa Tengah,Central Java,3,Jawa,Java,Karanganyar,3465.95,3694.49,4027.76,4190.41,4361.56,4541.36,4855.52,5265.59,5692.7,6131.66,5625.08,6050.44,6248.24,6593.26,7106.46,7599.97
201,3314,3314,sragen,Sragen,33,Jawa Tengah,Central Java,3,Jawa,Java,Sragen,3086.82,3392.69,3715.2,4010.05,4316.39,4674.57,5061.03,5486.72,5918.47,6264.36,5848.38,6302.77,6561.74,6889.89,7301.5,7737.29
202,3315,3315,grobogan,Grobogan,33,Jawa Tengah,Central Java,3,Jawa,Java,Grobogan,1930.87,2075,2332.13,2481.4,2600.76,2694.01,2813.09,3023.82,3189.51,3357.23,3023.19,3259.41,3419.36,3595.33,3826.59,4161.57
203,3316,3316,blora,Blora,33,Jawa Tengah,Central Java,3,Jawa,Java,Blora,1191.21,1251.09,1393.95,1479.6,1557.12,1629.37,1726.03,1851.69,1976.21,2090.86,1936.72,2124.44,2273.47,2366.08,2490.32,2652.08
204,3317,3317,rembang,Rembang,33,Jawa Tengah,Central Java,3,Jawa,Java,Rembang,1727.88,1888.24,2077.72,2125.25,2214.73,2345.8,2492.67,2713.09,2937.64,3090.15,2898.38,3098.05,3321.45,3494.7,3673.57,3886.14
205,3318,3318,pati,Pati,33,Jawa Tengah,Central Java,3,Jawa,Java,Pati,4041.56,4418.7,4879.55,5259.96,5552.29,5706.38,5943.8,6274.67,6622.58,6996.43,6587.94,7069.31,7268.97,7580.91,8059.37,8858.6
206,3319,3319,kudus,Kudus,33,Jawa Tengah,Central Java,3,Jawa,Java,Kudus,5635.91,6247.33,6920.86,7206.81,7382.55,7688.54,8064.4,8605.13,9285.3,9690.34,9176.22,9729.82,10082.3,10459.65,10870.56,12022.52
207,3320,3320,jepara,Jepara,33,Jawa Tengah,Central Java,3,Jawa,Java,Jepara,2536.5,2730.42,3007.4,3143.52,3271.16,3428.18,3691.26,5251.74,6873.8,7725.81,7358.71,7846.75,8138.67,8420.92,9023.58,9919.67
208,3321,3321,demak,Demak,33,Jawa Tengah,Central Java,3,Jawa,Java,Demak,2930.09,3097.89,3337.22,3494.36,3673.41,3843.83,4043.36,4243.52,4478.36,4726.46,5188.07,5394.39,5537.15,5974.32,6401.67,6908.99
209,3322,3322,semarang,Semarang,33,Jawa Tengah,Central Java,3,Jawa,Java,Semarang,8396.78,9178.69,10180.17,10544.11,10950.76,11373.41,11947.18,12696.89,13768.87,14327.15,13460.47,14097,14494.53,15233.28,16347.67,17814.7
210,3323,3323,temanggung,Temanggung,33,Jawa Tengah,Central Java,3,Jawa,Java,Temanggung,1398.71,1509.81,1637.81,1700.96,1778.41,1871.57,1988.23,2122.63,2319.4,2485.71,2378.46,2607.51,2700.51,2822.31,3023.01,3214.57
211,3324,3324,kendal,Kendal,33,Jawa Tengah,Central Java,3,Jawa,Java,Kendal,4522.52,4915.83,5628.17,6096.41,6249.63,6539.81,6915.76,7394.8,7941.11,8343.58,7758.58,8220.63,8453.12,8960.61,9679.68,11649.12
212,3325,3325,batang,Batang,33,Jawa Tengah,Central Java,3,Jawa,Java,Batang,1540.21,1659.86,1816.47,1883.07,1961.04,2059.93,2191.28,2896.81,5610.14,5357.25,3839.55,4009.73,4150.42,4368.42,4792.71,5509.02
213,3326,3326,pekalongan,Pekalongan,33,Jawa Tengah,Central Java,3,Jawa,Java,Pekalongan,2045.58,2165.04,2374.61,2480.08,2603.87,2728.17,2946.5,3292.11,3665.36,3838.48,3566.12,3784.9,3963.76,4321.29,4706.77,5039.79
214,3327,3327,pemalang,Pemalang,33,Jawa Tengah,Central Java,3,Jawa,Java,Pemalang,1366.04,1459.52,1597.34,1667.76,1685.83,1696.88,1792.5,1914.92,2085.53,2291.46,2249.94,2436.2,2400.1,2521.09,2658.9,2952.13
215,3328,3328,tegal,Tegal,33,Jawa Tengah,Central Java,3,Jawa,Java,Tegal,3501.59,3787.31,4120.64,4330.73,4456.59,4603.37,4813.04,5054.92,5315.05,5573.08,5105.48,5391.29,5495.29,5708.09,6089.61,6481.42
216,3329,3329,brebes,Brebes,33,Jawa Tengah,Central Java,3,Jawa,Java,Brebes,2591.83,2816.38,3132.28,3233.8,3240.9,3326.15,3481.64,3741.62,4128.6,4299.25,4049.76,4243.89,4338.17,4466.03,4730.9,5130.02
217,3371,3371,kotamagelang,Magelang City,33,Jawa Tengah,Central Java,3,Jawa,Java,Kota Magelang,1965.5,2016.3,2178.01,2245.58,2334.85,2462.09,2575.6,2718.45,2921.11,3055.04,2891.11,3024.43,3062.42,3181.08,3349.87,3561.25
218,3372,3372,kotasurakarta,Surakarta City,33,Jawa Tengah,Central Java,3,Jawa,Java,Kota Surakarta,14461.46,14981.45,15649.21,16433.29,17391.05,18293.64,19387.62,20671.44,22507.26,23634.47,21347.62,22534.26,22790.73,23094.53,23925.25,24212.52
219,3373,3373,kotasalatiga,Salatiga City,33,Jawa Tengah,Central Java,3,Jawa,Java,Kota Salatiga,2606.76,2802.5,3052.1,3183.82,3309.36,3459.27,3655.43,3927.43,4241.06,4458.9,4150.35,4184.73,4265.78,4407.29,4627.55,4934.97
220,3374,3374,kotasemarang,Semarang City,33,Jawa Tengah,Central Java,3,Jawa,Java,Kota Semarang,55605.55,58957.76,62853.2,66104.55,69726.23,72574.94,78087.43,82252.09,86262.47,90264.29,82578.49,87457.76,87970.16,91843.81,98443.18,105859.12
221,3375,3375,kotapekalongan,Pekalongan City,33,Jawa Tengah,Central Java,3,Jawa,Java,Kota Pekalongan,1841.36,1902.37,2009.15,2135.15,2263.05,2388.08,2517.12,2660.37,2816.39,2946.88,2802.88,3002.26,3060.07,3279.76,3541.29,3620.33
222,3376,3376,kotategal,Tegal City,33,Jawa Tengah,Central Java,3,Jawa,Java,Kota Tegal,3326.14,3515.34,3709.01,3870.69,3964.64,4176.59,4361.21,4553.15,4814.28,5014.86,4720.58,4932.14,5144.6,5371.28,5703.01,5851.79
223,3401,3401,kulonprogo,Kulon Progo,34,Daerah Istimewa Yogyakarta,Yogyakarta,3,Jawa,Java,Kulon Progo,1388.67,1448.79,1514.76,1581.3,1670.51,1740.79,1847.73,2032.61,2796.88,4268.93,3422.78,3699.12,3873.57,4080.81,4376.81,4421.11
224,3402,3402,bantul,Bantul,34,Daerah Istimewa Yogyakarta,Yogyakarta,3,Jawa,Java,Bantul,2747.06,2860.86,3019.52,3173.42,3343.49,3501.51,3707.07,3883.05,4163.95,4352.87,3769.9,4080.73,4322.76,4605.03,4971.33,4900.57
225,3403,3403,gunungkidul,Gunung Kidul,34,Daerah Istimewa Yogyakarta,Yogyakarta,3,Jawa,Java,Gunung Kidul,2166.73,2267.01,2366.57,2474.18,2590.68,2706.37,2881.81,3011.91,3238.87,3453.25,3260.97,3612.65,3822.97,4069.71,4387.74,4421.97
226,3404,3404,sleman,Sleman,34,Daerah Istimewa Yogyakarta,Yogyakarta,3,Jawa,Java,Sleman,6959.2,7263.47,7715.36,8154.77,8637.17,9030.58,9580.97,10023.97,10970.34,11551.41,10011.03,10852.61,11457.79,12230.06,13626.87,16550.36
227,3471,3471,kotayogyakarta,Yogyakarta City,34,Daerah Istimewa Yogyakarta,Yogyakarta,3,Jawa,Java,Kota Yogyakarta,4208.39,4401.12,4634.37,4867.33,5131.27,5309.65,5594.21,5840.81,6180.03,6449.72,5547.82,6026.21,6285.8,6561.01,6765.98,6906.81
228,3501,3501,pacitan,Pacitan,35,Jawa Timur,East Java,3,Jawa,Java,Pacitan,2623.58,2741.06,2924.78,3083.21,3305.99,3447.89,3658.71,3900.35,4243.19,4431.01,4227.97,4299.52,4559.54,4735.36,4941.56,5170.01
229,3502,3502,ponorogo,Ponorogo,35,Jawa Timur,East Java,3,Jawa,Java,Ponorogo,2456.04,2560.24,2683.22,2800.21,2925.89,3114.2,3316.36,3544.74,3761.1,3943.5,3722.19,3774.36,3978.79,4193.96,4421.21,4655.48
230,3503,3503,trenggalek,Trenggalek,35,Jawa Timur,East Java,3,Jawa,Java,Trenggalek,1553,1619.98,1753.47,1847.9,1925.02,2040.17,2164.07,2295.99,2433.95,2552.74,2408.15,2438.4,2471.41,2602.72,2757.24,3000.83
231,3504,3504,tulungagung,Tulungagung,35,Jawa Timur,East Java,3,Jawa,Java,Tulungagung,4594.82,4825.71,5166.08,5445.9,5766.92,6012.17,6347.9,6766.74,7176.27,7561.91,7199.91,7290.98,7672.79,8053.8,8488.02,9081.67
232,3505,3505,blitar,Blitar,35,Jawa Timur,East Java,3,Jawa,Java,Blitar,4354.5,4618.85,4929.92,5274.23,5564.06,5813.95,6106.93,6457.21,6802.99,7202.1,6802.41,6920.03,7253.56,7447.5,7816.4,8244.84
233,3506,3506,kediri,Kediri,35,Jawa Timur,East Java,3,Jawa,Java,Kediri,5437.74,5750.4,6112.66,6393.92,6776.43,7130.21,7653.56,8138.25,8663.7,9091.84,8637.93,8773.56,9397.96,9980.94,10473.87,10516.6
234,3507,3507,malang,Malang,35,Jawa Timur,East Java,3,Jawa,Java,Malang,12422.68,13073.49,14247.65,15154.56,15764.57,16517.15,17535.89,18707.49,19892.59,20997.94,19923.02,20548.85,21169.38,22397.84,23642.23,25119.26
235,3508,3508,lumajang,Lumajang,35,Jawa Timur,East Java,3,Jawa,Java,Lumajang,3015.06,3135.6,3396.25,3567.05,3678.55,3846.02,4078.83,4319.36,4569.5,4762.1,4547.74,4659.36,4891.41,5157.42,5435.46,5700.94
236,3509,3509,jember,Jember,35,Jawa Timur,East Java,3,Jawa,Java,Jember,5848.88,6231.33,6777.47,7259.37,7621.88,8158.68,8582.2,9157.74,9737.29,10296.18,9745.24,9924.63,10449.89,11088.54,11771.41,12279.94
237,3510,3510,banyuwangi,Banyuwangi,35,Jawa Timur,East Java,3,Jawa,Java,Banyuwangi,9312.24,9890.36,10963.73,11656.87,12170.61,13613.31,14570.96,15578.54,16703.94,17926.7,16671.87,17156.95,17266.23,18345.68,19474.76,20764.81
238,3511,3511,bondowoso,Bondowoso,35,Jawa Timur,East Java,3,Jawa,Java,Bondowoso,2038.54,2149.21,2339.9,2518.33,2650.14,2810.17,2966.2,3141.42,3310.96,3495.23,3270.66,3313.25,3542.22,3735.68,3865.34,4056.42
239,3512,3512,situbondo,Situbondo,35,Jawa Timur,East Java,3,Jawa,Java,Situbondo,2045.42,2161.79,2300.96,2391.91,2531.08,2650.3,2803.12,2970.87,3149.94,3317.39,3127.93,3133.18,3301.95,3490.38,3602.77,3746.17
240,3513,3513,probolinggo,Probolinggo,35,Jawa Timur,East Java,3,Jawa,Java,Probolinggo,4084.95,4456.49,4976.84,5123.16,5248.7,5356,5632.61,5994.16,6415.04,6729.34,6416.88,6389.66,6612.7,6897.28,7219.64,7644.4
241,3514,3514,pasuruan,Pasuruan,35,Jawa Timur,East Java,3,Jawa,Java,Pasuruan,20913.39,21308.77,23565.4,25335.83,26867.81,28516.88,30340.09,32373.2,34472.35,36264.88,34746.79,34892.8,35242.24,36680.7,38612.64,40418.01
242,3515,3515,sidoarjo,Sidoarjo,35,Jawa Timur,East Java,3,Jawa,Java,Sidoarjo,29088.78,31477.06,33580.94,34721.87,35500.57,37039.42,38132.3,40635.57,42893,44841.63,42909.34,43789.39,47227.49,50634.55,53125.55,57144.96
243,3516,3516,mojokerto,Mojokerto,35,Jawa Timur,East Java,3,Jawa,Java,Mojokerto,8740.6,9210.25,10255.76,10988.81,11601.03,12203.17,12870.12,13598.14,14438.99,15295.06,14630.54,14633.86,15483.07,16316.04,16966.51,17869.16
244,3517,3517,jombang,Jombang,35,Jawa Timur,East Java,3,Jawa,Java,Jombang,5005.83,5356.01,5833.07,6227.32,6594.56,6918.29,7357.12,7840.02,8315.74,8731.68,8288.45,8501.28,8859.02,9239.96,9551.56,9939.58
245,3518,3518,nganjuk,Nganjuk,35,Jawa Timur,East Java,3,Jawa,Java,Nganjuk,3138.09,3273.57,3539.79,3702.21,3866.66,4070.75,4321.92,4586.28,4956.72,5259.59,5006.94,5094.52,5372.96,5642.4,5966.38,6323.89
246,3519,3519,madiun,Madiun,35,Jawa Timur,East Java,3,Jawa,Java,Madiun,2289.01,2398.15,2629.1,2841.47,3009.15,3254.12,3550.32,3878.43,4206.85,4429.19,4224.14,4265.49,4360.62,4533.54,4761.01,4958.91
247,3520,3520,magetan,Magetan,35,Jawa Timur,East Java,3,Jawa,Java,Magetan,1907.57,1995.52,2088.38,2175.46,2292.34,2390.81,2528.34,2676.35,2840.28,2997.92,2828.23,2906.73,3060.5,3230.12,3397.47,3598.02
248,3521,3521,ngawi,Ngawi,35,Jawa Timur,East Java,3,Jawa,Java,Ngawi,1815.95,1898.25,1965.76,2030.17,2088.97,2169.37,2341.13,2698.2,2918.41,3076.73,2929.64,2966.31,2971.53,3120.76,3266.91,3357.47
249,3522,3522,bojonegoro,Bojonegoro,35,Jawa Timur,East Java,3,Jawa,Java,Bojonegoro,6393.4,6819.32,7414.99,7929.35,8414.42,8763.17,9283.63,9982.53,10667.42,11411.26,11094.8,11267.12,12073.56,12699.01,13350.13,14013.02
250,3523,3523,tuban,Tuban,35,Jawa Timur,East Java,3,Jawa,Java,Tuban,11272.85,11695.64,12370.26,12753.51,13011.06,13506.42,14162.03,14962.53,15816.71,16525.02,15706.62,15709.59,16739.23,17615.27,18517.34,19526.47
251,3524,3524,lamongan,Lamongan,35,Jawa Timur,East Java,3,Jawa,Java,Lamongan,5159.2,5402.91,5907.46,6344.15,6512.54,6924.84,7455.61,7962.08,8429.22,8781.4,8197.42,8315.23,8740.69,9177.17,9629.88,9858.81
252,3525,3525,gresik,Gresik,35,Jawa Timur,East Java,3,Jawa,Java,Gresik,12822.33,13547.7,14873.39,15805.48,16531.74,18446.41,19464.97,20893.89,22540.83,23645.12,22624.65,23038.88,24466.84,25806.5,27047.97,28654.74
253,3526,3526,bangkalan,Bangkalan,35,Jawa Timur,East Java,3,Jawa,Java,Bangkalan,3035.29,3166.27,3665.68,3808.04,3980.35,4346.32,4608.01,4900.4,5200.59,5349.71,5109.08,5167,5265.64,5368.58,5657.21,5896.97
254,3527,3527,sampang,Sampang,35,Jawa Timur,East Java,3,Jawa,Java,Sampang,2432.12,2546.84,2694.61,2848.05,2979.74,3147.43,3360.69,3558.66,3802.25,3932.64,3769.13,3818.88,3976.28,4058.65,4271.44,4405.56
255,3528,3528,pamekasan,Pamekasan,35,Jawa Timur,East Java,3,Jawa,Java,Pamekasan,2181.08,2279.3,2416.75,2532.87,2658.57,2801.88,2958.28,3156.91,3362.43,3542.6,3301.25,3356.07,3471.98,3638.9,3938.88,4094.54
256,3529,3529,sumenep,Sumenep,35,Jawa Timur,East Java,3,Jawa,Java,Sumenep,3515.09,3699.48,4045.8,4337.54,4570.28,4764.47,5053.93,5358.87,5676.28,5963.35,5799.03,5941.37,6224.7,6589.91,6960.51,7174.06
257,3571,3571,kotakediri,Kediri City,35,Jawa Timur,East Java,3,Jawa,Java,Kota Kediri,9951.69,11429.97,12381.28,12707.76,13160.12,13830.23,14498.57,15133.2,15946.53,16599.74,15697.94,15792.31,16304.12,16882.38,17475.71,18288.98
258,3572,3572,kotablitar,Blitar City,35,Jawa Timur,East Java,3,Jawa,Java,Kota Blitar,601.01,623.26,670.67,697.19,722.51,762.62,807.13,855.59,907.98,950.08,897.7,911.69,962.39,1005.6,1057.88,1112.67
259,3573,3573,kotamalang,Malang City,35,Jawa Timur,East Java,3,Jawa,Java,Kota Malang,10042.31,10560.04,11313.5,12007.69,12505.08,13456.21,14330.2,15226.8,16256.96,17322.04,16496.33,16544.18,17926.6,19530.07,20446.03,21923.66
260,3574,3574,kotaprobolinggo,Probolinggo City,35,Jawa Timur,East Java,3,Jawa,Java,Kota Probolinggo,924.82,972.42,1076.48,1128.05,1172.5,1240.57,1330.34,1423.67,1534.75,1628.21,1531.89,1558.12,1711.92,1676.62,1748.51,1825.15
261,3575,3575,kotapasuruan,Pasuruan City,35,Jawa Timur,East Java,3,Jawa,Java,Kota Pasuruan,761.59,804.65,865.79,893.78,929.57,996.4,1062.35,1127.98,1197.15,1255.88,1195.45,1212.05,1281.09,1341.2,1415.58,1444.09
262,3576,3576,kotamojokerto,Mojokerto City,35,Jawa Timur,East Java,3,Jawa,Java,Kota Mojokerto,979.3,1030.25,1122.01,1179.7,1252.04,1339.25,1461.23,1515.59,1612.04,1691.26,1610.33,1628.06,1705.18,1725.48,1784.32,1854.16
263,3577,3577,kotamadiun,Madiun City,35,Jawa Timur,East Java,3,Jawa,Java,Kota Madiun,1160.58,1221.56,1331.19,1437.68,1524.14,1637.14,1760.09,1886.26,2028.14,2137.78,2038.82,2103.08,2231.74,2366.18,2526.41,2703.43
264,3578,3578,kotasurabaya,Surabaya City,35,Jawa Timur,East Java,3,Jawa,Java,Kota Surabaya,67091.98,71324.49,77509.88,81624.03,85048.81,89356.52,95166.51,101349.98,107799.58,113167.94,104649.28,105836.91,113903.86,118366.51,125709.37,133767.58
265,3579,3579,kotabatu,Batu City,35,Jawa Timur,East Java,3,Jawa,Java,Kota Batu,1942.7,2070.48,2275.68,2490.6,2704.24,2924.72,3094.2,3318.63,3536.25,3792.58,3545.43,3618.03,3777.16,4035.27,4149.35,4355.23
266,3601,3601,pandeglang,Pandeglang,36,Banten,Banten,3,Jawa,Java,Pandeglang,894.66,928.31,985.19,993.43,1006.55,1057.22,1110.21,1228.98,1298.56,1373.35,1372.76,1425.3,1470.88,1565.49,1646.85,1731.23
267,3602,3602,lebak,Lebak,36,Banten,Banten,3,Jawa,Java,Lebak,522.34,549.6,626.88,682.7,696.34,756.07,813.96,935.44,989.72,1057.74,1057.28,1099.45,1139.86,1175.78,1203.66,1262.13
268,3603,3603,tangerang,Tangerang,36,Banten,Banten,3,Jawa,Java,Tangerang,11591.11,12699.94,14596.89,15037.64,15576.7,16641.55,17640.8,19527.91,20783.59,22278.58,22056.56,23147.61,24360.81,26530.63,27464.87,28783.63
269,3604,3604,serang,Serang,36,Banten,Banten,3,Jawa,Java,Serang,10275.41,11017.28,11885.87,12419.74,12933.02,13674.91,14692.5,17699.35,18966.75,19782.07,19836.3,20582.08,20984.93,21562.13,22064.88,22974.31
270,3671,3671,kotatangerang,Tangerang City,36,Banten,Banten,3,Jawa,Java,Kota Tangerang,18306.16,20625.03,22982.72,24540.47,25643.39,27507.07,29655.29,32414.8,35346.99,37561.98,37354.15,39251.48,40746.78,41863.67,43157.5,45484.5
271,3672,3672,kotacilegon,Cilegon City,36,Banten,Banten,3,Jawa,Java,Kota Cilegon,21669.7,22613.91,23735.85,23859.82,24079.59,25139.14,26084.97,26081.44,27264.92,28963.71,28956.07,30152.23,31261.5,33216.09,34279.42,35754.71
272,3673,3673,kotaserang,Serang City,36,Banten,Banten,3,Jawa,Java,Kota Serang,4274.79,5017.45,6059.87,6188.27,6245.81,6955.32,7426.27,7750.8,8234.53,8788.04,8793.88,9005.59,9277.12,9474.42,9608.2,10135.4
273,3674,3674,kotatangerangselatan,South Tangerang City,36,Banten,Banten,3,Jawa,Java,Kota Tangerang Selatan,14128.12,15359.54,15937.57,16644.71,17530.64,18137.15,18948.68,20657.96,22659.67,23872.44,23778.74,25060.99,26082.5,26488.28,26943.09,28305.82
274,5101,5101,jembrana,Jembrana,51,Bali,Bali,5,Bali-Nusa Tenggara,Bali-Nusa Tenggara,Jembrana,1476.07,1624.09,1752.61,1828.01,1889.15,2013.58,2147.8,2277.68,2409.12,2442.34,2254.78,2216.52,2266.39,2335.5,2451.1,2582.94
275,5102,5102,tabanan,Tabanan,51,Bali,Bali,5,Bali-Nusa Tenggara,Bali-Nusa Tenggara,Tabanan,1845.21,2090.63,2224.5,2303.76,2383.21,2556.68,2768.79,2921.6,3157.34,3300.42,3031.34,2798.92,2847.35,2908.69,3093.46,3227.35
276,5103,5103,badung,Badung,51,Bali,Bali,5,Bali-Nusa Tenggara,Bali-Nusa Tenggara,Badung,8232.32,9539.52,10565.5,11073.7,11120.65,11857.74,12890.37,13644.66,14795.04,15403.79,13412.63,12342.13,12659.14,13131.95,13923.09,14787.55
277,5104,5104,gianyar,Gianyar,51,Bali,Bali,5,Bali-Nusa Tenggara,Bali-Nusa Tenggara,Gianyar,3794.71,4260.67,4653.96,4978.68,5115.35,5382.59,5790.71,6094.84,6487.84,6800.77,6249.81,6168.85,6251.24,6369.14,6616.41,6989.25
278,5105,5105,klungkung,Klungkung,51,Bali,Bali,5,Bali-Nusa Tenggara,Bali-Nusa Tenggara,Klungkung,1121.05,1236.53,1308.49,1381.05,1430.83,1526.53,1648.33,1730.28,1859.38,1954.05,1744.65,1733.17,1777.79,1836.49,1948.28,2038.76
279,5106,5106,bangli,Bangli,51,Bali,Bali,5,Bali-Nusa Tenggara,Bali-Nusa Tenggara,Bangli,1018.69,1129.69,1206.54,1254.47,1294.41,1379.68,1478.88,1560.2,1695.04,1753.57,1684.95,1677.47,1693.52,1724.54,1813.15,1884.6
280,5107,5107,karangasem,Karangasem,51,Bali,Bali,5,Bali-Nusa Tenggara,Bali-Nusa Tenggara,Karangasem,980.14,1098.46,1168.98,1209.97,1267.13,1366.24,1486.14,1566.33,1704.3,1759.69,1621.68,1604.09,1644.21,1675.65,1740.94,1840.03
281,5108,5108,buleleng,Buleleng,51,Bali,Bali,5,Bali-Nusa Tenggara,Bali-Nusa Tenggara,Buleleng,3520.37,3858.57,4154.79,4348.46,4492.38,4772.09,5160.41,5373.47,5790.91,6034.42,5596.18,5407.59,5563.01,5724.72,6105.26,6447.9
282,5171,5171,kotadenpasar,Denpasar City,51,Bali,Bali,5,Bali-Nusa Tenggara,Bali-Nusa Tenggara,Kota Denpasar,7153.64,8286.84,9200.19,9732.88,9842.35,10664.16,11576.44,11986.37,13124.11,13693.56,11415.16,11283.95,11584.84,11999.41,12691.48,13591.74
283,5201,5201,lombokbarat,West Lombok,52,Nusa Tenggara Barat,West Nusa Tenggara,5,Bali-Nusa Tenggara,Bali-Nusa Tenggara,Lombok Barat,2342.38,2475.59,2651.66,2748.72,2875.04,3134.43,3398.08,3579.25,3588.86,3834.04,3484.35,3658.87,3450.93,3756.42,3794.58,3892.58
284,5202,5202,lomboktengah,Central Lombok,52,Nusa Tenggara Barat,West Nusa Tenggara,5,Bali-Nusa Tenggara,Bali-Nusa Tenggara,Lombok Tengah,2905.63,3058.88,3298.93,3386.31,3490.9,3864.46,4212.06,4446.06,4647.31,5008.07,5075.56,5649.87,5351.64,5808.1,5932.03,5995.45
285,5203,5203,lomboktimur,East Lombok,52,Nusa Tenggara Barat,West Nusa Tenggara,5,Bali-Nusa Tenggara,Bali-Nusa Tenggara,Lombok Timur,2996.42,3123.37,3276.7,3453.89,3553.05,3913.46,4331.17,4547.23,4707.64,5047.04,4775.69,5012.49,5046.66,5463.82,5646.11,5852.6
286,5204,5204,sumbawa,Sumbawa,52,Nusa Tenggara Barat,West Nusa Tenggara,5,Bali-Nusa Tenggara,Bali-Nusa Tenggara,Sumbawa,2147.06,2284.9,2535.96,2596.99,2694.77,2940.15,3171.76,3306.99,3502.05,3732.25,3532,3583.7,3593.67,3874.61,4020.35,4031.23
287,5205,5205,dompu,Dompu,52,Nusa Tenggara Barat,West Nusa Tenggara,5,Bali-Nusa Tenggara,Bali-Nusa Tenggara,Dompu,972.42,1107.46,1358.92,1359.32,1360.48,1483.09,1573.99,1627.05,1699.23,1776.31,1703.53,1747.1,1768.72,1908.56,1983,2000.5
288,5206,5206,bima,Bima,52,Nusa Tenggara Barat,West Nusa Tenggara,5,Bali-Nusa Tenggara,Bali-Nusa Tenggara,Bima,1729.53,1823.57,2065.29,2105.73,2190.47,2385.28,2558.38,2644.79,2747.42,2910.12,2771.54,2807.09,2729.23,2948.54,3033.94,3065.84
289,5207,5207,sumbawabarat,West Sumbawa,52,Nusa Tenggara Barat,West Nusa Tenggara,5,Bali-Nusa Tenggara,Bali-Nusa Tenggara,Sumbawa Barat,1913.37,2049.93,2374.5,2306.7,2369.96,2593.33,2698.88,2753.64,2889.52,3012.3,3024.07,3025.11,3072.2,3537.02,3634.15,3645.69
290,5208,5208,lombokutara,North Lombok,52,Nusa Tenggara Barat,West Nusa Tenggara,5,Bali-Nusa Tenggara,Bali-Nusa Tenggara,Lombok Utara,809.75,848.58,916.34,946.85,972.85,1050.68,1096.46,1148.29,1144.04,1324.67,1226.54,1262.33,1271.91,1403.77,1435.26,1467.15
291,5271,5271,kotamataram,Mataram City,52,Nusa Tenggara Barat,West Nusa Tenggara,5,Bali-Nusa Tenggara,Bali-Nusa Tenggara,Kota Mataram,2505.07,2653.35,2861.77,3007.55,3136.88,3483.98,3786.03,4069.8,4218.76,4601.56,4107.79,4288.93,4307.66,4657.58,4739.82,4932.08
292,5272,5272,kotabima,Bima City,52,Nusa Tenggara Barat,West Nusa Tenggara,5,Bali-Nusa Tenggara,Bali-Nusa Tenggara,Kota Bima,683.68,678.67,721.4,732.71,757.14,823,887.98,974.84,1046.34,1099.35,983.12,1016.11,946.8,1037.64,1053.7,1054.97
293,5301,5301,sumbabarat,West Sumba,53,Nusa Tenggara Timur,East Nusa Tenggara ,5,Bali-Nusa Tenggara,Bali-Nusa Tenggara,Sumba Barat,208.68,235.98,249.17,299.31,367.76,418.99,489.76,519.95,544.35,562.8,523.87,548.12,556.07,594.31,612.15,606.26
294,5302,5302,sumbatimur,East Sumba,53,Nusa Tenggara Timur,East Nusa Tenggara ,5,Bali-Nusa Tenggara,Bali-Nusa Tenggara,Sumba Timur,780.99,857.65,898.24,1025.29,1220.84,1310.31,1481.61,1642.32,1694.76,1790.59,1681.72,1767.29,1788.96,1878.68,1913.48,1913.26
295,5303,5303,kupang,Kupang,53,Nusa Tenggara Timur,East Nusa Tenggara ,5,Bali-Nusa Tenggara,Bali-Nusa Tenggara,Kupang,1045.18,1123.32,1257.94,1347.85,1408.52,1464.23,1635.37,1812.13,1918.41,2049.82,1908.36,1991.19,1991.56,2090.02,2153.94,2152.74
296,5304,5304,timortengahselatan,South Central Timor,53,Nusa Tenggara Timur,East Nusa Tenggara ,5,Bali-Nusa Tenggara,Bali-Nusa Tenggara,Timor Tengah Selatan,929.09,1048.76,1119.12,1234.21,1346.57,1439.9,1583.99,1679.53,1769.85,1822.85,1687.15,1746.52,1775.19,1869.6,1878.73,1766.37
297,5305,5305,timortengahutara,North Central Timor,53,Nusa Tenggara Timur,East Nusa Tenggara ,5,Bali-Nusa Tenggara,Bali-Nusa Tenggara,Timor Tengah Utara,676.34,725.41,774.21,821.64,907.86,963.48,1083.97,1173.75,1227.45,1265.44,1164.87,1206.74,1203.32,1269.71,1286.68,1286.54
298,5306,5306,belu,Belu,53,Nusa Tenggara Timur,East Nusa Tenggara ,5,Bali-Nusa Tenggara,Bali-Nusa Tenggara,Belu,460.01,496.81,557.83,607.62,814.03,877.95,984.85,1111.62,1160.61,1227.89,1163.98,1189.02,1184.88,1258.03,1269.98,1260.18
299,5307,5307,alor,Alor,53,Nusa Tenggara Timur,East Nusa Tenggara ,5,Bali-Nusa Tenggara,Bali-Nusa Tenggara,Alor,415.3,456.5,483.31,538.61,644.08,711.37,805.35,851.49,897.94,932.92,863.98,907,921.15,975.93,989.43,966
300,5308,5308,lembata,Lembata,53,Nusa Tenggara Timur,East Nusa Tenggara ,5,Bali-Nusa Tenggara,Bali-Nusa Tenggara,Lembata,167.4,180.07,193.28,211.52,231.86,247.93,285.33,312.66,329.87,346.83,322.5,329.5,334.61,354.79,359.19,355.8
301,5309,5309,florestimur,East Flores,53,Nusa Tenggara Timur,East Nusa Tenggara ,5,Bali-Nusa Tenggara,Bali-Nusa Tenggara,Flores Timur,499,532.71,564.36,602.03,679.29,742.25,826.32,879.95,925.41,957.61,888.66,905.47,902.88,956.36,958.91,956.3
302,5310,5310,sikka,Sikka,53,Nusa Tenggara Timur,East Nusa Tenggara ,5,Bali-Nusa Tenggara,Bali-Nusa Tenggara,Sikka,670.74,725.98,776.22,861.68,1052.31,1173.24,1309.49,1394.88,1482.63,1562.28,1450.91,1511.74,1537.56,1627.31,1641.59,1612.43
303,5311,5311,ende,Ende,53,Nusa Tenggara Timur,East Nusa Tenggara ,5,Bali-Nusa Tenggara,Bali-Nusa Tenggara,Ende,924.83,973.74,1044.88,1158.84,1325.58,1503.99,1723.3,1819.04,2019.49,2117.79,1923.68,2007.87,1992.41,2107.59,2135.97,2119.09
304,5312,5312,ngada,Ngada,53,Nusa Tenggara Timur,East Nusa Tenggara ,5,Bali-Nusa Tenggara,Bali-Nusa Tenggara,Ngada,303.04,327.39,324.35,344.75,375.45,454.74,511.34,544.09,571.05,602.34,568.87,597.89,608.36,634.37,654.51,650.46
305,5313,5313,manggarai,Manggarai,53,Nusa Tenggara Timur,East Nusa Tenggara ,5,Bali-Nusa Tenggara,Bali-Nusa Tenggara,Manggarai,655.64,697.56,792.68,828.42,903.83,1013.52,1132.47,1282.85,1338.19,1406.21,1293.28,1366.85,1356.14,1440.62,1483.2,1477.34
306,5314,5314,rotendao,Rote Ndao,53,Nusa Tenggara Timur,East Nusa Tenggara ,5,Bali-Nusa Tenggara,Bali-Nusa Tenggara,Rote Ndao,281.36,307.88,319.74,367.55,452.5,505.94,569.11,613.59,646.09,677.91,631.23,659.82,669.75,697.94,709.04,845.44
307,5315,5315,manggaraibarat,West Manggarai,53,Nusa Tenggara Timur,East Nusa Tenggara ,5,Bali-Nusa Tenggara,Bali-Nusa Tenggara,Manggarai Barat,549.79,596.56,638.6,705.08,904.05,954.24,1078.82,1241.5,1372,1457.13,1533.18,1574.53,1608.79,1738.64,1757.29,1778.39
308,5316,5316,sumbatengah,Central Sumba,53,Nusa Tenggara Timur,East Nusa Tenggara ,5,Bali-Nusa Tenggara,Bali-Nusa Tenggara,Sumba Tengah,102.65,123.39,136.29,159.76,208.02,245.11,290.12,317.25,342.89,349.6,328.47,342.77,349.22,372.42,378.56,376.39
309,5317,5317,sumbabaratdaya,Southwest Sumba,53,Nusa Tenggara Timur,East Nusa Tenggara ,5,Bali-Nusa Tenggara,Bali-Nusa Tenggara,Sumba Barat Daya,282.8,311.71,334.45,390.83,447.86,504.03,569.58,616,656.33,693.43,661.49,700.76,715.34,757.93,780.78,769.62
310,5318,5318,nagekeo,Nagekeo,53,Nusa Tenggara Timur,East Nusa Tenggara ,5,Bali-Nusa Tenggara,Bali-Nusa Tenggara,Nagekeo,246.3,267.94,286.57,318.87,350.44,378.35,432.37,479.99,504.86,517.41,488.81,511.48,523.46,568.59,580.04,577.4
311,5319,5319,manggaraitimur,East Manggarai,53,Nusa Tenggara Timur,East Nusa Tenggara ,5,Bali-Nusa Tenggara,Bali-Nusa Tenggara,Manggarai Timur,275.02,310.1,330.35,391.27,460.67,565.29,628.82,729.2,768.95,814.68,769.51,808.05,810.89,847.77,856.79,849.9
312,5320,5320,saburaijua,Sabu Raijua,53,Nusa Tenggara Timur,East Nusa Tenggara ,5,Bali-Nusa Tenggara,Bali-Nusa Tenggara,Sabu Raijua,98.94,125.99,173.05,192.05,218.08,230.17,253.46,278.23,295.5,312.35,297.97,315.36,314.69,328.71,334.03,333.22
313,5321,5321,malaka,Malaka,53,Nusa Tenggara Timur,East Nusa Tenggara ,5,Bali-Nusa Tenggara,Bali-Nusa Tenggara,Malaka,460.01,487.42,531.21,572.16,709.35,770.89,870.41,979.49,1020.84,1057.2,990.07,1012.41,1004.31,1066.77,1071.49,1049.93
314,5371,5371,kotakupang,Kupang City,53,Nusa Tenggara Timur,East Nusa Tenggara ,5,Bali-Nusa Tenggara,Bali-Nusa Tenggara,Kota Kupang,3982.78,4096.62,4381.79,4713.9,6338.69,7480.84,8980.8,10386.96,10703.94,11194.21,10056.55,10381.68,10226.86,10806.47,11123.1,11106.1
315,6101,6101,sambas,Sambas,61,Kalimantan Barat,West Kalimantan,6,Kalimantan,Kalimantan,Sambas,2157.88,2535.59,2743.27,2808.57,3116.01,3307.12,3372.46,3411.63,3442.16,3447.66,3368.4,3495.65,3558.38,3800.54,4008.42,4111.34
316,6102,6102,bengkayang,Bengkayang,61,Kalimantan Barat,West Kalimantan,6,Kalimantan,Kalimantan,Bengkayang,1130.63,1202.35,1279.96,1291.75,1414.46,1483.67,1512.62,1534.38,1578.96,1597.01,1572.57,1651.04,1774.41,1934.52,2020.85,2064.46
317,6103,6103,landak,Landak,61,Kalimantan Barat,West Kalimantan,6,Kalimantan,Kalimantan,Landak,1172.87,1328.33,1417.14,1423.13,1535.18,1585.93,1607.61,1650.89,1676.25,1717.85,1694.09,1725.79,1810.79,1951.85,2066.07,2160.6
318,6104,6104,mempawah,Mempawah,61,Kalimantan Barat,West Kalimantan,6,Kalimantan,Kalimantan,Mempawah,808.22,844.92,907.9,933.4,971.41,1020.28,1062.35,1087.36,1133.33,1208.7,1220.51,1254.66,1320.15,1513.98,2703.6,1651.72
319,6105,6105,sanggau,Sanggau,61,Kalimantan Barat,West Kalimantan,6,Kalimantan,Kalimantan,Sanggau,2842.44,3258.3,3483.72,3525.53,3712.87,3957.52,4062.92,4112.42,4187.21,4264.75,4080.22,4117.9,4220.36,4655.97,4984.98,5161.7
320,6106,6106,ketapang,Ketapang,61,Kalimantan Barat,West Kalimantan,6,Kalimantan,Kalimantan,Ketapang,3174.41,3589.4,3790.81,3806.99,4461.71,5464.09,5471.82,5676.22,5733.4,5961.15,5603.47,5665.14,5830.24,6217.12,7434.34,8939.75
321,6107,6107,sintang,Sintang,61,Kalimantan Barat,West Kalimantan,6,Kalimantan,Kalimantan,Sintang,2264.81,2430.66,2607.81,2623.32,2881.46,3021.14,3082.44,3182.34,3268.9,3312.43,3202.87,3299.6,3398.95,3648.34,3899.44,4047.75
322,6108,6108,kapuashulu,Kapuas Hulu,61,Kalimantan Barat,West Kalimantan,6,Kalimantan,Kalimantan,Kapuas Hulu,1397.33,1521.64,1595.65,1612.95,1750.02,1825.31,1861.73,1921.14,1953.63,1971.84,1904.81,1973.19,2007.11,2106.27,2224.42,2309.6
323,6109,6109,sekadau,Sekadau,61,Kalimantan Barat,West Kalimantan,6,Kalimantan,Kalimantan,Sekadau,839.87,889.87,944.15,983.38,1052.79,1133.65,1192.47,1246.39,1313.58,1362.89,1340.42,1379.37,1421.74,1527.93,1623.45,1669.89
324,6110,6110,melawi,Melawi,61,Kalimantan Barat,West Kalimantan,6,Kalimantan,Kalimantan,Melawi,597.91,661.88,713.85,720.83,765.98,811.35,832.36,867.78,917.06,936.31,926.21,974.6,1016.55,1061.48,1122.72,1170.63
325,6111,6111,kayongutara,North Kayong,61,Kalimantan Barat,West Kalimantan,6,Kalimantan,Kalimantan,Kayong Utara,410.27,450.34,490,526.86,567.55,611.97,644.04,670.25,699.34,725.47,700.96,737.48,761.79,819.46,863.1,1923.21
326,6112,6112,kuburaya,Kubu Raya,61,Kalimantan Barat,West Kalimantan,6,Kalimantan,Kalimantan,Kubu Raya,3257.17,3826.37,4226.94,4456.8,4888.5,5263.16,5411.25,5657.5,5942.34,6119.34,6006.76,6266.85,6487.57,7011.77,7453.05,7880
327,6171,6171,kotapontianak,Pontianak City,61,Kalimantan Barat,West Kalimantan,6,Kalimantan,Kalimantan,Kota Pontianak,5222.15,5744.6,6409.42,6531.5,7188.05,7486.05,7573.24,7746.34,7895.63,7991.63,7742.44,7974.58,8119.37,8287.54,8530.63,8722.4
328,6172,6172,kotasingkawang,Singkawang City,61,Kalimantan Barat,West Kalimantan,6,Kalimantan,Kalimantan,Kota Singkawang,1432.78,1620.2,1765.21,1908.27,2080.8,2281.89,2350.96,2441.74,2535.06,2628.68,2520.68,2582.92,2744.5,3040.66,3169.37,3291.6
329,6201,6201,kotawaringinbarat,West Kotawaringin,62,Kalimantan Tengah,Central Kalimantan ,6,Kalimantan,Kalimantan,Kotawaringin Barat,3124.98,3683.29,4031.33,4164.15,4565.32,4789.87,5080.97,5383.1,5824.42,6107.96,5734.95,5963.5,6006.45,6175.79,6478.71,6443.76
330,6202,6202,kotawaringintimur,East Kotawaringin,62,Kalimantan Tengah,Central Kalimantan ,6,Kalimantan,Kalimantan,Kotawaringin Timur,4447.13,4946.23,5216.05,5337.45,5702.14,6018.9,6241.75,6453.56,6834.1,7046.99,6354.74,6616.33,6619.94,7089.21,7352.22,7358.18
331,6203,6203,kapuas,Kapuas,62,Kalimantan Tengah,Central Kalimantan ,6,Kalimantan,Kalimantan,Kapuas,2303.48,2594.46,2816.11,2905.75,3132.39,3398.69,3533.22,3622.14,3880.3,4031.7,3971.76,4149.72,4152.9,4266.57,4573.44,4602.86
332,6204,6204,baritoselatan,South Barito,62,Kalimantan Tengah,Central Kalimantan ,6,Kalimantan,Kalimantan,Barito Selatan,1170.54,1300.01,1367.74,1414.73,1438.47,1547.21,1650.43,1694.14,1804.01,1924.67,1898.73,1898.57,1908.99,1988.94,2097.69,2139.6
333,6205,6205,baritoutara,North Barito,62,Kalimantan Tengah,Central Kalimantan ,6,Kalimantan,Kalimantan,Barito Utara,1749.66,1901.1,2045.29,2098.64,2186.19,2307.36,2409.96,2503.49,2689.21,2754.21,2735.59,2781.47,2816.95,2934.99,3077.4,3141.11
334,6206,6206,sukamara,Sukamara,62,Kalimantan Tengah,Central Kalimantan ,6,Kalimantan,Kalimantan,Sukamara,725.11,777.12,837.39,852.96,904.62,952.6,997.67,1048.62,1108.73,1158.44,1130.84,1162.3,1178.29,1211.61,1207.3,1168.29
335,6207,6207,lamandau,Lamandau,62,Kalimantan Tengah,Central Kalimantan ,6,Kalimantan,Kalimantan,Lamandau,867.2,927.28,979.41,1037.83,1130.04,1223.1,1279.01,1324.7,1404.18,1471.16,1456.69,1498.58,1516.35,1564.67,1629.06,1642.3
336,6208,6208,seruyan,Seruyan,62,Kalimantan Tengah,Central Kalimantan ,6,Kalimantan,Kalimantan,Seruyan,1728.39,1749.34,1801.16,1890.09,1949.09,2068.62,2145.86,2156.63,2308.24,2400.2,2306,2445.14,2431.83,2591.19,2706.05,2470.14
337,6209,6209,katingan,Katingan,62,Kalimantan Tengah,Central Kalimantan ,6,Kalimantan,Kalimantan,Katingan,1335.98,1454.02,1528.44,1605.06,1699.35,1808.8,1949.35,2069.11,2233.13,2347.91,2221.62,2268.77,2279.09,2408,2559.58,2574.64
338,6210,6210,pulangpisau,Pulang Pisau,62,Kalimantan Tengah,Central Kalimantan ,6,Kalimantan,Kalimantan,Pulang Pisau,985.15,1054.01,1157.51,1208.36,1310.49,1431.74,1510.41,1584.76,1641.13,1706.35,1726,1755.87,1785.47,1844.32,1949.13,1923.61
339,6211,6211,gunungmas,Gunung Mas,62,Kalimantan Tengah,Central Kalimantan ,6,Kalimantan,Kalimantan,Gunung Mas,1067.41,1156.38,1218.9,1273.47,1421.26,1524.52,1645.37,1718.85,1832.33,1942.22,1906.81,1982.34,2025.71,2106.95,2319.22,2390.94
340,6212,6212,baritotimur,East Barito,62,Kalimantan Tengah,Central Kalimantan ,6,Kalimantan,Kalimantan,Barito Timur,1133.91,1273.1,1410.4,1460.68,1532.8,1626.71,1710.21,1747.77,1822.03,1879.3,1846.71,1860.45,1878.14,1962.76,2068.26,2167.13
341,6213,6213,murungraya,Murung Raya,62,Kalimantan Tengah,Central Kalimantan ,6,Kalimantan,Kalimantan,Murung Raya,1122.67,1244.71,1326.83,1355.95,1445.8,1538.79,1620.72,1675.3,1747.2,1790.21,1773.08,1831.04,1849.35,1934.71,1958.01,2020.87
342,6271,6271,kotapalangkaraya,Palangka Raya City,62,Kalimantan Tengah,Central Kalimantan ,6,Kalimantan,Kalimantan,Kota Palangka Raya,2367.75,2584.06,2771.68,2876.54,3202.15,3482.26,3703.59,3920.68,4156.69,4281,4229.66,4324.42,4373.54,4674.11,5019.94,5280.93
343,6301,6301,tanahlaut,Tanah Laut,63,Kalimantan Selatan,South Kalimantan,6,Kalimantan,Kalimantan,Tanah Laut,1385.71,1455.67,1503.9,1575.69,1645.51,1731.01,1788.71,1855.99,1992.52,2110.45,2081.41,2084.58,2172.86,2286.19,2359.27,2460.95
344,6302,6302,kotabaru,Kotabaru,63,Kalimantan Selatan,South Kalimantan,6,Kalimantan,Kalimantan,Kota Baru,1967.99,2040.4,2152.91,2246.75,2384.73,2533.43,2643.85,2772.12,2915.39,3092.38,3066.09,3104.5,3242.28,3493.05,3621.49,3847.5
345,6303,6303,banjar,Banjar,63,Kalimantan Selatan,South Kalimantan,6,Kalimantan,Kalimantan,Banjar,2367.47,2491.63,2621.24,2628.28,2768.87,2901.23,3003.96,3124.76,3356.92,3571.57,3554.92,3602.38,3719.61,3884.77,4058.11,4253.22
346,6304,6304,baritokuala,Barito Kuala,63,Kalimantan Selatan,South Kalimantan,6,Kalimantan,Kalimantan,Barito Kuala,1111.3,1175,1239.98,1306.38,1385.5,1454.91,1509.67,1584.04,1669.18,1761.13,1702.95,1780.55,1890.72,1983.37,2076.5,2114.32
347,6305,6305,tapin,Tapin,63,Kalimantan Selatan,South Kalimantan,6,Kalimantan,Kalimantan,Tapin,816.85,858.98,889.99,934.1,974.6,1027.04,1059.64,1105,1178.57,1238.34,1226.03,1231.86,1294.59,1363.25,1439.17,1498.99
348,6306,6306,hulusungaiselatan,South Hulu Sungai,63,Kalimantan Selatan,South Kalimantan,6,Kalimantan,Kalimantan,Hulu Sungai Selatan,871.83,917.71,967.97,1008.4,1066.37,1116.23,1161.95,1213.1,1277.01,1341,1274.51,1300.6,1379.62,1469.61,1579.12,1656.98
349,6307,6307,hulusungaitengah,Central Hulu Sungai,63,Kalimantan Selatan,South Kalimantan,6,Kalimantan,Kalimantan,Hulu Sungai Tengah,922.39,957.61,997.91,1046.72,1101.55,1154.49,1200.58,1267.89,1346.74,1409.46,1382.41,1393.06,1459.12,1542.97,1606,1662.61
350,6308,6308,hulusungaiutara,North Hulu Sungai,63,Kalimantan Selatan,South Kalimantan,6,Kalimantan,Kalimantan,Hulu Sungai Utara,568.88,598.4,614.39,648.61,689.95,730.37,755.66,787.15,848.31,901.49,888.1,912.8,974.58,1024.54,1067.28,1111.85
351,6309,6309,tabalong,Tabalong,63,Kalimantan Selatan,South Kalimantan,6,Kalimantan,Kalimantan,Tabalong,1174.05,1212.12,1259.35,1321,1392.58,1469.61,1541.09,1630.49,1720.09,1824.09,1813.62,1856.83,1963.95,2113.79,2230.81,2324
352,6310,6310,tanahbumbu,Tanah Bumbu,63,Kalimantan Selatan,South Kalimantan,6,Kalimantan,Kalimantan,Tanah Bumbu,1361.99,1464.27,1549.12,1609.41,1680.58,1774.63,1867.08,1965.2,2116.78,2239.17,2205.59,2244.61,2348.33,2488.35,2617.19,2785.43
353,6311,6311,balangan,Balangan,63,Kalimantan Selatan,South Kalimantan,6,Kalimantan,Kalimantan,Balangan,1065.06,1118.19,1167.91,1229.95,1290.05,1350.14,1410.24,1470.33,1551.23,1636.79,1614.79,1619.72,1705.82,1793.84,1900.66,1981.95
354,6371,6371,kotabanjarmasin,Banjarmasin City,63,Kalimantan Selatan,South Kalimantan,6,Kalimantan,Kalimantan,Kota Banjarmasin,3537.92,3819.32,4087.99,4439.26,4810.34,5153.82,5432.52,5666.52,6152.05,6583.51,6473.34,6612.79,6934.13,7294.21,7638.63,8067.73
355,6372,6372,kotabanjarbaru,Banjar Baru City,63,Kalimantan Selatan,South Kalimantan,6,Kalimantan,Kalimantan,Kota Banjar Baru,1763.46,1860.46,1925.88,1998.93,2074.83,2187.76,2261.78,2359.35,2552.3,2761.12,2700,2728.46,2858.34,3015.2,3167.88,3328.93
356,6401,6401,paser,Paser,64,Kalimantan Timur,East Kalimantan,6,Kalimantan,Kalimantan,Paser,4009.06,4813.62,5216.23,5745.15,5806.64,5790.43,5620.19,5942.99,7018.84,6569.97,5626.97,6216.04,6374.52,6846.06,7120.91,7453.31
357,6402,6402,kutaibarat,West Kutai,64,Kalimantan Timur,East Kalimantan,6,Kalimantan,Kalimantan,Kutai Barat,4326.15,4496.2,4914.78,5165.75,5560.16,6173.93,6132.1,6245.29,6442.94,6650.39,6535.66,6679.57,6988.87,7686.09,8198.95,8326.29
358,6403,6403,kutaikartanegara,Kutai Kartanegara,64,Kalimantan Timur,East Kalimantan,6,Kalimantan,Kalimantan,Kutai Kartanegara,33064.25,36390.66,36114.07,35334.93,36124.62,35876.41,34338.51,34895.6,37067.92,38738.26,38429.39,41566.63,44787.85,49503.01,51543.5,53258.6
359,6404,6404,kutaitimur,East Kutai,64,Kalimantan Timur,East Kalimantan,6,Kalimantan,Kalimantan,Kutai Timur,10180.13,12274.59,13289.18,13527.58,14635.15,14390.52,12900.47,13021.06,13716.93,14360.77,14193.71,16418.2,18253.04,20083.5,21266.38,22325.01
360,6405,6405,berau,Berau,64,Kalimantan Timur,East Kalimantan,6,Kalimantan,Kalimantan,Berau,3692.53,4433.67,4987.84,5243.48,5348.49,5344.39,5354.77,5307.58,5626.58,5640.88,5416.03,5423.55,5656.04,6017.53,6345.16,6513.64
361,6409,6409,penajampaserutara,North Penajam Paser,64,Kalimantan Timur,East Kalimantan,6,Kalimantan,Kalimantan,Penajam Paser Utara,1830.62,1983.28,2095.55,2002.84,2173.65,2149.89,2037.96,2070.83,2138.99,2269.54,2346.52,2649.62,4041.72,6811.19,11213.82,12011.63
362,6411,6411,mahakamulu,Mahakam Ulu,64,Kalimantan Timur,East Kalimantan,6,Kalimantan,Kalimantan,Mahakam Ulu,220.74,219.29,234.99,242.38,266.51,321.07,363.97,390.55,426.74,465.68,468.58,523.15,520.44,589.36,604.37,665.16
363,6471,6471,kotabalikpapan,Balikpapan City,64,Kalimantan Timur,East Kalimantan,6,Kalimantan,Kalimantan,Kota Balikpapan,19102.8,19736.06,21130.82,21600.75,22528.82,22804.42,23465.64,24035.59,24950.83,26775.83,27703.56,29685.09,29320.44,31027.58,33179.45,30470.9
364,6472,6472,kotasamarinda,Samarinda City,64,Kalimantan Timur,East Kalimantan,6,Kalimantan,Kalimantan,Kota Samarinda,14666.77,15102.03,16137.83,16836.7,17924.97,17330.3,16303.54,17070.94,18233.04,19347.31,18945.39,19694.2,21463.69,24228.84,26501.84,27707.7
365,6474,6474,kotabontang,Bontang City,64,Kalimantan Timur,East Kalimantan,6,Kalimantan,Kalimantan,Kota Bontang,6066,6048.1,6213.4,6405.91,6667.29,6501.3,4380.79,4573.61,4737,4928.05,4929.17,4948.06,5255.27,5578.96,5928.01,6302.57
366,6501,6501,malinau,Malinau,65,Kalimantan Utara,North Kalimantan,6,Kalimantan,Kalimantan,Malinau,1518.37,1602.43,1765.22,1834.74,1936.81,1980.65,2115.5,2235.5,2339.07,2422.54,2347.02,2368.53,2429.53,2560.89,2737.84,2870.39
367,6502,6502,bulungan,Bulungan,65,Kalimantan Utara,North Kalimantan,6,Kalimantan,Kalimantan,Bulungan,2854.51,2976.85,3228.1,3500.55,3778.38,4190.79,4660.86,5123.1,5482.09,5836.52,5735.03,5774.05,5944.39,6471.23,6752.68,7379.36
368,6503,6503,tanatidung,Tana Tidung,65,Kalimantan Utara,North Kalimantan,6,Kalimantan,Kalimantan,Tana Tidung,654.27,712.13,843.28,973.35,995.28,1055.08,1087.59,1131.5,1181.68,1242.99,1216.24,1239,1279.67,1384.61,1454.67,1514.36
369,6504,6504,nunukan,Nunukan,65,Kalimantan Utara,North Kalimantan,6,Kalimantan,Kalimantan,Nunukan,3139.3,3136.25,3122.93,3165.68,3232.18,3500.4,3699.37,3798.38,3905.67,4036.53,3944.87,3974.2,4063.73,4475.5,4801.23,5015.46
370,6571,6571,kotatarakan,Tarakan City,65,Kalimantan Utara,North Kalimantan,6,Kalimantan,Kalimantan,Kota Tarakan,3179.57,3221.85,3430.35,3707.4,4134.89,4532.07,4791.91,4946.96,5176.9,5423.57,5296.58,5334.99,5453.03,5935.97,6444.82,6344.51
371,7101,7101,bolaangmongondow,Bolaang Mongondow,71,Sulawesi Utara,North Sulawesi,7,Sulawesi,Sulawesi,Bolaang Mongondow,786.63,846.99,895.71,931.95,964.11,1017.08,1110.03,1237.57,1424.02,1444.3,1353.35,1463.25,1525.36,1576.03,1635.13,1656.65
372,7102,7102,minahasa,Minahasa,71,Sulawesi Utara,North Sulawesi,7,Sulawesi,Sulawesi,Minahasa,2673.17,2850.87,3000.08,3199.6,3393.91,3606.53,3838.95,4122.54,4326.49,4573,4280.28,4412,4622.64,4770.27,5006.24,5037.46
373,7103,7103,kepulauansangihe,Sangihe Islands,71,Sulawesi Utara,North Sulawesi,7,Sulawesi,Sulawesi,Kepulauan Sangihe,556,591.7,620.36,622.29,624.53,681.47,729.06,773.57,808.02,864.88,825.58,920.12,936.66,974.5,1026.68,1037.73
374,7104,7104,kepulauantalaud,Talaud Islands,71,Sulawesi Utara,North Sulawesi,7,Sulawesi,Sulawesi,Kepulauan Talaud,331.98,347.29,361.66,363.26,368.61,407.53,430.66,451.1,468.11,497.62,470.77,505.55,511.71,537.35,547.03,555.03
375,7105,7105,minahasaselatan,South Minahasa,71,Sulawesi Utara,North Sulawesi,7,Sulawesi,Sulawesi,Minahasa Selatan,1439.31,1605.77,1616.22,1667.56,1721.79,1868.06,1960.83,2078.92,2199.44,2323.67,2166.44,2319.45,2375.86,2444.22,2541.53,2558.66
376,7106,7106,minahasautara,North Minahasa,71,Sulawesi Utara,North Sulawesi,7,Sulawesi,Sulawesi,Minahasa Utara,2262.52,2409.77,2552.93,2714.88,2841.28,3127.55,3432.57,3720.14,3880.89,4162.02,3836.31,4218.74,4520.79,4568.11,4750.88,4868.43
377,7107,7107,bolaangmongondowutara,North Bolaang Mongondow,71,Sulawesi Utara,North Sulawesi,7,Sulawesi,Sulawesi,Bolaang Mongondow Utara,334.61,362.86,367.13,384.23,392.98,421.69,447.17,463.45,487.37,525.04,503.06,523.76,537.76,554.01,588.12,593.15
378,7108,7108,siautagulandangbiaro,Siau Tagulandang Biaro Islands,71,Sulawesi Utara,North Sulawesi,7,Sulawesi,Sulawesi,Siau Tagulandang Biaro,289.48,317.66,341.06,359.16,373.59,410.23,432.94,461.58,491.42,515.72,496.46,543.91,559.43,581.12,606.34,617.61
379,7109,7109,minahasatenggara,Southeast Minahasa,71,Sulawesi Utara,North Sulawesi,7,Sulawesi,Sulawesi,Minahasa Tenggara,1072.51,1191.09,1239.49,1285.79,1286.38,1396.81,1475.5,1566.63,1636.06,1727.1,1651.43,1734.76,1762.85,1785.82,1847.28,1855.34
380,7110,7110,bolaangmongondowselatan,South Bolaang Mongondow,71,Sulawesi Utara,North Sulawesi,7,Sulawesi,Sulawesi,Bolaang Mongondow Selatan,230.84,253.28,256.46,266.17,269.99,289.89,310.08,317.26,332.15,352.74,329.52,357.07,373.72,381.19,392.33,400.35
381,7111,7111,bolaangmongondowtimur,East Bolaang Mongondow,71,Sulawesi Utara,North Sulawesi,7,Sulawesi,Sulawesi,Bolaang Mongondow Timur,246.39,266.44,281.1,294.89,304.22,330.94,349.72,367.1,386.07,404.24,381.07,383.59,390.45,402.24,418.71,422.46
382,7171,7171,kotamanado,Manado City,71,Sulawesi Utara,North Sulawesi,7,Sulawesi,Sulawesi,Kota Manado,5782.21,6240.76,6270,6586.36,6843.89,7311.23,7705.18,8221.12,8414.81,9121.62,8568.66,9572.74,9780.92,9978.74,10146.64,10289.75
383,7172,7172,kotabitung,Bitung City,71,Sulawesi Utara,North Sulawesi,7,Sulawesi,Sulawesi,Kota Bitung,2442.03,2575.5,2624.82,2791.88,2859.38,3128.28,3350.48,3606.35,3669.39,3907.03,3781.4,4090.15,4184.88,4294.05,4496.36,4644.17
384,7173,7173,kotatomohon,Tomohon City,71,Sulawesi Utara,North Sulawesi,7,Sulawesi,Sulawesi,Kota Tomohon,1209.25,1365.24,1315.32,1305.26,1339.52,1490.57,1541.45,1631.49,1731.88,1840.38,1728.04,1815.55,1876.59,1883.97,1938.86,1945.88
385,7174,7174,kotakotamobagu,Kotamobagu City,71,Sulawesi Utara,North Sulawesi,7,Sulawesi,Sulawesi,Kota Kotamobagu,484.11,534.47,518.78,499.27,508.1,560.44,601.26,646.2,688.92,736.58,695.84,748.71,752.83,774.53,784.34,795.92
386,7201,7201,banggaikepulauan,Banggai Islands,72,Sulawesi Tengah,Central Sulawesi,7,Sulawesi,Sulawesi,Banggai Kepulauan,546.62,580.28,623.91,665.22,723.33,774.52,824.22,890.08,924.27,1058.8,417.52,433.78,450.22,456.98,476.04,482.86
387,7202,7202,banggai,Banggai,72,Sulawesi Tengah,Central Sulawesi,7,Sulawesi,Sulawesi,Banggai,3646.33,4343.11,4903.33,5418.44,5571.65,6013.17,6769.64,6952.11,5262.04,7295.77,4323.07,4507.51,4646.07,4699.26,4876.03,4896.99
388,7203,7203,morowali,Morowali,72,Sulawesi Tengah,Central Sulawesi,7,Sulawesi,Sulawesi,Morowali,1521.14,1596.83,1745.18,2760.16,4483.07,5780.03,7092.52,7223.86,8076.12,12108.67,10138.62,26837.37,37313.89,37876.61,39511.56,40924.42
389,7204,7204,poso,Poso,72,Sulawesi Tengah,Central Sulawesi,7,Sulawesi,Sulawesi,Poso,1523.17,1631.51,1672.05,1839.11,2033.67,2236.06,2444.24,2697.53,2897.84,3114.32,2943.25,3007.23,3133.23,3161.98,3227.72,3062.68
390,7205,7205,donggala,Donggala,72,Sulawesi Tengah,Central Sulawesi,7,Sulawesi,Sulawesi,Donggala,2098.18,1855.32,2295.28,2089.09,2196.33,2358.07,2515.36,2640.79,2815.64,3008.67,2921.29,3045.86,3247.07,3270.14,3300.27,3328.13
391,7206,7206,tolitoli,Tolitoli,72,Sulawesi Tengah,Central Sulawesi,7,Sulawesi,Sulawesi,Toli-Toli,769.63,852.05,934.83,1059.24,1157.26,1286.34,1417.59,1513.51,1829.71,2073.56,1943.08,2054.95,2178.61,2209.66,2260.27,2264.99
392,7207,7207,buol,Buol,72,Sulawesi Tengah,Central Sulawesi,7,Sulawesi,Sulawesi,Buol,977.57,1050.4,1123.88,1213.78,1291.08,1350.93,1445.07,1500.16,1567.64,1693.73,1491.29,1545.72,1653.06,1669.23,1699.72,1707.45
393,7208,7208,parigimoutong,Parigi Moutong,72,Sulawesi Tengah,Central Sulawesi,7,Sulawesi,Sulawesi,Parigi Moutong,3433.82,3822.34,4104.49,4414.21,4739.49,5084.07,5474.73,5492.05,6366.69,6772.58,6230.08,6508.08,6938.73,6887.76,6892.93,6899.48
394,7209,7209,tojounauna,Tojo Una-Una,72,Sulawesi Tengah,Central Sulawesi,7,Sulawesi,Sulawesi,Tojo Una-Una,441.08,482.6,533.47,602.59,662.53,703.3,746.83,795.24,1013.45,1070.61,987.16,1068.98,1162.41,1165.2,1179.82,1129.11
395,7210,7210,sigi,Sigi,72,Sulawesi Tengah,Central Sulawesi,7,Sulawesi,Sulawesi,Sigi,1351.28,1440.07,1569.52,1737.28,1897.74,2075.57,2235.96,2314.68,2916.16,3226.35,3150.24,3369.97,3512.69,3680,3811.12,3886.31
396,7211,7211,banggailaut,Banggai Laut,72,Sulawesi Tengah,Central Sulawesi,7,Sulawesi,Sulawesi,Banggai Laut,236.98,253.08,269.72,286.49,317.77,334.33,347.03,363.6,486.41,528.71,174.89,185.63,200.42,204.67,213.3,221.05
397,7212,7212,morowaliutara,North Morowali,72,Sulawesi Tengah,Central Sulawesi,7,Sulawesi,Sulawesi,Morowali Utara,631.79,627.47,695.27,841,861.76,1437.94,1581.9,1644.19,1775.89,1898.13,4310.1,8446.34,12214.44,12375.49,12784.94,13089.06
398,7271,7271,kotapalu,Palu City,72,Sulawesi Tengah,Central Sulawesi,7,Sulawesi,Sulawesi,Kota Palu,1724.41,3474.51,3951.86,4441.9,4882.59,5388.69,5582.8,5850.63,6201.86,6898.84,7605.77,8093.32,8435.07,8669.6,8697,8792.92
399,7301,7301,kepulauanselayar,Selayar Islands,73,Sulawesi Selatan,South Sulawesi,7,Sulawesi,Sulawesi,Kepulauan Selayar,725.19,802.73,902.89,1028.07,1119.64,1218.47,1323.85,1438.1,1570.14,1614.61,1643.98,1708.11,1787.68,1848.95,1913.22,1946.89
400,7302,7302,bulukumba,Bulukumba,73,Sulawesi Selatan,South Sulawesi,7,Sulawesi,Sulawesi,Bulukumba,1100.25,1189.91,1364.87,1478.12,1600.57,1730.27,1850.28,2017.65,2171.07,2211.77,2302.14,2391.78,2517.29,2702.71,2827.84,2911.02
401,7303,7303,bantaeng,Bantaeng,73,Sulawesi Selatan,South Sulawesi,7,Sulawesi,Sulawesi,Bantaeng,1125.3,1248.27,1446.53,1627,1795.4,1945.65,2096.95,2342.41,2563.86,2779.15,2804.7,3116.48,3212.36,3427.4,3534.15,3829.8
402,7304,7304,jeneponto,Jeneponto,73,Sulawesi Selatan,South Sulawesi,7,Sulawesi,Sulawesi,Jeneponto,1089.1,1156.65,1264.95,1356.85,1464.64,1591.71,1710.8,2035.32,2293.15,2460.42,2406.25,2438.12,2570.67,2625.75,2686.03,2810.56
403,7305,7305,takalar,Takalar,73,Sulawesi Selatan,South Sulawesi,7,Sulawesi,Sulawesi,Takalar,739.82,762.3,825.59,928,1006.05,1083.28,1173.17,1270.63,1348.46,1408.63,1397.88,1428.71,1549.4,1617.3,1681.3,1707.72
404,7306,7306,gowa,Gowa,73,Sulawesi Selatan,South Sulawesi,7,Sulawesi,Sulawesi,Gowa,1988.08,2191.48,2482.04,2919.81,3108.24,3360.55,3598.81,3884.84,4085.72,4292.95,4334.1,4583.96,4842.7,5033.78,5334.91,5637.23
405,7307,7307,sinjai,Sinjai,73,Sulawesi Selatan,South Sulawesi,7,Sulawesi,Sulawesi,Sinjai,1244.13,1395.94,1604.26,1792.88,1950.21,2128.29,2301.29,2470.99,2628.15,2723.75,2964.3,2910.57,2903.52,3049.93,3223.25,3319.29
406,7308,7308,maros,Maros,73,Sulawesi Selatan,South Sulawesi,7,Sulawesi,Sulawesi,Maros,1447.03,1605.18,1822.74,1999.64,2159.25,2311.47,2496.26,2740,2872.51,3108.6,3380.15,3485.92,3644.45,3683.69,3835.99,4017.41
407,7309,7309,pangkajenedankepulauan,Pangkajene Islands,73,Sulawesi Selatan,South Sulawesi,7,Sulawesi,Sulawesi,Pangkajene dan Kepulauan,1112.74,1235.2,1435.56,1574.04,1693.4,1823.22,1959.58,2126.39,2325.8,2501.76,2581.14,2818.74,2979.15,3099.89,3178.31,3407.14
408,7310,7310,barru,Barru,73,Sulawesi Selatan,South Sulawesi,7,Sulawesi,Sulawesi,Barru,1019.89,1104.12,1259.02,1389.27,1510.34,1638.68,1775.71,1993.18,2152.43,2268.48,2323.46,2454.72,2552.34,2663.84,2861.48,2948.05
409,7311,7311,bone,Bone,73,Sulawesi Selatan,South Sulawesi,7,Sulawesi,Sulawesi,Bone,3426.62,3778.15,4289.24,4739.67,5097.63,5504.43,5922.42,6458.07,6953.76,7356.32,7474.51,7885.66,8371.55,8639.62,8842.12,9149.02
410,7312,7312,soppeng,Soppeng,73,Sulawesi Selatan,South Sulawesi,7,Sulawesi,Sulawesi,Soppeng,1202.85,1339.57,1545.96,1699.37,1843.88,1990.37,2101.26,2303.56,2488.51,2682.86,2780.49,2982.34,3214.53,3347.82,3537.64,3468.07
411,7313,7313,wajo,Wajo,73,Sulawesi Selatan,South Sulawesi,7,Sulawesi,Sulawesi,Wajo,2041.8,2339.17,2699.65,2976.88,3117.76,3333.67,3519.39,3710.29,3800.35,3841.91,3850.89,4035.43,4044.29,4117.85,4258.12,4539.16
412,7314,7314,sidenrengrappang,Sidenreng Rappang,73,Sulawesi Selatan,South Sulawesi,7,Sulawesi,Sulawesi,Sidenreng Rappang,1607.74,1780.54,2007.28,2222.94,2334.4,2482.43,2687.6,2938.46,3080.53,3249.97,3352.99,3526.92,3611.92,3644.99,3837.37,4013.49
413,7315,7315,pinrang,Pinrang,73,Sulawesi Selatan,South Sulawesi,7,Sulawesi,Sulawesi,Pinrang,2139.84,2364.82,2662.19,2965.89,3181.26,3453.8,3731.93,4054.24,4278.5,4565.51,4650.12,4695.96,5085.08,5254,5515.9,5707.82
414,7316,7316,enrekang,Enrekang,73,Sulawesi Selatan,South Sulawesi,7,Sulawesi,Sulawesi,Enrekang,926.76,1011.85,1136,1243.96,1301.2,1426.5,1505.96,1608.95,1702.59,1772.76,1806.33,1897.77,1969.91,2079.15,2087.55,2104.47
415,7317,7317,luwu,Luwu,73,Sulawesi Selatan,South Sulawesi,7,Sulawesi,Sulawesi,Luwu,1660.49,1863.89,2083.12,2284.09,2513.01,2683.68,2856.9,3065.95,3227.13,3438.62,3583.85,3697.82,3915.45,4344.56,4502.19,4731.66
416,7318,7318,tanatoraja,Tana Toraja,73,Sulawesi Selatan,South Sulawesi,7,Sulawesi,Sulawesi,Tana Toraja,707.9,789.23,904.48,1003.15,1072.1,1151.15,1264.75,1365.33,1428.41,1578.25,1506.47,1567.99,1594.74,1671.53,1694.45,1697.59
417,7322,7322,luwuutara,North Luwu,73,Sulawesi Selatan,South Sulawesi,7,Sulawesi,Sulawesi,Luwu Utara,1123.35,1222.26,1356.75,1507.31,1599.46,1764.95,1909.45,2200.96,2362.22,2546.75,2525.09,2559.48,2628.71,2804.95,2783.75,3075.52
418,7325,7325,luwutimur,East Luwu,73,Sulawesi Selatan,South Sulawesi,7,Sulawesi,Sulawesi,Luwu Timur,2186.51,2331.52,2664.67,2954.02,3104.27,3298.01,3512.26,3695.78,3899.79,4103.99,4232.44,4522.16,4750.12,5101.21,5573.4,5794.23
419,7326,7326,torajautara,North Toraja,73,Sulawesi Selatan,South Sulawesi,7,Sulawesi,Sulawesi,Toraja Utara,1015.13,1104.88,1215.74,1341.62,1422.52,1574.1,1670.46,1791.91,1896.8,2021.64,2014.11,2024.84,2082.36,2138.59,2134.83,2244.21
420,7371,7371,kotamakasar,Makassar City,73,Sulawesi Selatan,South Sulawesi,7,Sulawesi,Sulawesi,Kota Makassar,25548.58,28325.3,33542.67,37330.31,41062.14,44549.47,48365.82,52778.92,56439.27,60372.4,61230.83,62601.98,64336.62,66204.32,67853.21,70391.01
421,7372,7372,kotaparepare,Parepare City,73,Sulawesi Selatan,South Sulawesi,7,Sulawesi,Sulawesi,Kota Parepare,1011.15,1128.11,1282.2,1431.22,1528.63,1618.8,1672.34,1741.95,1830.29,1950.56,1942.53,1978.11,2049.92,2095.94,2237.41,2243.89
422,7373,7373,kotapalopo,Palopo City,73,Sulawesi Selatan,South Sulawesi,7,Sulawesi,Sulawesi,Kota Palopo,1068.94,1212.89,1310.62,1423.71,1509.58,1603.55,1729.89,1834.83,1923.48,2046.07,2038.31,2142.2,2317.35,2440.67,2505.69,2616.41
423,7401,7401,buton,Buton,74,Sulawesi Tenggara,Southeast Sulawesi ,7,Sulawesi,Sulawesi,Buton,1481.15,1577.65,1653.62,1761.36,798.35,830.78,897.29,955.7,999.85,1059.49,1045.75,1087.46,1065.78,1079.21,1209.36,1180.8
424,7402,7402,muna,Muna,74,Sulawesi Tenggara,Southeast Sulawesi ,7,Sulawesi,Sulawesi,Muna,1613.05,1707.77,1791.75,1899.21,1392.57,1481.73,1561.91,1689.66,1783.86,1868.82,1855.24,1899.12,1964.96,1967.86,1966.22,2038.2
425,7403,7403,konawe,Konawe,74,Sulawesi Tenggara,Southeast Sulawesi ,7,Sulawesi,Sulawesi,Konawe,1634.77,1722.15,1796.83,1621.24,1781.7,1869.42,1995.2,2171,2303.4,2438.05,2341.09,2453.14,2454.24,2511.79,2630.91,2720.02
426,7404,7404,kolaka,Kolaka,74,Sulawesi Tenggara,Southeast Sulawesi ,7,Sulawesi,Sulawesi,Kolaka,5521.33,5808.85,6057.69,5676.36,7092.11,7307.45,7961.01,8529.35,8935.4,9351.84,9055.67,9584.17,9586.23,9990.41,9839.98,10542.48
427,7405,7405,konaweselatan,South Konawe,74,Sulawesi Tenggara,Southeast Sulawesi ,7,Sulawesi,Sulawesi,Konawe Selatan,1572.81,1679.77,1766.91,1885.58,2181.64,2289.26,2468.23,2698.19,2894.61,3062.02,2981.92,3237.25,3316.81,3524.54,3503.94,3501.4
428,7406,7406,bombana,Bombana,74,Sulawesi Tenggara,Southeast Sulawesi ,7,Sulawesi,Sulawesi,Bombana,766.9,823.15,867.43,934.65,1044.14,1093,1187.68,1279.12,1376.14,1460.1,1462.94,1550.66,1616.27,1635.01,1679.59,1760.62
429,7407,7407,wakatobi,Wakatobi,74,Sulawesi Tenggara,Southeast Sulawesi ,7,Sulawesi,Sulawesi,Wakatobi,519.86,553.68,575.63,617.24,679.51,719.07,778.06,839.87,894.26,963.94,967.41,1031.34,1045.19,1117.92,1183.47,1175.41
430,7408,7408,kolakautara,North Kolaka,74,Sulawesi Tenggara,Southeast Sulawesi ,7,Sulawesi,Sulawesi,Kolaka Utara,1387.38,1471.6,1543.25,1640.17,1806.34,1880.46,2055.32,2237.65,2369.96,2516.38,2550.48,2736.87,2737.5,2841.42,2920.41,2926.17
431,7409,7409,butonutara,North Buton,74,Sulawesi Tenggara,Southeast Sulawesi ,7,Sulawesi,Sulawesi,Buton Utara,471.23,506.03,536.29,577.51,673.25,713.58,766.5,830.4,873.02,923.03,917.74,999.16,1029.16,1052.28,1036.46,1072.18
432,7410,7410,konaweutara,North Konawe,74,Sulawesi Tenggara,Southeast Sulawesi ,7,Sulawesi,Sulawesi,Konawe Utara,445.55,472.31,496.84,529.48,601.9,631.85,662.85,713.01,757.44,802.58,792.84,844.45,876.61,915.83,947.56,936.19
433,7411,7411,kolakatimur,East Kolaka,74,Sulawesi Tenggara,Southeast Sulawesi ,7,Sulawesi,Sulawesi,Kolaka Timur,0,0,0,920.75,982.75,1009.94,1087.86,1167.05,1237.15,1311.44,1289.06,1384.17,1384.47,1436.94,1446.59,1476.61
434,7412,7412,konawekepulauan,Konawe Islands,74,Sulawesi Tenggara,Southeast Sulawesi ,7,Sulawesi,Sulawesi,Konawe Kepulauan,0,0,0,237.35,249.54,258.68,288.95,314.47,331.29,349.96,333.15,355.92,353.65,367.99,368.97,366.51
435,7413,7413,munabarat,West Muna,74,Sulawesi Tenggara,Southeast Sulawesi ,7,Sulawesi,Sulawesi,Muna Barat,0,0,0,0,689.7,742.71,785.02,853.75,908.06,959.78,943.19,992.02,992.74,1069.12,1039.79,1093.84
436,7414,7414,butontengah,Central Buton,74,Sulawesi Tenggara,Southeast Sulawesi ,7,Sulawesi,Sulawesi,Buton Tengah,0,0,0,0,541.88,560.3,600.47,651.36,692.4,735.13,722.58,771.31,773.8,819.74,809.28,835.23
437,7415,7415,butonselatan,South Buton,74,Sulawesi Tenggara,Southeast Sulawesi ,7,Sulawesi,Sulawesi,Buton Selatan,0,0,0,0,636.07,653.3,702.08,759.51,810.91,863.84,846.2,893.87,897.2,926.49,953.73,941.44
438,7471,7471,kotakendari,Kendari City,74,Sulawesi Tenggara,Southeast Sulawesi ,7,Sulawesi,Sulawesi,Kota Kendari,3951.63,4165.83,4362.76,4610.34,5220.2,5576.5,6081.52,6552.76,6923.2,7232.37,7150.47,7527.41,7571.37,7830.2,8203.11,8499.52
439,7472,7472,kotabaubau,Baubau City,74,Sulawesi Tenggara,Southeast Sulawesi ,7,Sulawesi,Sulawesi,Kota Baubau,1657.69,1735.52,1830.25,1935.67,2179.14,2316.8,2481.54,2693.88,2881.82,3098.76,3063.73,3238.5,3275.71,3314.42,3311.29,3314.08
440,7501,7501,boalemo,Boalemo,75,Gorontalo,Gorontalo,7,Sulawesi,Sulawesi,Boalemo,403.87,440.31,478.82,519.46,565.89,619.54,654.81,679.08,709.6,736.8,736.75,745.28,759.5,786.24,825.84,915.47
441,7502,7502,gorontalo,Gorontalo,75,Gorontalo,Gorontalo,7,Sulawesi,Sulawesi,Gorontalo,1859.44,2018.56,2172.23,2341.29,2529.36,2740.39,2890.85,2960.68,3054.62,3153.85,3122.65,3214.42,3272.65,3420.24,3536,3696.95
442,7503,7503,pohuwato,Pohuwato,75,Gorontalo,Gorontalo,7,Sulawesi,Sulawesi,Pohuwato,534.2,578.93,624.23,675.51,733.31,801.18,850.58,887.16,926.52,959.87,954.14,966.49,986.37,1015.09,1034.4,1164.9
443,7504,7504,bonebolango,Bone Bolango,75,Gorontalo,Gorontalo,7,Sulawesi,Sulawesi,Bone Bolango,502.46,543,586.46,634.6,685.32,742.63,786.79,833.56,871.66,900.82,902.57,922.47,939.05,972.62,984.15,1013.81
444,7505,7505,gorontaloutara,North Gorontalo,75,Gorontalo,Gorontalo,7,Sulawesi,Sulawesi,Gorontalo Utara,406.66,442.93,480.58,524.95,572.98,627.87,663.92,690,720.31,746.98,744.47,759.71,777.96,804.87,821.63,828.56
445,7571,7571,kotagorontalo,Gorontalo City,75,Gorontalo,Gorontalo,7,Sulawesi,Sulawesi,Kota Gorontalo,1157.34,1256.24,1362.9,1477.87,1604.05,1750.91,1847.62,1922.71,2014.25,2101.48,2080.58,2126.79,2188.53,2257.29,2329.71,2457.56
446,7601,7601,majene,Majene,76,Sulawesi Barat,West Sulawesi,7,Sulawesi,Sulawesi,Majene,453.88,521.23,567.16,606.97,654.32,705.54,766.79,855.65,896.27,940.71,846.73,911.1,901.62,927.64,1002.81,980.59
447,7602,7602,polewalimandar,Polewali Mandar,76,Sulawesi Barat,West Sulawesi,7,Sulawesi,Sulawesi,Polewali Mandar,1148.67,1352.29,1462.2,1633.94,1730.89,1850.31,2023.05,2219.81,2346.54,2479.98,2293.75,2379.72,2394,2444.59,2540.98,2526.51
448,7603,7603,mamasa,Mamasa,76,Sulawesi Barat,West Sulawesi,7,Sulawesi,Sulawesi,Mamasa,267.34,306.73,338.59,369.01,404.03,456.13,512.01,552.02,582.69,615.54,560.92,611.65,607.85,592.43,616.02,618.82
449,7604,7604,mamuju,Mamuju,76,Sulawesi Barat,West Sulawesi,7,Sulawesi,Sulawesi,Mamuju,1291.15,1437.61,1522.52,1670.14,1875.27,2004.17,2199.27,2365.73,2486.97,2633.04,2419.2,2636.82,2621.97,2721.25,2840.77,2820.56
450,7605,7605,mamujuutara,Pasangkayu,76,Sulawesi Barat,West Sulawesi,7,Sulawesi,Sulawesi,Mamuju Utara,1095.54,1265.29,1401.84,1630.82,1727.53,1812.13,2064.46,2251.38,2363.02,2497.88,2339.02,2506.07,2508.58,2529.94,2619.46,2588.29
451,7606,7606,mamujutengah,Central Mamuju,76,Sulawesi Barat,West Sulawesi,7,Sulawesi,Sulawesi,Mamuju Tengah,0,0,327.2,350.41,397.28,426.83,467.57,503.25,530.53,561.64,542.47,576.11,567.54,590.58,624.62,613.64
452,8101,8101,malukutenggarabarat,Tanimbar Islands,81,Maluku,Maluku,8,Maluku,Maluku,Maluku Tenggara Barat,415.37,497.53,612.91,650.53,694.56,749.23,805.29,857.63,900.18,955.09,959.3,1016.92,1033.1,1040.9,1063.75,1074.81
453,8102,8102,malukutenggara,Southeast Maluku,81,Maluku,Maluku,8,Maluku,Maluku,Maluku Tenggara,360.27,431.44,526.1,579.98,611.12,635.9,668.73,705.57,759.91,791.1,782.42,805.61,818.25,826.46,842.55,849.52
454,8103,8103,malukutengah,Central Maluku,81,Maluku,Maluku,8,Maluku,Maluku,Maluku Tengah,662.21,778.23,942.16,1046.47,1104.2,1136.01,1223.56,1298.89,1377.61,1474.65,1453.36,1518.81,1535,1535.98,1577.27,1578.49
455,8104,8104,buru,Buru,81,Maluku,Maluku,8,Maluku,Maluku,Buru,328.62,386.48,469.8,505.27,536.06,570.6,594.29,644.07,681.69,719.21,703.27,718.83,728.07,729.46,743.73,751
456,8105,8105,kepulauanaru,Aru Islands,81,Maluku,Maluku,8,Maluku,Maluku,Kepulauan Aru,307.07,360.97,438.02,486.68,513.58,542.09,580.12,631.01,666.45,754.61,735.86,755.2,764.74,772.45,791.94,798.86
457,8106,8106,serambagianbarat,West Seram,81,Maluku,Maluku,8,Maluku,Maluku,Seram Bagian Barat,409.14,483.13,586.41,627.11,672.13,715.09,764.24,822.09,888.82,946.46,945.86,989.83,1010.57,1018.14,1041.46,1047.59
458,8107,8107,serambagiantimur,East Seram,81,Maluku,Maluku,8,Maluku,Maluku,Seram Bagian Timur,306.24,363.89,440.99,475.89,491.05,510.43,545.52,582.55,629.47,661.56,657.7,676.9,687.96,695.44,710.57,716.55
459,8108,8108,malukubaratdaya,Southwest Maluku,81,Maluku,Maluku,8,Maluku,Maluku,Maluku Barat Daya,191.96,228.18,275.89,294.92,313.94,322.76,347.77,375.61,408.94,438.16,406.16,425.03,430.63,434.93,445.93,453.89
460,8109,8109,buruselatan,South Buru,81,Maluku,Maluku,8,Maluku,Maluku,Buru Selatan,180.9,215.45,262.31,287.57,304.31,324.43,357.93,393.07,428.98,458.9,449.15,467.07,473.27,475.49,485.51,492.28
461,8171,8171,kotaambon,Ambon City,81,Maluku,Maluku,8,Maluku,Maluku,Kota Ambon,979.02,1142.01,1378.11,1577.39,1670.71,1752.07,1835.7,1946.82,2117.86,2257.45,2183.61,2270.63,2287.63,2305.08,2349.47,2371.83
462,8172,8172,kotatual,Tual City,81,Maluku,Maluku,8,Maluku,Maluku,Kota Tual,244.81,286.57,348.48,384.6,411.43,435.78,457.21,485.12,522.73,553.22,546.11,563.3,568.92,574.63,586.09,591.31
463,8201,8201,halmaherabarat,West Halmahera,82,Maluku Utara,North Maluku ,8,Maluku,Maluku,Halmahera Barat,182.09,212.12,235.34,251.54,264.25,292.19,321.6,347.7,364.92,343.58,162.97,152.12,222.04,156.3,172.66,162.78
464,8202,8202,halmaheratengah,Central Halmahera,82,Maluku Utara,North Maluku ,8,Maluku,Maluku,Halmahera Tengah,288.93,364.07,416.73,440.89,450.76,519.17,593.64,664.56,612.85,1466.58,8667.59,10507.61,18519.05,12681.98,14847.86,21930.85
465,8203,8203,kepulauansula,Sula Islands,82,Maluku Utara,North Maluku ,8,Maluku,Maluku,Kepulauan Sula,276.76,311.55,344.85,358.93,389.42,422.61,449.65,483.75,462.74,428.05,372.85,269,429.46,559,541.53,475.69
466,8204,8204,halmaheraselatan,South Halmahera,82,Maluku Utara,North Maluku ,8,Maluku,Maluku,Halmahera Selatan,449.68,593.32,679.45,755.87,805.16,938.74,1066.81,1396.79,1315.31,5792.6,3475.18,3074.3,5381.08,4796.21,6148.79,5796.12
467,8205,8205,halmaherautara,North Halmahera,82,Maluku Utara,North Maluku ,8,Maluku,Maluku,Halmahera Utara,580.65,718.72,852.21,903.04,911.99,1033.58,1074.12,1163.78,1089.12,1186.61,1236.08,1081.19,1344.39,913.99,944.29,1372.82
468,8206,8206,halmaheratimur,East Halmahera,82,Maluku Utara,North Maluku ,8,Maluku,Maluku,Halmahera Timur,502.56,605.74,656.85,694.74,742.68,791.13,859.73,1026.94,1134.94,1232.39,770.55,961.13,917.67,1355.79,1359.96,1439.8
469,8207,8207,pulaumorotai,Morotai Island,82,Maluku Utara,North Maluku ,8,Maluku,Maluku,Pulau Morotai,165.96,192.55,212.96,231.1,237.16,251.88,273.17,354.36,365.22,373.28,401.29,424.69,472.68,368.92,371.05,344.81
470,8208,8208,pulautaliabu,Taliabu Island,82,Maluku Utara,North Maluku ,8,Maluku,Maluku,Pulau Taliabu,97.21,124.56,139.67,150.12,157.97,175.03,428.41,300.85,128.56,590.1,115.18,473.03,170.82,176.64,225.65,102.35
471,8271,8271,kotaternate,Ternate City,82,Maluku Utara,North Maluku ,8,Maluku,Maluku,Kota Ternate,635.59,728.95,780.46,800.24,874.86,916.44,992.94,1130.17,1180.6,1194.17,1193.68,1152.1,1896.32,2484.13,1308.27,1100.06
472,8272,8272,kotatidorekepulauan,Tidore Islands City,82,Maluku Utara,North Maluku ,8,Maluku,Maluku,Kota Tidore Kepulauan,251.75,292.6,314.67,332.51,348.88,369.43,406.13,476.39,495.4,525.31,509.57,503.86,656.11,544.38,568.44,416.07
473,9101,9101,fakfak,Fakfak,91,Papua Barat,West Papua,9,Papua,Papua,Fakfak,919.04,971.06,990.7,1139.48,1132.44,1199.63,1226.95,1270.31,1305.13,1330.46,1302.93,1300.86,1270.01,1270.66,1158.14,1183.16
474,9102,9102,kaimana,Kaimana,91,Papua Barat,West Papua,9,Papua,Papua,Kaimana,352.18,378.98,400.8,447.06,449.06,492.62,515.61,520.22,524.13,528.1,505.7,463.05,427.43,412.65,423.65,429.67
475,9103,9103,telukwondama,Teluk Bintuni,91,Papua Barat,West Papua,9,Papua,Papua,Teluk Wondama,195.12,211.41,222.08,263.42,265.77,286.22,301.64,317.99,327.65,331.36,319.16,316.1,320.87,321.13,321.47,326.48
476,9104,9104,telukbintuni,Teluk Bintuni,91,Papua Barat,West Papua,9,Papua,Papua,Teluk Bintuni,374.61,397.38,409.07,476.73,487.04,527.82,545.5,586.53,715.88,2233.07,2181.37,2159.65,2052.47,1720.5,1407.77,1297
477,9105,9105,manokwari,Manokwari,91,Papua Barat,West Papua,9,Papua,Papua,Manokwari,1877.73,2059.3,2179,2455.88,2495.71,2684.94,2943.25,2984.11,3013.7,2741.87,2559.12,2594.47,2381.14,1582.35,1809.93,1713.13
478,9111,9111,manokwariselatan,South Manokwari,92,Papua Barat,West Papua,9,Papua,Papua,Manokwari Selatan,0,0,25.25,28.49,30.47,32.81,33.43,34.43,36.05,36.01,37.47,40.69,40.61,39.52,39.01,40.14
479,9112,9112,pegununganarfak,Pegunungan Arfak,92,Papua Barat ,West Papua,9,Papua,Papua,Pegunungan Arfak,0,0,11.37,12.41,14.23,15.47,16.03,16.54,17.28,18.83,18.92,32.59,53.81,62.58,64.59,64.81
480,9201,9108,rajaampat,Raja Ampat,92,Papua Barat Daya,Southwest Papua ,9,Papua,Papua,Raja Ampat,203.72,225.82,233.28,269.16,280.47,311.22,324.29,332.67,347.52,355.23,331.15,348.03,353.18,328.02,315.14,310.75
481,9202,9107,sorong,Sorong,91,Papua Barat Daya,Southwest Papua ,9,Papua,Papua,Sorong,967.94,1023.54,1036.87,1096.38,1115.24,1214.91,1288.41,1365.19,1486.08,1530.56,1482.66,1421.24,1408.46,1393.83,1413.95,1428.46
482,9203,9106,sorongselatan,South Sorong,91,Papua Barat Daya,Southwest Papua ,9,Papua,Papua,Sorong Selatan,263.78,286.59,309.93,351.63,357.57,392.45,409.38,436.34,457.39,471.87,453.1,428.56,440.5,413.58,365.3,356.22
483,9204,9110,maybrat,Maybrat,92,Papua Barat Daya,Southwest Papua ,9,Papua,Papua,Maybrat,66.99,72.03,73.81,85.18,88.62,96.12,98.63,102.39,106.77,112.12,110.3,113.68,116.02,102.82,106.07,98.45
484,9205,9109,tambrauw,Tambrauw,92,Papua Barat Daya,Southwest Papua ,9,Papua,Papua,Tambrauw,24.06,25.3,27.15,29.66,30.58,32.18,33.84,35.76,37.14,39.22,37.41,37.74,39.03,35.4,35.64,37.99
485,9271,9171,kotasorong,Sorong City,92,Papua Barat Daya,Southwest Papua ,9,Papua,Papua,Kota Sorong,1618.14,1767.32,1843.83,2112.99,2236.47,2575.94,2679.39,2816.14,2866.13,2332.23,2040.34,2104.44,1667.23,1495.9,1554.45,1546.85
486,9403,9403,jayapura,Jayapura,94,Papua,Papua,9,Papua,Papua,Jayapura,1193.45,1221.72,1340.95,1438.17,1567.41,1660.95,1765.34,1938.59,2106.72,2289.4,2378.79,2590.65,2659.38,2744.32,2829.57,2832.51
487,9408,9408,kepulauanyapen,Yapen Islands,94,Papua,Papua,9,Papua,Papua,Kepulauan Yapen,394.12,420.62,443.23,474.27,515.34,550.39,583.85,612.5,641.78,662.17,648.31,661.5,667.21,666.78,674.68,678.94
488,9409,9409,biaknumfor,Biak Numfor,94,Papua,Papua,9,Papua,Papua,Biak Numfor,489.27,514.79,529.86,573.32,615.24,653.8,699.64,548.5,582.05,593.49,532.63,578.87,599.89,623.78,640.37,644.33
489,9419,9419,sarmi,Sarmi,94,Papua,Papua,9,Papua,Papua,Sarmi,442.03,468.45,508.66,548.25,597.46,637.25,673.39,700.41,753.36,799.68,824.88,848.26,888.43,917.83,937.06,941.89
490,9420,9420,keerom,Keerom,94,Papua,Papua,9,Papua,Papua,Keerom,565.62,613.17,648.79,699.26,763.72,813.16,860.49,904.56,951.26,997.95,994.07,1019.05,1043.73,1064.43,1093.87,1095.86
491,9426,9426,waropen,Waropen,94,Papua,Papua,9,Papua,Papua,Waropen,345.32,371.22,394.07,428.07,468.31,509.31,555.85,602.29,647.22,673.85,650.62,682.94,708.98,680.33,699.08,706.24
492,9427,9427,supiori,Supiori,94,Papua,Papua,9,Papua,Papua,Supiori,218.21,235.34,244.46,264.31,285.68,302.07,321.59,342.83,370,393.91,414.17,481.28,489.76,505.12,513.9,525.64
493,9428,9428,mamberamoraya,Mamberamo Raya,94,Papua,Papua,9,Papua,Papua,Mamberamo Raya,263.35,284.95,303.78,329.17,357.97,386.12,413.21,435.26,463.93,494.18,480.26,491.06,508.19,528.96,542.03,549.87
494,9471,9471,kotajayapura,Jayapura City,94,Papua,Papua,9,Papua,Papua,Kota Jayapura,6948.48,7417.56,7714.77,8326.15,7309.05,7916.63,8459.22,8844.37,9109.76,9542.17,9553.5,10148.02,10362.55,10614.92,10792.21,10874.01
495,9501,9401,merauke,Merauke,95,Papua Selatan,South Papua,9,Papua,Papua,Merauke,1637.16,1746.64,1813.77,1959.47,2122.48,2226.26,2356.07,2515.3,2646.3,2772.8,2775.71,3007.24,3212.17,3351.99,3510.41,3618.25
496,9502,9413,bovendigoel,Boven Digoel,95,Papua Selatan,South Papua,9,Papua,Papua,Boven Digoel,1182.02,1261.31,1300.44,1402.52,690.05,746.66,799.54,855.22,923.27,973.81,970.64,1017.51,1028.96,1075.56,1116.47,1112.96
497,9503,9414,mappi,Mappi,95,Papua Selatan,South Papua,9,Papua,Papua,Mappi,479.32,512.85,543.85,584.32,638.39,688.85,741.46,807.71,881,947.37,900.13,979.68,1033.04,1078.94,1120.53,1143.32
498,9504,9415,asmat,Asmat,95,Papua Selatan,South Papua,9,Papua,Papua,Asmat,433.12,465.32,487.05,526.97,572.62,595.6,636.5,677.43,719.73,767.71,778.81,850.82,874.81,919.42,944.47,966.01
499,9601,9412,mimika,Mimika,96,Papua Tengah,Central Papua,9,Papua,Papua,Mimika,4884.36,5230.71,5424.43,5863.21,9124.76,9785.69,10429.4,10803.01,11590.72,12208.56,11785.92,13574.88,13528.17,13979.12,14259.61,13990.28
500,9602,9434,dogiyai,Dogiyai,96,Papua Tengah,Central Papua,9,Papua,Papua,Dogiyai,201.26,218.35,229.22,244.91,267.22,288.71,309.09,335.27,359.21,381.34,392.98,401.83,415.72,428.9,436.04,442.3
501,9603,9436,deiyai,Deiyai,96,Papua Tengah,Central Papua,9,Papua,Papua,Deiyai,233.5,250.23,261.65,281.34,307.78,339.86,370.34,379.42,408.51,423.38,433.47,453.82,466.96,477.55,492.19,486.66
502,9604,9404,nabire,Nabire,96,Papua Tengah,Central Papua,9,Papua,Papua,Nabire,886.47,962.03,1004.28,1069.99,1171.92,1263.39,1375.4,1483.97,1559.83,1615.49,1626.02,1801.2,1938.5,2005.78,2055.58,2137.54
503,9605,9410,paniai,Paniai,96,Papua Tengah,Central Papua,9,Papua,Papua,Paniai,611.18,654.57,688.2,738.17,807.98,860.79,919.61,972.81,1029.95,1086.46,1125.88,1171.96,1269.58,1289.92,1321.83,1300.86
504,9606,9435,intanjaya,Intan Jaya,96,Papua Tengah,Central Papua,9,Papua,Papua,Intan Jaya,193.48,208.68,219.34,236.95,258.45,281.05,305.87,323.69,338.85,354.42,359.45,379.99,407.07,415.45,420.74,432.28
505,9607,9433,puncak,Puncak,96,Papua Tengah,Central Papua,9,Papua,Papua,Puncak,232.68,249.32,263.93,284.28,308.49,326.54,350.17,371.9,397.04,419.73,440.75,501.87,514.65,526.9,541.19,544.66
506,9608,9411,puncakjaya,Puncak Jaya,96,Papua Tengah,Central Papua,9,Papua,Papua,Puncak Jaya,230.2,244.41,254.12,273.41,296.1,325.22,357.16,368.87,388.75,403.43,396.76,436.31,447.59,452.35,470.52,464.89
507,9701,9429,nduga,Nduga,97,Papua Pegunungan,Papua Pegunungan,9,Papua,Papua,Nduga,198.35,211.01,225.18,243.78,264.91,285.68,309.24,325.39,350.62,376.33,395.62,444.69,483.18,501.5,513.6,516.38
508,9702,9402,jayawijaya,Jayawijaya,97,Papua Pegunungan,Papua Pegunungan,9,Papua,Papua,Jayawijaya,964.01,1030.61,1081.12,1147.76,1246.88,1355.25,1461.8,1705.4,2076.62,2304.59,2329.8,2461.97,2482.96,2560.02,2691.44,2702.61
509,9703,9430,lannyjaya,Lanny Jaya,97,Papua Pegunungan,Papua Pegunungan,9,Papua,Papua,Lanny Jaya,299.23,317.57,331.61,358.96,392.05,420.7,450.12,482.05,517.91,556.26,582.52,637.37,658.21,675.25,694.42,696.31
510,9704,9418,tolikara,Tolikara,97,Papua Pegunungan,Papua Pegunungan,9,Papua,Papua,Tolikara,274.4,296.82,311.84,335.77,366.64,399.63,430.88,468.11,488.23,508.59,516.85,537.11,549.12,565.91,580.97,580.69
511,9705,9431,mamberamotengah,Central Mamberamo,97,Papua Pegunungan,Papua Pegunungan,9,Papua,Papua,Mamberamo Tengah,201.37,216.42,228.51,247.45,269.31,288.98,310.46,324.55,343.24,361.12,371.56,414.51,433.98,447.68,463.69,460.61
512,9706,9432,yalimo,Yalimo,97,Papua Pegunungan,Papua Pegunungan,9,Papua,Papua,Yalimo,204.5,218.9,233.32,250.68,272.34,296.46,320.08,344.92,370.16,393.29,409.71,456.24,469.18,486.05,501.14,502.81
513,9707,9416,yahukimo,Yahukimo,97,Papua Pegunungan,Papua Pegunungan,9,Papua,Papua,Yahukimo,480.45,511.81,530.55,574.71,626.67,669.68,711.58,747.6,812.92,856.75,876.21,932.65,943.42,972.94,1008.38,1016.03
514,9708,9417,pegununganbintang,Pegunungan Bintang,97,Papua Pegunungan,Papua Pegunungan,9,Papua,Papua,Pegunungan Bintang,322.86,347.37,367.95,399.93,433.08,460.54,488.8,516.96,540.81,557.78,565.66,588.31,616.64,633.14,644.1,642.72